image,label
/var/scratch/adam/cassava-raw/cassavaleafdata/train/healthy/train-healthy-306.jpg,4
/var/scratch/adam/cassava-raw/cassavaleafdata/train/cmd/train-cmd-438.jpg,3
/var/scratch/adam/cassava-raw/cassavaleafdata/train/cgm/train-cgm-552.jpg,2
/var/scratch/adam/cassava-raw/cassavaleafdata/train/cbsd/train-cbsd-658.jpg,1
/var/scratch/adam/cassava-raw/cassavaleafdata/train/cmd/train-cmd-1687.jpg,3
/var/scratch/adam/cassava-raw/cassavaleafdata/train/cmd/train-cmd-35.jpg,3
/var/scratch/adam/cassava-raw/cassavaleafdata/train/cgm/train-cgm-478.jpg,2
/var/scratch/adam/cassava-raw/cassavaleafdata/train/cgm/train-cgm-498.jpg,2
/var/scratch/adam/cassava-raw/cassavaleafdata/train/cmd/train-cmd-2275.jpg,3
/var/scratch/adam/cassava-raw/cassavaleafdata/train/cgm/train-cgm-190.jpg,2
/var/scratch/adam/cassava-raw/cassavaleafdata/train/cmd/train-cmd-1694.jpg,3
/var/scratch/adam/cassava-raw/cassavaleafdata/train/cbsd/train-cbsd-912.jpg,1
/var/scratch/adam/cassava-raw/cassavaleafdata/train/cgm/train-cgm-668.jpg,2
/var/scratch/adam/cassava-raw/cassavaleafdata/train/cbb/train-cbb-30.jpg,0
/var/scratch/adam/cassava-raw/cassavaleafdata/train/healthy/train-healthy-149.jpg,4
/var/scratch/adam/cassava-raw/cassavaleafdata/train/cmd/train-cmd-1093.jpg,3
/var/scratch/adam/cassava-raw/cassavaleafdata/train/healthy/train-healthy-81.jpg,4
/var/scratch/adam/cassava-raw/cassavaleafdata/train/cmd/train-cmd-711.jpg,3
/var/scratch/adam/cassava-raw/cassavaleafdata/train/cmd/train-cmd-156.jpg,3
/var/scratch/adam/cassava-raw/cassavaleafdata/train/cmd/train-cmd-515.jpg,3
/var/scratch/adam/cassava-raw/cassavaleafdata/train/cbsd/train-cbsd-608.jpg,1
/var/scratch/adam/cassava-raw/cassavaleafdata/train/cmd/train-cmd-1823.jpg,3
/var/scratch/adam/cassava-raw/cassavaleafdata/train/cmd/train-cmd-45.jpg,3
/var/scratch/adam/cassava-raw/cassavaleafdata/train/cbsd/train-cbsd-273.jpg,1
/var/scratch/adam/cassava-raw/cassavaleafdata/train/cmd/train-cmd-2096.jpg,3
/var/scratch/adam/cassava-raw/cassavaleafdata/train/cmd/train-cmd-1183.jpg,3
/var/scratch/adam/cassava-raw/cassavaleafdata/train/cbb/train-cbb-439.jpg,0
/var/scratch/adam/cassava-raw/cassavaleafdata/train/cmd/train-cmd-2313.jpg,3
/var/scratch/adam/cassava-raw/cassavaleafdata/train/cbsd/train-cbsd-1205.jpg,1
/var/scratch/adam/cassava-raw/cassavaleafdata/train/healthy/train-healthy-242.jpg,4
/var/scratch/adam/cassava-raw/cassavaleafdata/train/cmd/train-cmd-2385.jpg,3
/var/scratch/adam/cassava-raw/cassavaleafdata/train/cbsd/train-cbsd-1347.jpg,1
/var/scratch/adam/cassava-raw/cassavaleafdata/train/cmd/train-cmd-1826.jpg,3
/var/scratch/adam/cassava-raw/cassavaleafdata/train/cmd/train-cmd-1327.jpg,3
/var/scratch/adam/cassava-raw/cassavaleafdata/train/cmd/train-cmd-2239.jpg,3
/var/scratch/adam/cassava-raw/cassavaleafdata/train/cgm/train-cgm-614.jpg,2
/var/scratch/adam/cassava-raw/cassavaleafdata/train/cmd/train-cmd-804.jpg,3
/var/scratch/adam/cassava-raw/cassavaleafdata/train/cmd/train-cmd-338.jpg,3
/var/scratch/adam/cassava-raw/cassavaleafdata/train/cmd/train-cmd-2117.jpg,3
/var/scratch/adam/cassava-raw/cassavaleafdata/train/cbb/train-cbb-156.jpg,0
/var/scratch/adam/cassava-raw/cassavaleafdata/train/cmd/train-cmd-1171.jpg,3
/var/scratch/adam/cassava-raw/cassavaleafdata/train/cgm/train-cgm-240.jpg,2
/var/scratch/adam/cassava-raw/cassavaleafdata/train/cbsd/train-cbsd-1396.jpg,1
/var/scratch/adam/cassava-raw/cassavaleafdata/train/cgm/train-cgm-265.jpg,2
/var/scratch/adam/cassava-raw/cassavaleafdata/train/cbsd/train-cbsd-146.jpg,1
/var/scratch/adam/cassava-raw/cassavaleafdata/train/cbsd/train-cbsd-1393.jpg,1
/var/scratch/adam/cassava-raw/cassavaleafdata/train/cmd/train-cmd-975.jpg,3
/var/scratch/adam/cassava-raw/cassavaleafdata/train/cmd/train-cmd-1821.jpg,3
/var/scratch/adam/cassava-raw/cassavaleafdata/train/cmd/train-cmd-798.jpg,3
/var/scratch/adam/cassava-raw/cassavaleafdata/train/cmd/train-cmd-2563.jpg,3
/var/scratch/adam/cassava-raw/cassavaleafdata/train/cgm/train-cgm-176.jpg,2
/var/scratch/adam/cassava-raw/cassavaleafdata/train/cbsd/train-cbsd-3.jpg,1
/var/scratch/adam/cassava-raw/cassavaleafdata/train/cbsd/train-cbsd-523.jpg,1
/var/scratch/adam/cassava-raw/cassavaleafdata/train/cbsd/train-cbsd-737.jpg,1
/var/scratch/adam/cassava-raw/cassavaleafdata/train/cgm/train-cgm-291.jpg,2
/var/scratch/adam/cassava-raw/cassavaleafdata/train/cgm/train-cgm-555.jpg,2
/var/scratch/adam/cassava-raw/cassavaleafdata/train/cgm/train-cgm-57.jpg,2
/var/scratch/adam/cassava-raw/cassavaleafdata/train/cmd/train-cmd-1551.jpg,3
/var/scratch/adam/cassava-raw/cassavaleafdata/train/cmd/train-cmd-1456.jpg,3
/var/scratch/adam/cassava-raw/cassavaleafdata/train/cmd/train-cmd-2588.jpg,3
/var/scratch/adam/cassava-raw/cassavaleafdata/train/cmd/train-cmd-1807.jpg,3
/var/scratch/adam/cassava-raw/cassavaleafdata/train/cmd/train-cmd-341.jpg,3
/var/scratch/adam/cassava-raw/cassavaleafdata/train/cbb/train-cbb-141.jpg,0
/var/scratch/adam/cassava-raw/cassavaleafdata/train/cmd/train-cmd-1427.jpg,3
/var/scratch/adam/cassava-raw/cassavaleafdata/train/cmd/train-cmd-284.jpg,3
/var/scratch/adam/cassava-raw/cassavaleafdata/train/cmd/train-cmd-829.jpg,3
/var/scratch/adam/cassava-raw/cassavaleafdata/train/cmd/train-cmd-2584.jpg,3
/var/scratch/adam/cassava-raw/cassavaleafdata/train/cbsd/train-cbsd-1430.jpg,1
/var/scratch/adam/cassava-raw/cassavaleafdata/train/cgm/train-cgm-124.jpg,2
/var/scratch/adam/cassava-raw/cassavaleafdata/train/cbsd/train-cbsd-515.jpg,1
/var/scratch/adam/cassava-raw/cassavaleafdata/train/cmd/train-cmd-2479.jpg,3
/var/scratch/adam/cassava-raw/cassavaleafdata/train/cmd/train-cmd-2411.jpg,3
/var/scratch/adam/cassava-raw/cassavaleafdata/train/cmd/train-cmd-1963.jpg,3
/var/scratch/adam/cassava-raw/cassavaleafdata/train/cmd/train-cmd-371.jpg,3
/var/scratch/adam/cassava-raw/cassavaleafdata/train/cmd/train-cmd-1190.jpg,3
/var/scratch/adam/cassava-raw/cassavaleafdata/train/cgm/train-cgm-743.jpg,2
/var/scratch/adam/cassava-raw/cassavaleafdata/train/cmd/train-cmd-1406.jpg,3
/var/scratch/adam/cassava-raw/cassavaleafdata/train/cbb/train-cbb-243.jpg,0
/var/scratch/adam/cassava-raw/cassavaleafdata/train/cmd/train-cmd-859.jpg,3
/var/scratch/adam/cassava-raw/cassavaleafdata/train/cmd/train-cmd-2148.jpg,3
/var/scratch/adam/cassava-raw/cassavaleafdata/train/cmd/train-cmd-994.jpg,3
/var/scratch/adam/cassava-raw/cassavaleafdata/train/cbsd/train-cbsd-424.jpg,1
/var/scratch/adam/cassava-raw/cassavaleafdata/train/healthy/train-healthy-41.jpg,4
/var/scratch/adam/cassava-raw/cassavaleafdata/train/cmd/train-cmd-1464.jpg,3
/var/scratch/adam/cassava-raw/cassavaleafdata/train/cgm/train-cgm-315.jpg,2
/var/scratch/adam/cassava-raw/cassavaleafdata/train/cmd/train-cmd-2222.jpg,3
/var/scratch/adam/cassava-raw/cassavaleafdata/train/healthy/train-healthy-126.jpg,4
/var/scratch/adam/cassava-raw/cassavaleafdata/train/cgm/train-cgm-727.jpg,2
/var/scratch/adam/cassava-raw/cassavaleafdata/train/cgm/train-cgm-626.jpg,2
/var/scratch/adam/cassava-raw/cassavaleafdata/train/cmd/train-cmd-390.jpg,3
/var/scratch/adam/cassava-raw/cassavaleafdata/train/cbsd/train-cbsd-119.jpg,1
/var/scratch/adam/cassava-raw/cassavaleafdata/train/healthy/train-healthy-153.jpg,4
/var/scratch/adam/cassava-raw/cassavaleafdata/train/cmd/train-cmd-1037.jpg,3
/var/scratch/adam/cassava-raw/cassavaleafdata/train/cbsd/train-cbsd-1253.jpg,1
/var/scratch/adam/cassava-raw/cassavaleafdata/train/cmd/train-cmd-2244.jpg,3
/var/scratch/adam/cassava-raw/cassavaleafdata/train/healthy/train-healthy-278.jpg,4
/var/scratch/adam/cassava-raw/cassavaleafdata/train/cmd/train-cmd-2398.jpg,3
/var/scratch/adam/cassava-raw/cassavaleafdata/train/cbsd/train-cbsd-688.jpg,1
/var/scratch/adam/cassava-raw/cassavaleafdata/train/cbb/train-cbb-312.jpg,0
/var/scratch/adam/cassava-raw/cassavaleafdata/train/cbb/train-cbb-40.jpg,0
/var/scratch/adam/cassava-raw/cassavaleafdata/train/cgm/train-cgm-758.jpg,2
/var/scratch/adam/cassava-raw/cassavaleafdata/train/cmd/train-cmd-809.jpg,3
/var/scratch/adam/cassava-raw/cassavaleafdata/train/cmd/train-cmd-2403.jpg,3
/var/scratch/adam/cassava-raw/cassavaleafdata/train/cmd/train-cmd-576.jpg,3
/var/scratch/adam/cassava-raw/cassavaleafdata/train/cmd/train-cmd-2342.jpg,3
/var/scratch/adam/cassava-raw/cassavaleafdata/train/cmd/train-cmd-1679.jpg,3
/var/scratch/adam/cassava-raw/cassavaleafdata/train/cbb/train-cbb-367.jpg,0
/var/scratch/adam/cassava-raw/cassavaleafdata/train/cbsd/train-cbsd-366.jpg,1
/var/scratch/adam/cassava-raw/cassavaleafdata/train/cgm/train-cgm-289.jpg,2
/var/scratch/adam/cassava-raw/cassavaleafdata/train/cbsd/train-cbsd-69.jpg,1
/var/scratch/adam/cassava-raw/cassavaleafdata/train/healthy/train-healthy-274.jpg,4
/var/scratch/adam/cassava-raw/cassavaleafdata/train/cbb/train-cbb-160.jpg,0
/var/scratch/adam/cassava-raw/cassavaleafdata/train/cgm/train-cgm-227.jpg,2
/var/scratch/adam/cassava-raw/cassavaleafdata/train/cbsd/train-cbsd-341.jpg,1
/var/scratch/adam/cassava-raw/cassavaleafdata/train/cmd/train-cmd-1632.jpg,3
/var/scratch/adam/cassava-raw/cassavaleafdata/train/cmd/train-cmd-2596.jpg,3
/var/scratch/adam/cassava-raw/cassavaleafdata/train/cmd/train-cmd-1794.jpg,3
/var/scratch/adam/cassava-raw/cassavaleafdata/train/cbsd/train-cbsd-244.jpg,1
/var/scratch/adam/cassava-raw/cassavaleafdata/train/cmd/train-cmd-1105.jpg,3
/var/scratch/adam/cassava-raw/cassavaleafdata/train/cbsd/train-cbsd-456.jpg,1
/var/scratch/adam/cassava-raw/cassavaleafdata/train/cmd/train-cmd-2642.jpg,3
/var/scratch/adam/cassava-raw/cassavaleafdata/train/cmd/train-cmd-1655.jpg,3
/var/scratch/adam/cassava-raw/cassavaleafdata/train/cmd/train-cmd-490.jpg,3
/var/scratch/adam/cassava-raw/cassavaleafdata/train/cmd/train-cmd-1505.jpg,3
/var/scratch/adam/cassava-raw/cassavaleafdata/train/cbb/train-cbb-434.jpg,0
/var/scratch/adam/cassava-raw/cassavaleafdata/train/cbsd/train-cbsd-199.jpg,1
/var/scratch/adam/cassava-raw/cassavaleafdata/train/cmd/train-cmd-2250.jpg,3
/var/scratch/adam/cassava-raw/cassavaleafdata/train/cmd/train-cmd-208.jpg,3
/var/scratch/adam/cassava-raw/cassavaleafdata/train/cmd/train-cmd-643.jpg,3
/var/scratch/adam/cassava-raw/cassavaleafdata/train/cmd/train-cmd-542.jpg,3
/var/scratch/adam/cassava-raw/cassavaleafdata/train/cmd/train-cmd-446.jpg,3
/var/scratch/adam/cassava-raw/cassavaleafdata/train/cmd/train-cmd-59.jpg,3
/var/scratch/adam/cassava-raw/cassavaleafdata/train/healthy/train-healthy-315.jpg,4
/var/scratch/adam/cassava-raw/cassavaleafdata/train/cgm/train-cgm-200.jpg,2
/var/scratch/adam/cassava-raw/cassavaleafdata/train/cbsd/train-cbsd-690.jpg,1
/var/scratch/adam/cassava-raw/cassavaleafdata/train/cmd/train-cmd-2416.jpg,3
/var/scratch/adam/cassava-raw/cassavaleafdata/train/cmd/train-cmd-779.jpg,3
/var/scratch/adam/cassava-raw/cassavaleafdata/train/cbsd/train-cbsd-123.jpg,1
/var/scratch/adam/cassava-raw/cassavaleafdata/train/cbb/train-cbb-227.jpg,0
/var/scratch/adam/cassava-raw/cassavaleafdata/train/cmd/train-cmd-71.jpg,3
/var/scratch/adam/cassava-raw/cassavaleafdata/train/cmd/train-cmd-2310.jpg,3
/var/scratch/adam/cassava-raw/cassavaleafdata/train/cbsd/train-cbsd-1042.jpg,1
/var/scratch/adam/cassava-raw/cassavaleafdata/train/cmd/train-cmd-658.jpg,3
/var/scratch/adam/cassava-raw/cassavaleafdata/train/cmd/train-cmd-846.jpg,3
/var/scratch/adam/cassava-raw/cassavaleafdata/train/cgm/train-cgm-331.jpg,2
/var/scratch/adam/cassava-raw/cassavaleafdata/train/cmd/train-cmd-1998.jpg,3
/var/scratch/adam/cassava-raw/cassavaleafdata/train/cmd/train-cmd-393.jpg,3
/var/scratch/adam/cassava-raw/cassavaleafdata/train/cmd/train-cmd-1404.jpg,3
/var/scratch/adam/cassava-raw/cassavaleafdata/train/cmd/train-cmd-168.jpg,3
/var/scratch/adam/cassava-raw/cassavaleafdata/train/cbsd/train-cbsd-552.jpg,1
/var/scratch/adam/cassava-raw/cassavaleafdata/train/cmd/train-cmd-1740.jpg,3
/var/scratch/adam/cassava-raw/cassavaleafdata/train/cbsd/train-cbsd-371.jpg,1
/var/scratch/adam/cassava-raw/cassavaleafdata/train/cmd/train-cmd-1211.jpg,3
/var/scratch/adam/cassava-raw/cassavaleafdata/train/cbsd/train-cbsd-1058.jpg,1
/var/scratch/adam/cassava-raw/cassavaleafdata/train/cbsd/train-cbsd-614.jpg,1
/var/scratch/adam/cassava-raw/cassavaleafdata/train/cmd/train-cmd-1135.jpg,3
/var/scratch/adam/cassava-raw/cassavaleafdata/train/cmd/train-cmd-1003.jpg,3
/var/scratch/adam/cassava-raw/cassavaleafdata/train/cmd/train-cmd-1266.jpg,3
/var/scratch/adam/cassava-raw/cassavaleafdata/train/cbsd/train-cbsd-1407.jpg,1
/var/scratch/adam/cassava-raw/cassavaleafdata/train/cbsd/train-cbsd-1.jpg,1
/var/scratch/adam/cassava-raw/cassavaleafdata/train/cbsd/train-cbsd-1312.jpg,1
/var/scratch/adam/cassava-raw/cassavaleafdata/train/cmd/train-cmd-2615.jpg,3
/var/scratch/adam/cassava-raw/cassavaleafdata/train/cbb/train-cbb-218.jpg,0
/var/scratch/adam/cassava-raw/cassavaleafdata/train/cgm/train-cgm-252.jpg,2
/var/scratch/adam/cassava-raw/cassavaleafdata/train/cbsd/train-cbsd-1404.jpg,1
/var/scratch/adam/cassava-raw/cassavaleafdata/train/cbsd/train-cbsd-883.jpg,1
/var/scratch/adam/cassava-raw/cassavaleafdata/train/cmd/train-cmd-2654.jpg,3
/var/scratch/adam/cassava-raw/cassavaleafdata/train/cbb/train-cbb-120.jpg,0
/var/scratch/adam/cassava-raw/cassavaleafdata/train/cbsd/train-cbsd-1027.jpg,1
/var/scratch/adam/cassava-raw/cassavaleafdata/train/cmd/train-cmd-1057.jpg,3
/var/scratch/adam/cassava-raw/cassavaleafdata/train/cmd/train-cmd-760.jpg,3
/var/scratch/adam/cassava-raw/cassavaleafdata/train/cmd/train-cmd-922.jpg,3
/var/scratch/adam/cassava-raw/cassavaleafdata/train/cmd/train-cmd-381.jpg,3
/var/scratch/adam/cassava-raw/cassavaleafdata/train/cmd/train-cmd-1714.jpg,3
/var/scratch/adam/cassava-raw/cassavaleafdata/train/cbsd/train-cbsd-1014.jpg,1
/var/scratch/adam/cassava-raw/cassavaleafdata/train/cbsd/train-cbsd-734.jpg,1
/var/scratch/adam/cassava-raw/cassavaleafdata/train/cgm/train-cgm-344.jpg,2
/var/scratch/adam/cassava-raw/cassavaleafdata/train/cbsd/train-cbsd-990.jpg,1
/var/scratch/adam/cassava-raw/cassavaleafdata/train/cbsd/train-cbsd-1316.jpg,1
/var/scratch/adam/cassava-raw/cassavaleafdata/train/cmd/train-cmd-2345.jpg,3
/var/scratch/adam/cassava-raw/cassavaleafdata/train/cbb/train-cbb-228.jpg,0
/var/scratch/adam/cassava-raw/cassavaleafdata/train/cmd/train-cmd-2290.jpg,3
/var/scratch/adam/cassava-raw/cassavaleafdata/train/cmd/train-cmd-2577.jpg,3
/var/scratch/adam/cassava-raw/cassavaleafdata/train/cmd/train-cmd-985.jpg,3
/var/scratch/adam/cassava-raw/cassavaleafdata/train/cmd/train-cmd-505.jpg,3
/var/scratch/adam/cassava-raw/cassavaleafdata/train/cbb/train-cbb-456.jpg,0
/var/scratch/adam/cassava-raw/cassavaleafdata/train/cbsd/train-cbsd-1327.jpg,1
/var/scratch/adam/cassava-raw/cassavaleafdata/train/cmd/train-cmd-1940.jpg,3
/var/scratch/adam/cassava-raw/cassavaleafdata/train/cmd/train-cmd-158.jpg,3
/var/scratch/adam/cassava-raw/cassavaleafdata/train/cmd/train-cmd-1417.jpg,3
/var/scratch/adam/cassava-raw/cassavaleafdata/train/cbsd/train-cbsd-128.jpg,1
/var/scratch/adam/cassava-raw/cassavaleafdata/train/cmd/train-cmd-2647.jpg,3
/var/scratch/adam/cassava-raw/cassavaleafdata/train/cbb/train-cbb-307.jpg,0
/var/scratch/adam/cassava-raw/cassavaleafdata/train/cgm/train-cgm-648.jpg,2
/var/scratch/adam/cassava-raw/cassavaleafdata/train/cbsd/train-cbsd-619.jpg,1
/var/scratch/adam/cassava-raw/cassavaleafdata/train/cbsd/train-cbsd-1110.jpg,1
/var/scratch/adam/cassava-raw/cassavaleafdata/train/cmd/train-cmd-1623.jpg,3
/var/scratch/adam/cassava-raw/cassavaleafdata/train/cmd/train-cmd-1839.jpg,3
/var/scratch/adam/cassava-raw/cassavaleafdata/train/cmd/train-cmd-295.jpg,3
/var/scratch/adam/cassava-raw/cassavaleafdata/train/cmd/train-cmd-573.jpg,3
/var/scratch/adam/cassava-raw/cassavaleafdata/train/cmd/train-cmd-1533.jpg,3
/var/scratch/adam/cassava-raw/cassavaleafdata/train/cmd/train-cmd-14.jpg,3
/var/scratch/adam/cassava-raw/cassavaleafdata/train/cmd/train-cmd-1192.jpg,3
/var/scratch/adam/cassava-raw/cassavaleafdata/train/cbb/train-cbb-421.jpg,0
/var/scratch/adam/cassava-raw/cassavaleafdata/train/cmd/train-cmd-2321.jpg,3
/var/scratch/adam/cassava-raw/cassavaleafdata/train/cmd/train-cmd-426.jpg,3
/var/scratch/adam/cassava-raw/cassavaleafdata/train/cmd/train-cmd-1284.jpg,3
/var/scratch/adam/cassava-raw/cassavaleafdata/train/cmd/train-cmd-2282.jpg,3
/var/scratch/adam/cassava-raw/cassavaleafdata/train/healthy/train-healthy-146.jpg,4
/var/scratch/adam/cassava-raw/cassavaleafdata/train/cgm/train-cgm-19.jpg,2
/var/scratch/adam/cassava-raw/cassavaleafdata/train/cmd/train-cmd-1099.jpg,3
/var/scratch/adam/cassava-raw/cassavaleafdata/train/cgm/train-cgm-461.jpg,2
/var/scratch/adam/cassava-raw/cassavaleafdata/train/cbb/train-cbb-452.jpg,0
/var/scratch/adam/cassava-raw/cassavaleafdata/train/cgm/train-cgm-203.jpg,2
/var/scratch/adam/cassava-raw/cassavaleafdata/train/healthy/train-healthy-69.jpg,4
/var/scratch/adam/cassava-raw/cassavaleafdata/train/cmd/train-cmd-578.jpg,3
/var/scratch/adam/cassava-raw/cassavaleafdata/train/cmd/train-cmd-748.jpg,3
/var/scratch/adam/cassava-raw/cassavaleafdata/train/cmd/train-cmd-1755.jpg,3
/var/scratch/adam/cassava-raw/cassavaleafdata/train/cmd/train-cmd-2304.jpg,3
/var/scratch/adam/cassava-raw/cassavaleafdata/train/cmd/train-cmd-2311.jpg,3
/var/scratch/adam/cassava-raw/cassavaleafdata/train/cgm/train-cgm-327.jpg,2
/var/scratch/adam/cassava-raw/cassavaleafdata/train/cgm/train-cgm-108.jpg,2
/var/scratch/adam/cassava-raw/cassavaleafdata/train/cmd/train-cmd-1461.jpg,3
/var/scratch/adam/cassava-raw/cassavaleafdata/train/cmd/train-cmd-2363.jpg,3
/var/scratch/adam/cassava-raw/cassavaleafdata/train/cbsd/train-cbsd-1012.jpg,1
/var/scratch/adam/cassava-raw/cassavaleafdata/train/cgm/train-cgm-599.jpg,2
/var/scratch/adam/cassava-raw/cassavaleafdata/train/cmd/train-cmd-1688.jpg,3
/var/scratch/adam/cassava-raw/cassavaleafdata/train/cmd/train-cmd-326.jpg,3
/var/scratch/adam/cassava-raw/cassavaleafdata/train/cbsd/train-cbsd-605.jpg,1
/var/scratch/adam/cassava-raw/cassavaleafdata/train/cmd/train-cmd-2489.jpg,3
/var/scratch/adam/cassava-raw/cassavaleafdata/train/cgm/train-cgm-307.jpg,2
/var/scratch/adam/cassava-raw/cassavaleafdata/train/cmd/train-cmd-674.jpg,3
/var/scratch/adam/cassava-raw/cassavaleafdata/train/cmd/train-cmd-1159.jpg,3
/var/scratch/adam/cassava-raw/cassavaleafdata/train/cgm/train-cgm-488.jpg,2
/var/scratch/adam/cassava-raw/cassavaleafdata/train/cgm/train-cgm-715.jpg,2
/var/scratch/adam/cassava-raw/cassavaleafdata/train/cmd/train-cmd-2431.jpg,3
/var/scratch/adam/cassava-raw/cassavaleafdata/train/cmd/train-cmd-2656.jpg,3
/var/scratch/adam/cassava-raw/cassavaleafdata/train/cmd/train-cmd-2194.jpg,3
/var/scratch/adam/cassava-raw/cassavaleafdata/train/cbb/train-cbb-332.jpg,0
/var/scratch/adam/cassava-raw/cassavaleafdata/train/cmd/train-cmd-2178.jpg,3
/var/scratch/adam/cassava-raw/cassavaleafdata/train/cgm/train-cgm-28.jpg,2
/var/scratch/adam/cassava-raw/cassavaleafdata/train/cmd/train-cmd-398.jpg,3
/var/scratch/adam/cassava-raw/cassavaleafdata/train/cbsd/train-cbsd-1370.jpg,1
/var/scratch/adam/cassava-raw/cassavaleafdata/train/cgm/train-cgm-166.jpg,2
/var/scratch/adam/cassava-raw/cassavaleafdata/train/cmd/train-cmd-2515.jpg,3
/var/scratch/adam/cassava-raw/cassavaleafdata/train/cgm/train-cgm-125.jpg,2
/var/scratch/adam/cassava-raw/cassavaleafdata/train/cbsd/train-cbsd-1106.jpg,1
/var/scratch/adam/cassava-raw/cassavaleafdata/train/cmd/train-cmd-1753.jpg,3
/var/scratch/adam/cassava-raw/cassavaleafdata/train/cmd/train-cmd-541.jpg,3
/var/scratch/adam/cassava-raw/cassavaleafdata/train/cgm/train-cgm-703.jpg,2
/var/scratch/adam/cassava-raw/cassavaleafdata/train/cbb/train-cbb-458.jpg,0
/var/scratch/adam/cassava-raw/cassavaleafdata/train/cmd/train-cmd-138.jpg,3
/var/scratch/adam/cassava-raw/cassavaleafdata/train/cgm/train-cgm-579.jpg,2
/var/scratch/adam/cassava-raw/cassavaleafdata/train/healthy/train-healthy-309.jpg,4
/var/scratch/adam/cassava-raw/cassavaleafdata/train/cmd/train-cmd-1849.jpg,3
/var/scratch/adam/cassava-raw/cassavaleafdata/train/cbsd/train-cbsd-202.jpg,1
/var/scratch/adam/cassava-raw/cassavaleafdata/train/cbsd/train-cbsd-316.jpg,1
/var/scratch/adam/cassava-raw/cassavaleafdata/train/cmd/train-cmd-2232.jpg,3
/var/scratch/adam/cassava-raw/cassavaleafdata/train/cmd/train-cmd-2228.jpg,3
/var/scratch/adam/cassava-raw/cassavaleafdata/train/cmd/train-cmd-1353.jpg,3
/var/scratch/adam/cassava-raw/cassavaleafdata/train/cmd/train-cmd-1906.jpg,3
/var/scratch/adam/cassava-raw/cassavaleafdata/train/cmd/train-cmd-544.jpg,3
/var/scratch/adam/cassava-raw/cassavaleafdata/train/cgm/train-cgm-17.jpg,2
/var/scratch/adam/cassava-raw/cassavaleafdata/train/healthy/train-healthy-193.jpg,4
/var/scratch/adam/cassava-raw/cassavaleafdata/train/cmd/train-cmd-1591.jpg,3
/var/scratch/adam/cassava-raw/cassavaleafdata/train/cbsd/train-cbsd-997.jpg,1
/var/scratch/adam/cassava-raw/cassavaleafdata/train/cbb/train-cbb-87.jpg,0
/var/scratch/adam/cassava-raw/cassavaleafdata/train/cmd/train-cmd-467.jpg,3
/var/scratch/adam/cassava-raw/cassavaleafdata/train/healthy/train-healthy-198.jpg,4
/var/scratch/adam/cassava-raw/cassavaleafdata/train/cmd/train-cmd-415.jpg,3
/var/scratch/adam/cassava-raw/cassavaleafdata/train/cmd/train-cmd-1348.jpg,3
/var/scratch/adam/cassava-raw/cassavaleafdata/train/cmd/train-cmd-437.jpg,3
/var/scratch/adam/cassava-raw/cassavaleafdata/train/cmd/train-cmd-1222.jpg,3
/var/scratch/adam/cassava-raw/cassavaleafdata/train/cbsd/train-cbsd-126.jpg,1
/var/scratch/adam/cassava-raw/cassavaleafdata/train/cmd/train-cmd-2106.jpg,3
/var/scratch/adam/cassava-raw/cassavaleafdata/train/cmd/train-cmd-1062.jpg,3
/var/scratch/adam/cassava-raw/cassavaleafdata/train/cmd/train-cmd-1371.jpg,3
/var/scratch/adam/cassava-raw/cassavaleafdata/train/cmd/train-cmd-629.jpg,3
/var/scratch/adam/cassava-raw/cassavaleafdata/train/cmd/train-cmd-2583.jpg,3
/var/scratch/adam/cassava-raw/cassavaleafdata/train/cmd/train-cmd-1799.jpg,3
/var/scratch/adam/cassava-raw/cassavaleafdata/train/cmd/train-cmd-732.jpg,3
/var/scratch/adam/cassava-raw/cassavaleafdata/train/cmd/train-cmd-1559.jpg,3
/var/scratch/adam/cassava-raw/cassavaleafdata/train/cmd/train-cmd-2346.jpg,3
/var/scratch/adam/cassava-raw/cassavaleafdata/train/cmd/train-cmd-175.jpg,3
/var/scratch/adam/cassava-raw/cassavaleafdata/train/cgm/train-cgm-25.jpg,2
/var/scratch/adam/cassava-raw/cassavaleafdata/train/cmd/train-cmd-1179.jpg,3
/var/scratch/adam/cassava-raw/cassavaleafdata/train/cmd/train-cmd-793.jpg,3
/var/scratch/adam/cassava-raw/cassavaleafdata/train/cbsd/train-cbsd-863.jpg,1
/var/scratch/adam/cassava-raw/cassavaleafdata/train/cgm/train-cgm-398.jpg,2
/var/scratch/adam/cassava-raw/cassavaleafdata/train/cmd/train-cmd-1480.jpg,3
/var/scratch/adam/cassava-raw/cassavaleafdata/train/cbsd/train-cbsd-1190.jpg,1
/var/scratch/adam/cassava-raw/cassavaleafdata/train/cmd/train-cmd-926.jpg,3
/var/scratch/adam/cassava-raw/cassavaleafdata/train/cmd/train-cmd-1298.jpg,3
/var/scratch/adam/cassava-raw/cassavaleafdata/train/cmd/train-cmd-1231.jpg,3
/var/scratch/adam/cassava-raw/cassavaleafdata/train/cmd/train-cmd-1164.jpg,3
/var/scratch/adam/cassava-raw/cassavaleafdata/train/cmd/train-cmd-506.jpg,3
/var/scratch/adam/cassava-raw/cassavaleafdata/train/cmd/train-cmd-1467.jpg,3
/var/scratch/adam/cassava-raw/cassavaleafdata/train/cbsd/train-cbsd-682.jpg,1
/var/scratch/adam/cassava-raw/cassavaleafdata/train/cmd/train-cmd-1256.jpg,3
/var/scratch/adam/cassava-raw/cassavaleafdata/train/cmd/train-cmd-1477.jpg,3
/var/scratch/adam/cassava-raw/cassavaleafdata/train/cmd/train-cmd-402.jpg,3
/var/scratch/adam/cassava-raw/cassavaleafdata/train/cbsd/train-cbsd-1308.jpg,1
/var/scratch/adam/cassava-raw/cassavaleafdata/train/cmd/train-cmd-2490.jpg,3
/var/scratch/adam/cassava-raw/cassavaleafdata/train/healthy/train-healthy-172.jpg,4
/var/scratch/adam/cassava-raw/cassavaleafdata/train/cmd/train-cmd-2339.jpg,3
/var/scratch/adam/cassava-raw/cassavaleafdata/train/cmd/train-cmd-2650.jpg,3
/var/scratch/adam/cassava-raw/cassavaleafdata/train/cbsd/train-cbsd-716.jpg,1
/var/scratch/adam/cassava-raw/cassavaleafdata/train/cmd/train-cmd-805.jpg,3
/var/scratch/adam/cassava-raw/cassavaleafdata/train/cgm/train-cgm-395.jpg,2
/var/scratch/adam/cassava-raw/cassavaleafdata/train/cgm/train-cgm-654.jpg,2
/var/scratch/adam/cassava-raw/cassavaleafdata/train/cgm/train-cgm-9.jpg,2
/var/scratch/adam/cassava-raw/cassavaleafdata/train/cgm/train-cgm-77.jpg,2
/var/scratch/adam/cassava-raw/cassavaleafdata/train/cmd/train-cmd-1792.jpg,3
/var/scratch/adam/cassava-raw/cassavaleafdata/train/cmd/train-cmd-1710.jpg,3
/var/scratch/adam/cassava-raw/cassavaleafdata/train/cbsd/train-cbsd-20.jpg,1
/var/scratch/adam/cassava-raw/cassavaleafdata/train/cmd/train-cmd-1281.jpg,3
/var/scratch/adam/cassava-raw/cassavaleafdata/train/cmd/train-cmd-2570.jpg,3
/var/scratch/adam/cassava-raw/cassavaleafdata/train/cmd/train-cmd-1048.jpg,3
/var/scratch/adam/cassava-raw/cassavaleafdata/train/cgm/train-cgm-136.jpg,2
/var/scratch/adam/cassava-raw/cassavaleafdata/train/cmd/train-cmd-997.jpg,3
/var/scratch/adam/cassava-raw/cassavaleafdata/train/cbb/train-cbb-196.jpg,0
/var/scratch/adam/cassava-raw/cassavaleafdata/train/cbsd/train-cbsd-298.jpg,1
/var/scratch/adam/cassava-raw/cassavaleafdata/train/cbsd/train-cbsd-1310.jpg,1
/var/scratch/adam/cassava-raw/cassavaleafdata/train/cmd/train-cmd-1991.jpg,3
/var/scratch/adam/cassava-raw/cassavaleafdata/train/healthy/train-healthy-27.jpg,4
/var/scratch/adam/cassava-raw/cassavaleafdata/train/cmd/train-cmd-2.jpg,3
/var/scratch/adam/cassava-raw/cassavaleafdata/train/cgm/train-cgm-609.jpg,2
/var/scratch/adam/cassava-raw/cassavaleafdata/train/cmd/train-cmd-304.jpg,3
/var/scratch/adam/cassava-raw/cassavaleafdata/train/cmd/train-cmd-2631.jpg,3
/var/scratch/adam/cassava-raw/cassavaleafdata/train/cmd/train-cmd-1587.jpg,3
/var/scratch/adam/cassava-raw/cassavaleafdata/train/cbsd/train-cbsd-783.jpg,1
/var/scratch/adam/cassava-raw/cassavaleafdata/train/cmd/train-cmd-1961.jpg,3
/var/scratch/adam/cassava-raw/cassavaleafdata/train/cmd/train-cmd-1279.jpg,3
/var/scratch/adam/cassava-raw/cassavaleafdata/train/cmd/train-cmd-1451.jpg,3
/var/scratch/adam/cassava-raw/cassavaleafdata/train/cbsd/train-cbsd-434.jpg,1
/var/scratch/adam/cassava-raw/cassavaleafdata/train/cgm/train-cgm-766.jpg,2
/var/scratch/adam/cassava-raw/cassavaleafdata/train/cbsd/train-cbsd-623.jpg,1
/var/scratch/adam/cassava-raw/cassavaleafdata/train/cmd/train-cmd-2255.jpg,3
/var/scratch/adam/cassava-raw/cassavaleafdata/train/cmd/train-cmd-1426.jpg,3
/var/scratch/adam/cassava-raw/cassavaleafdata/train/healthy/train-healthy-204.jpg,4
/var/scratch/adam/cassava-raw/cassavaleafdata/train/cmd/train-cmd-1942.jpg,3
/var/scratch/adam/cassava-raw/cassavaleafdata/train/cmd/train-cmd-1778.jpg,3
/var/scratch/adam/cassava-raw/cassavaleafdata/train/cbsd/train-cbsd-907.jpg,1
/var/scratch/adam/cassava-raw/cassavaleafdata/train/cbsd/train-cbsd-1121.jpg,1
/var/scratch/adam/cassava-raw/cassavaleafdata/train/cmd/train-cmd-930.jpg,3
/var/scratch/adam/cassava-raw/cassavaleafdata/train/cmd/train-cmd-2132.jpg,3
/var/scratch/adam/cassava-raw/cassavaleafdata/train/cmd/train-cmd-1702.jpg,3
/var/scratch/adam/cassava-raw/cassavaleafdata/train/cbb/train-cbb-38.jpg,0
/var/scratch/adam/cassava-raw/cassavaleafdata/train/cmd/train-cmd-115.jpg,3
/var/scratch/adam/cassava-raw/cassavaleafdata/train/cmd/train-cmd-2213.jpg,3
/var/scratch/adam/cassava-raw/cassavaleafdata/train/cmd/train-cmd-2142.jpg,3
/var/scratch/adam/cassava-raw/cassavaleafdata/train/cmd/train-cmd-1482.jpg,3
/var/scratch/adam/cassava-raw/cassavaleafdata/train/cbsd/train-cbsd-620.jpg,1
/var/scratch/adam/cassava-raw/cassavaleafdata/train/cbsd/train-cbsd-261.jpg,1
/var/scratch/adam/cassava-raw/cassavaleafdata/train/cmd/train-cmd-16.jpg,3
/var/scratch/adam/cassava-raw/cassavaleafdata/train/cmd/train-cmd-364.jpg,3
/var/scratch/adam/cassava-raw/cassavaleafdata/train/cmd/train-cmd-508.jpg,3
/var/scratch/adam/cassava-raw/cassavaleafdata/train/cbb/train-cbb-36.jpg,0
/var/scratch/adam/cassava-raw/cassavaleafdata/train/healthy/train-healthy-195.jpg,4
/var/scratch/adam/cassava-raw/cassavaleafdata/train/cbsd/train-cbsd-372.jpg,1
/var/scratch/adam/cassava-raw/cassavaleafdata/train/cmd/train-cmd-726.jpg,3
/var/scratch/adam/cassava-raw/cassavaleafdata/train/cmd/train-cmd-263.jpg,3
/var/scratch/adam/cassava-raw/cassavaleafdata/train/cmd/train-cmd-1240.jpg,3
/var/scratch/adam/cassava-raw/cassavaleafdata/train/cgm/train-cgm-215.jpg,2
/var/scratch/adam/cassava-raw/cassavaleafdata/train/cbsd/train-cbsd-1254.jpg,1
/var/scratch/adam/cassava-raw/cassavaleafdata/train/cmd/train-cmd-2591.jpg,3
/var/scratch/adam/cassava-raw/cassavaleafdata/train/cbb/train-cbb-390.jpg,0
/var/scratch/adam/cassava-raw/cassavaleafdata/train/cmd/train-cmd-840.jpg,3
/var/scratch/adam/cassava-raw/cassavaleafdata/train/cmd/train-cmd-2437.jpg,3
/var/scratch/adam/cassava-raw/cassavaleafdata/train/cbsd/train-cbsd-988.jpg,1
/var/scratch/adam/cassava-raw/cassavaleafdata/train/cbsd/train-cbsd-542.jpg,1
/var/scratch/adam/cassava-raw/cassavaleafdata/train/cgm/train-cgm-21.jpg,2
/var/scratch/adam/cassava-raw/cassavaleafdata/train/cgm/train-cgm-769.jpg,2
/var/scratch/adam/cassava-raw/cassavaleafdata/train/cmd/train-cmd-1126.jpg,3
/var/scratch/adam/cassava-raw/cassavaleafdata/train/cgm/train-cgm-493.jpg,2
/var/scratch/adam/cassava-raw/cassavaleafdata/train/cmd/train-cmd-2424.jpg,3
/var/scratch/adam/cassava-raw/cassavaleafdata/train/cmd/train-cmd-1554.jpg,3
/var/scratch/adam/cassava-raw/cassavaleafdata/train/cbsd/train-cbsd-1252.jpg,1
/var/scratch/adam/cassava-raw/cassavaleafdata/train/cbsd/train-cbsd-606.jpg,1
/var/scratch/adam/cassava-raw/cassavaleafdata/train/cmd/train-cmd-616.jpg,3
/var/scratch/adam/cassava-raw/cassavaleafdata/train/cbsd/train-cbsd-1273.jpg,1
/var/scratch/adam/cassava-raw/cassavaleafdata/train/cgm/train-cgm-6.jpg,2
/var/scratch/adam/cassava-raw/cassavaleafdata/train/cmd/train-cmd-2397.jpg,3
/var/scratch/adam/cassava-raw/cassavaleafdata/train/cgm/train-cgm-297.jpg,2
/var/scratch/adam/cassava-raw/cassavaleafdata/train/cmd/train-cmd-84.jpg,3
/var/scratch/adam/cassava-raw/cassavaleafdata/train/cmd/train-cmd-1388.jpg,3
/var/scratch/adam/cassava-raw/cassavaleafdata/train/cbsd/train-cbsd-121.jpg,1
/var/scratch/adam/cassava-raw/cassavaleafdata/train/cmd/train-cmd-2131.jpg,3
/var/scratch/adam/cassava-raw/cassavaleafdata/train/cbsd/train-cbsd-575.jpg,1
/var/scratch/adam/cassava-raw/cassavaleafdata/train/cmd/train-cmd-181.jpg,3
/var/scratch/adam/cassava-raw/cassavaleafdata/train/cbb/train-cbb-400.jpg,0
/var/scratch/adam/cassava-raw/cassavaleafdata/train/cbsd/train-cbsd-325.jpg,1
/var/scratch/adam/cassava-raw/cassavaleafdata/train/cbb/train-cbb-417.jpg,0
/var/scratch/adam/cassava-raw/cassavaleafdata/train/cmd/train-cmd-1400.jpg,3
/var/scratch/adam/cassava-raw/cassavaleafdata/train/cmd/train-cmd-2627.jpg,3
/var/scratch/adam/cassava-raw/cassavaleafdata/train/cgm/train-cgm-65.jpg,2
/var/scratch/adam/cassava-raw/cassavaleafdata/train/cmd/train-cmd-978.jpg,3
/var/scratch/adam/cassava-raw/cassavaleafdata/train/cmd/train-cmd-857.jpg,3
/var/scratch/adam/cassava-raw/cassavaleafdata/train/cmd/train-cmd-145.jpg,3
/var/scratch/adam/cassava-raw/cassavaleafdata/train/cbsd/train-cbsd-312.jpg,1
/var/scratch/adam/cassava-raw/cassavaleafdata/train/cmd/train-cmd-18.jpg,3
/var/scratch/adam/cassava-raw/cassavaleafdata/train/cbsd/train-cbsd-310.jpg,1
/var/scratch/adam/cassava-raw/cassavaleafdata/train/cmd/train-cmd-146.jpg,3
/var/scratch/adam/cassava-raw/cassavaleafdata/train/healthy/train-healthy-166.jpg,4
/var/scratch/adam/cassava-raw/cassavaleafdata/train/cbb/train-cbb-157.jpg,0
/var/scratch/adam/cassava-raw/cassavaleafdata/train/cbsd/train-cbsd-1198.jpg,1
/var/scratch/adam/cassava-raw/cassavaleafdata/train/cbsd/train-cbsd-18.jpg,1
/var/scratch/adam/cassava-raw/cassavaleafdata/train/cgm/train-cgm-324.jpg,2
/var/scratch/adam/cassava-raw/cassavaleafdata/train/healthy/train-healthy-237.jpg,4
/var/scratch/adam/cassava-raw/cassavaleafdata/train/cmd/train-cmd-971.jpg,3
/var/scratch/adam/cassava-raw/cassavaleafdata/train/cmd/train-cmd-2635.jpg,3
/var/scratch/adam/cassava-raw/cassavaleafdata/train/cmd/train-cmd-2501.jpg,3
/var/scratch/adam/cassava-raw/cassavaleafdata/train/cmd/train-cmd-1866.jpg,3
/var/scratch/adam/cassava-raw/cassavaleafdata/train/cmd/train-cmd-2186.jpg,3
/var/scratch/adam/cassava-raw/cassavaleafdata/train/cbb/train-cbb-208.jpg,0
/var/scratch/adam/cassava-raw/cassavaleafdata/train/cmd/train-cmd-1042.jpg,3
/var/scratch/adam/cassava-raw/cassavaleafdata/train/cbb/train-cbb-442.jpg,0
/var/scratch/adam/cassava-raw/cassavaleafdata/train/cmd/train-cmd-2094.jpg,3
/var/scratch/adam/cassava-raw/cassavaleafdata/train/cbb/train-cbb-135.jpg,0
/var/scratch/adam/cassava-raw/cassavaleafdata/train/cbsd/train-cbsd-934.jpg,1
/var/scratch/adam/cassava-raw/cassavaleafdata/train/cmd/train-cmd-1636.jpg,3
/var/scratch/adam/cassava-raw/cassavaleafdata/train/cmd/train-cmd-68.jpg,3
/var/scratch/adam/cassava-raw/cassavaleafdata/train/cbsd/train-cbsd-535.jpg,1
/var/scratch/adam/cassava-raw/cassavaleafdata/train/cmd/train-cmd-1801.jpg,3
/var/scratch/adam/cassava-raw/cassavaleafdata/train/cbsd/train-cbsd-895.jpg,1
/var/scratch/adam/cassava-raw/cassavaleafdata/train/cbsd/train-cbsd-1418.jpg,1
/var/scratch/adam/cassava-raw/cassavaleafdata/train/cbsd/train-cbsd-505.jpg,1
/var/scratch/adam/cassava-raw/cassavaleafdata/train/cbb/train-cbb-145.jpg,0
/var/scratch/adam/cassava-raw/cassavaleafdata/train/cbb/train-cbb-84.jpg,0
/var/scratch/adam/cassava-raw/cassavaleafdata/train/cmd/train-cmd-645.jpg,3
/var/scratch/adam/cassava-raw/cassavaleafdata/train/cmd/train-cmd-2384.jpg,3
/var/scratch/adam/cassava-raw/cassavaleafdata/train/cmd/train-cmd-2095.jpg,3
/var/scratch/adam/cassava-raw/cassavaleafdata/train/cbb/train-cbb-25.jpg,0
/var/scratch/adam/cassava-raw/cassavaleafdata/train/cgm/train-cgm-400.jpg,2
/var/scratch/adam/cassava-raw/cassavaleafdata/train/cbsd/train-cbsd-1073.jpg,1
/var/scratch/adam/cassava-raw/cassavaleafdata/train/cgm/train-cgm-610.jpg,2
/var/scratch/adam/cassava-raw/cassavaleafdata/train/cmd/train-cmd-1011.jpg,3
/var/scratch/adam/cassava-raw/cassavaleafdata/train/cmd/train-cmd-2592.jpg,3
/var/scratch/adam/cassava-raw/cassavaleafdata/train/cgm/train-cgm-106.jpg,2
/var/scratch/adam/cassava-raw/cassavaleafdata/train/cbsd/train-cbsd-276.jpg,1
/var/scratch/adam/cassava-raw/cassavaleafdata/train/cbsd/train-cbsd-167.jpg,1
/var/scratch/adam/cassava-raw/cassavaleafdata/train/cmd/train-cmd-1728.jpg,3
/var/scratch/adam/cassava-raw/cassavaleafdata/train/cmd/train-cmd-1868.jpg,3
/var/scratch/adam/cassava-raw/cassavaleafdata/train/cmd/train-cmd-2462.jpg,3
/var/scratch/adam/cassava-raw/cassavaleafdata/train/cbb/train-cbb-385.jpg,0
/var/scratch/adam/cassava-raw/cassavaleafdata/train/cmd/train-cmd-2082.jpg,3
/var/scratch/adam/cassava-raw/cassavaleafdata/train/healthy/train-healthy-219.jpg,4
/var/scratch/adam/cassava-raw/cassavaleafdata/train/cmd/train-cmd-2443.jpg,3
/var/scratch/adam/cassava-raw/cassavaleafdata/train/cbsd/train-cbsd-924.jpg,1
/var/scratch/adam/cassava-raw/cassavaleafdata/train/healthy/train-healthy-86.jpg,4
/var/scratch/adam/cassava-raw/cassavaleafdata/train/cbsd/train-cbsd-98.jpg,1
/var/scratch/adam/cassava-raw/cassavaleafdata/train/healthy/train-healthy-57.jpg,4
/var/scratch/adam/cassava-raw/cassavaleafdata/train/cgm/train-cgm-76.jpg,2
/var/scratch/adam/cassava-raw/cassavaleafdata/train/cbb/train-cbb-353.jpg,0
/var/scratch/adam/cassava-raw/cassavaleafdata/train/cbsd/train-cbsd-230.jpg,1
/var/scratch/adam/cassava-raw/cassavaleafdata/train/cbsd/train-cbsd-1216.jpg,1
/var/scratch/adam/cassava-raw/cassavaleafdata/train/cbsd/train-cbsd-224.jpg,1
/var/scratch/adam/cassava-raw/cassavaleafdata/train/cgm/train-cgm-467.jpg,2
/var/scratch/adam/cassava-raw/cassavaleafdata/train/cmd/train-cmd-2134.jpg,3
/var/scratch/adam/cassava-raw/cassavaleafdata/train/cbb/train-cbb-341.jpg,0
/var/scratch/adam/cassava-raw/cassavaleafdata/train/cbsd/train-cbsd-14.jpg,1
/var/scratch/adam/cassava-raw/cassavaleafdata/train/cmd/train-cmd-1863.jpg,3
/var/scratch/adam/cassava-raw/cassavaleafdata/train/cmd/train-cmd-1006.jpg,3
/var/scratch/adam/cassava-raw/cassavaleafdata/train/cmd/train-cmd-2093.jpg,3
/var/scratch/adam/cassava-raw/cassavaleafdata/train/cmd/train-cmd-2497.jpg,3
/var/scratch/adam/cassava-raw/cassavaleafdata/train/cbsd/train-cbsd-161.jpg,1
/var/scratch/adam/cassava-raw/cassavaleafdata/train/cbsd/train-cbsd-1015.jpg,1
/var/scratch/adam/cassava-raw/cassavaleafdata/train/cmd/train-cmd-1668.jpg,3
/var/scratch/adam/cassava-raw/cassavaleafdata/train/cbsd/train-cbsd-1381.jpg,1
/var/scratch/adam/cassava-raw/cassavaleafdata/train/cmd/train-cmd-2434.jpg,3
/var/scratch/adam/cassava-raw/cassavaleafdata/train/cmd/train-cmd-2509.jpg,3
/var/scratch/adam/cassava-raw/cassavaleafdata/train/cgm/train-cgm-731.jpg,2
/var/scratch/adam/cassava-raw/cassavaleafdata/train/cbsd/train-cbsd-566.jpg,1
/var/scratch/adam/cassava-raw/cassavaleafdata/train/cmd/train-cmd-1944.jpg,3
/var/scratch/adam/cassava-raw/cassavaleafdata/train/cbsd/train-cbsd-468.jpg,1
/var/scratch/adam/cassava-raw/cassavaleafdata/train/cbb/train-cbb-328.jpg,0
/var/scratch/adam/cassava-raw/cassavaleafdata/train/cbb/train-cbb-463.jpg,0
/var/scratch/adam/cassava-raw/cassavaleafdata/train/cgm/train-cgm-85.jpg,2
/var/scratch/adam/cassava-raw/cassavaleafdata/train/cmd/train-cmd-2595.jpg,3
/var/scratch/adam/cassava-raw/cassavaleafdata/train/cmd/train-cmd-1645.jpg,3
/var/scratch/adam/cassava-raw/cassavaleafdata/train/cmd/train-cmd-1195.jpg,3
/var/scratch/adam/cassava-raw/cassavaleafdata/train/cgm/train-cgm-72.jpg,2
/var/scratch/adam/cassava-raw/cassavaleafdata/train/cmd/train-cmd-1820.jpg,3
/var/scratch/adam/cassava-raw/cassavaleafdata/train/cbsd/train-cbsd-722.jpg,1
/var/scratch/adam/cassava-raw/cassavaleafdata/train/cbsd/train-cbsd-1135.jpg,1
/var/scratch/adam/cassava-raw/cassavaleafdata/train/cmd/train-cmd-2223.jpg,3
/var/scratch/adam/cassava-raw/cassavaleafdata/train/cbsd/train-cbsd-131.jpg,1
/var/scratch/adam/cassava-raw/cassavaleafdata/train/cbsd/train-cbsd-429.jpg,1
/var/scratch/adam/cassava-raw/cassavaleafdata/train/cbsd/train-cbsd-1383.jpg,1
/var/scratch/adam/cassava-raw/cassavaleafdata/train/cmd/train-cmd-1310.jpg,3
/var/scratch/adam/cassava-raw/cassavaleafdata/train/cgm/train-cgm-717.jpg,2
/var/scratch/adam/cassava-raw/cassavaleafdata/train/cmd/train-cmd-828.jpg,3
/var/scratch/adam/cassava-raw/cassavaleafdata/train/cbsd/train-cbsd-746.jpg,1
/var/scratch/adam/cassava-raw/cassavaleafdata/train/cbsd/train-cbsd-689.jpg,1
/var/scratch/adam/cassava-raw/cassavaleafdata/train/cgm/train-cgm-70.jpg,2
/var/scratch/adam/cassava-raw/cassavaleafdata/train/cgm/train-cgm-516.jpg,2
/var/scratch/adam/cassava-raw/cassavaleafdata/train/cbb/train-cbb-265.jpg,0
/var/scratch/adam/cassava-raw/cassavaleafdata/train/cmd/train-cmd-388.jpg,3
/var/scratch/adam/cassava-raw/cassavaleafdata/train/cmd/train-cmd-2164.jpg,3
/var/scratch/adam/cassava-raw/cassavaleafdata/train/cmd/train-cmd-1389.jpg,3
/var/scratch/adam/cassava-raw/cassavaleafdata/train/cmd/train-cmd-351.jpg,3
/var/scratch/adam/cassava-raw/cassavaleafdata/train/cbsd/train-cbsd-44.jpg,1
/var/scratch/adam/cassava-raw/cassavaleafdata/train/cmd/train-cmd-321.jpg,3
/var/scratch/adam/cassava-raw/cassavaleafdata/train/cmd/train-cmd-934.jpg,3
/var/scratch/adam/cassava-raw/cassavaleafdata/train/cmd/train-cmd-148.jpg,3
/var/scratch/adam/cassava-raw/cassavaleafdata/train/cgm/train-cgm-419.jpg,2
/var/scratch/adam/cassava-raw/cassavaleafdata/train/cmd/train-cmd-1956.jpg,3
/var/scratch/adam/cassava-raw/cassavaleafdata/train/cbsd/train-cbsd-1333.jpg,1
/var/scratch/adam/cassava-raw/cassavaleafdata/train/cgm/train-cgm-263.jpg,2
/var/scratch/adam/cassava-raw/cassavaleafdata/train/cmd/train-cmd-823.jpg,3
/var/scratch/adam/cassava-raw/cassavaleafdata/train/cgm/train-cgm-250.jpg,2
/var/scratch/adam/cassava-raw/cassavaleafdata/train/cmd/train-cmd-1876.jpg,3
/var/scratch/adam/cassava-raw/cassavaleafdata/train/cgm/train-cgm-368.jpg,2
/var/scratch/adam/cassava-raw/cassavaleafdata/train/cbsd/train-cbsd-1413.jpg,1
/var/scratch/adam/cassava-raw/cassavaleafdata/train/cbsd/train-cbsd-375.jpg,1
/var/scratch/adam/cassava-raw/cassavaleafdata/train/cgm/train-cgm-255.jpg,2
/var/scratch/adam/cassava-raw/cassavaleafdata/train/cgm/train-cgm-754.jpg,2
/var/scratch/adam/cassava-raw/cassavaleafdata/train/cbb/train-cbb-67.jpg,0
/var/scratch/adam/cassava-raw/cassavaleafdata/train/cbb/train-cbb-378.jpg,0
/var/scratch/adam/cassava-raw/cassavaleafdata/train/cgm/train-cgm-595.jpg,2
/var/scratch/adam/cassava-raw/cassavaleafdata/train/cmd/train-cmd-1712.jpg,3
/var/scratch/adam/cassava-raw/cassavaleafdata/train/cgm/train-cgm-193.jpg,2
/var/scratch/adam/cassava-raw/cassavaleafdata/train/cbsd/train-cbsd-479.jpg,1
/var/scratch/adam/cassava-raw/cassavaleafdata/train/cbsd/train-cbsd-998.jpg,1
/var/scratch/adam/cassava-raw/cassavaleafdata/train/cbsd/train-cbsd-88.jpg,1
/var/scratch/adam/cassava-raw/cassavaleafdata/train/cbsd/train-cbsd-731.jpg,1
/var/scratch/adam/cassava-raw/cassavaleafdata/train/cbsd/train-cbsd-860.jpg,1
/var/scratch/adam/cassava-raw/cassavaleafdata/train/cbsd/train-cbsd-357.jpg,1
/var/scratch/adam/cassava-raw/cassavaleafdata/train/cmd/train-cmd-2267.jpg,3
/var/scratch/adam/cassava-raw/cassavaleafdata/train/cmd/train-cmd-1930.jpg,3
/var/scratch/adam/cassava-raw/cassavaleafdata/train/healthy/train-healthy-112.jpg,4
/var/scratch/adam/cassava-raw/cassavaleafdata/train/cmd/train-cmd-1247.jpg,3
/var/scratch/adam/cassava-raw/cassavaleafdata/train/cmd/train-cmd-2058.jpg,3
/var/scratch/adam/cassava-raw/cassavaleafdata/train/cmd/train-cmd-2101.jpg,3
/var/scratch/adam/cassava-raw/cassavaleafdata/train/cmd/train-cmd-2065.jpg,3
/var/scratch/adam/cassava-raw/cassavaleafdata/train/cmd/train-cmd-1424.jpg,3
/var/scratch/adam/cassava-raw/cassavaleafdata/train/cbb/train-cbb-423.jpg,0
/var/scratch/adam/cassava-raw/cassavaleafdata/train/cmd/train-cmd-1038.jpg,3
/var/scratch/adam/cassava-raw/cassavaleafdata/train/cgm/train-cgm-748.jpg,2
/var/scratch/adam/cassava-raw/cassavaleafdata/train/cmd/train-cmd-2485.jpg,3
/var/scratch/adam/cassava-raw/cassavaleafdata/train/cbsd/train-cbsd-781.jpg,1
/var/scratch/adam/cassava-raw/cassavaleafdata/train/cmd/train-cmd-2212.jpg,3
/var/scratch/adam/cassava-raw/cassavaleafdata/train/cbsd/train-cbsd-1345.jpg,1
/var/scratch/adam/cassava-raw/cassavaleafdata/train/cmd/train-cmd-406.jpg,3
/var/scratch/adam/cassava-raw/cassavaleafdata/train/cgm/train-cgm-474.jpg,2
/var/scratch/adam/cassava-raw/cassavaleafdata/train/cbsd/train-cbsd-548.jpg,1
/var/scratch/adam/cassava-raw/cassavaleafdata/train/cbsd/train-cbsd-6.jpg,1
/var/scratch/adam/cassava-raw/cassavaleafdata/train/cgm/train-cgm-259.jpg,2
/var/scratch/adam/cassava-raw/cassavaleafdata/train/cbsd/train-cbsd-994.jpg,1
/var/scratch/adam/cassava-raw/cassavaleafdata/train/healthy/train-healthy-128.jpg,4
/var/scratch/adam/cassava-raw/cassavaleafdata/train/cmd/train-cmd-1508.jpg,3
/var/scratch/adam/cassava-raw/cassavaleafdata/train/cbsd/train-cbsd-208.jpg,1
/var/scratch/adam/cassava-raw/cassavaleafdata/train/cbsd/train-cbsd-810.jpg,1
/var/scratch/adam/cassava-raw/cassavaleafdata/train/cbsd/train-cbsd-856.jpg,1
/var/scratch/adam/cassava-raw/cassavaleafdata/train/cbsd/train-cbsd-791.jpg,1
/var/scratch/adam/cassava-raw/cassavaleafdata/train/cbb/train-cbb-438.jpg,0
/var/scratch/adam/cassava-raw/cassavaleafdata/train/cmd/train-cmd-584.jpg,3
/var/scratch/adam/cassava-raw/cassavaleafdata/train/cmd/train-cmd-1546.jpg,3
/var/scratch/adam/cassava-raw/cassavaleafdata/train/cbsd/train-cbsd-1011.jpg,1
/var/scratch/adam/cassava-raw/cassavaleafdata/train/cbsd/train-cbsd-90.jpg,1
/var/scratch/adam/cassava-raw/cassavaleafdata/train/cbsd/train-cbsd-106.jpg,1
/var/scratch/adam/cassava-raw/cassavaleafdata/train/cbsd/train-cbsd-326.jpg,1
/var/scratch/adam/cassava-raw/cassavaleafdata/train/cbsd/train-cbsd-1329.jpg,1
/var/scratch/adam/cassava-raw/cassavaleafdata/train/cbsd/train-cbsd-297.jpg,1
/var/scratch/adam/cassava-raw/cassavaleafdata/train/cmd/train-cmd-2036.jpg,3
/var/scratch/adam/cassava-raw/cassavaleafdata/train/cmd/train-cmd-127.jpg,3
/var/scratch/adam/cassava-raw/cassavaleafdata/train/cgm/train-cgm-525.jpg,2
/var/scratch/adam/cassava-raw/cassavaleafdata/train/cbsd/train-cbsd-227.jpg,1
/var/scratch/adam/cassava-raw/cassavaleafdata/train/cgm/train-cgm-310.jpg,2
/var/scratch/adam/cassava-raw/cassavaleafdata/train/cmd/train-cmd-1847.jpg,3
/var/scratch/adam/cassava-raw/cassavaleafdata/train/cbsd/train-cbsd-916.jpg,1
/var/scratch/adam/cassava-raw/cassavaleafdata/train/cgm/train-cgm-489.jpg,2
/var/scratch/adam/cassava-raw/cassavaleafdata/train/cmd/train-cmd-463.jpg,3
/var/scratch/adam/cassava-raw/cassavaleafdata/train/cbsd/train-cbsd-1183.jpg,1
/var/scratch/adam/cassava-raw/cassavaleafdata/train/cmd/train-cmd-394.jpg,3
/var/scratch/adam/cassava-raw/cassavaleafdata/train/cbsd/train-cbsd-1440.jpg,1
/var/scratch/adam/cassava-raw/cassavaleafdata/train/cbsd/train-cbsd-237.jpg,1
/var/scratch/adam/cassava-raw/cassavaleafdata/train/cbsd/train-cbsd-1395.jpg,1
/var/scratch/adam/cassava-raw/cassavaleafdata/train/cmd/train-cmd-948.jpg,3
/var/scratch/adam/cassava-raw/cassavaleafdata/train/cbsd/train-cbsd-646.jpg,1
/var/scratch/adam/cassava-raw/cassavaleafdata/train/cbsd/train-cbsd-1237.jpg,1
/var/scratch/adam/cassava-raw/cassavaleafdata/train/cgm/train-cgm-725.jpg,2
/var/scratch/adam/cassava-raw/cassavaleafdata/train/cmd/train-cmd-791.jpg,3
/var/scratch/adam/cassava-raw/cassavaleafdata/train/cmd/train-cmd-940.jpg,3
/var/scratch/adam/cassava-raw/cassavaleafdata/train/cgm/train-cgm-2.jpg,2
/var/scratch/adam/cassava-raw/cassavaleafdata/train/cbsd/train-cbsd-864.jpg,1
/var/scratch/adam/cassava-raw/cassavaleafdata/train/cmd/train-cmd-665.jpg,3
/var/scratch/adam/cassava-raw/cassavaleafdata/train/cmd/train-cmd-2453.jpg,3
/var/scratch/adam/cassava-raw/cassavaleafdata/train/cbb/train-cbb-216.jpg,0
/var/scratch/adam/cassava-raw/cassavaleafdata/train/cmd/train-cmd-362.jpg,3
/var/scratch/adam/cassava-raw/cassavaleafdata/train/cmd/train-cmd-1555.jpg,3
/var/scratch/adam/cassava-raw/cassavaleafdata/train/cmd/train-cmd-450.jpg,3
/var/scratch/adam/cassava-raw/cassavaleafdata/train/cmd/train-cmd-713.jpg,3
/var/scratch/adam/cassava-raw/cassavaleafdata/train/cbsd/train-cbsd-559.jpg,1
/var/scratch/adam/cassava-raw/cassavaleafdata/train/cgm/train-cgm-333.jpg,2
/var/scratch/adam/cassava-raw/cassavaleafdata/train/cmd/train-cmd-359.jpg,3
/var/scratch/adam/cassava-raw/cassavaleafdata/train/cbsd/train-cbsd-562.jpg,1
/var/scratch/adam/cassava-raw/cassavaleafdata/train/cmd/train-cmd-912.jpg,3
/var/scratch/adam/cassava-raw/cassavaleafdata/train/cbsd/train-cbsd-234.jpg,1
/var/scratch/adam/cassava-raw/cassavaleafdata/train/cbsd/train-cbsd-1030.jpg,1
/var/scratch/adam/cassava-raw/cassavaleafdata/train/cbsd/train-cbsd-427.jpg,1
/var/scratch/adam/cassava-raw/cassavaleafdata/train/cbsd/train-cbsd-443.jpg,1
/var/scratch/adam/cassava-raw/cassavaleafdata/train/cmd/train-cmd-1783.jpg,3
/var/scratch/adam/cassava-raw/cassavaleafdata/train/cbb/train-cbb-21.jpg,0
/var/scratch/adam/cassava-raw/cassavaleafdata/train/cgm/train-cgm-692.jpg,2
/var/scratch/adam/cassava-raw/cassavaleafdata/train/cgm/train-cgm-438.jpg,2
/var/scratch/adam/cassava-raw/cassavaleafdata/train/cmd/train-cmd-1584.jpg,3
/var/scratch/adam/cassava-raw/cassavaleafdata/train/cbsd/train-cbsd-922.jpg,1
/var/scratch/adam/cassava-raw/cassavaleafdata/train/healthy/train-healthy-141.jpg,4
/var/scratch/adam/cassava-raw/cassavaleafdata/train/healthy/train-healthy-25.jpg,4
/var/scratch/adam/cassava-raw/cassavaleafdata/train/cgm/train-cgm-158.jpg,2
/var/scratch/adam/cassava-raw/cassavaleafdata/train/cbsd/train-cbsd-28.jpg,1
/var/scratch/adam/cassava-raw/cassavaleafdata/train/cbsd/train-cbsd-703.jpg,1
/var/scratch/adam/cassava-raw/cassavaleafdata/train/cgm/train-cgm-91.jpg,2
/var/scratch/adam/cassava-raw/cassavaleafdata/train/cmd/train-cmd-1262.jpg,3
/var/scratch/adam/cassava-raw/cassavaleafdata/train/cbsd/train-cbsd-959.jpg,1
/var/scratch/adam/cassava-raw/cassavaleafdata/train/cmd/train-cmd-1402.jpg,3
/var/scratch/adam/cassava-raw/cassavaleafdata/train/cmd/train-cmd-743.jpg,3
/var/scratch/adam/cassava-raw/cassavaleafdata/train/cmd/train-cmd-347.jpg,3
/var/scratch/adam/cassava-raw/cassavaleafdata/train/cbsd/train-cbsd-209.jpg,1
/var/scratch/adam/cassava-raw/cassavaleafdata/train/cbsd/train-cbsd-318.jpg,1
/var/scratch/adam/cassava-raw/cassavaleafdata/train/cmd/train-cmd-1331.jpg,3
/var/scratch/adam/cassava-raw/cassavaleafdata/train/cmd/train-cmd-210.jpg,3
/var/scratch/adam/cassava-raw/cassavaleafdata/train/cgm/train-cgm-691.jpg,2
/var/scratch/adam/cassava-raw/cassavaleafdata/train/cmd/train-cmd-1580.jpg,3
/var/scratch/adam/cassava-raw/cassavaleafdata/train/cmd/train-cmd-2217.jpg,3
/var/scratch/adam/cassava-raw/cassavaleafdata/train/cbb/train-cbb-222.jpg,0
/var/scratch/adam/cassava-raw/cassavaleafdata/train/cbsd/train-cbsd-1243.jpg,1
/var/scratch/adam/cassava-raw/cassavaleafdata/train/cbsd/train-cbsd-610.jpg,1
/var/scratch/adam/cassava-raw/cassavaleafdata/train/cmd/train-cmd-2645.jpg,3
/var/scratch/adam/cassava-raw/cassavaleafdata/train/cmd/train-cmd-2500.jpg,3
/var/scratch/adam/cassava-raw/cassavaleafdata/train/cmd/train-cmd-2456.jpg,3
/var/scratch/adam/cassava-raw/cassavaleafdata/train/cmd/train-cmd-2640.jpg,3
/var/scratch/adam/cassava-raw/cassavaleafdata/train/healthy/train-healthy-89.jpg,4
/var/scratch/adam/cassava-raw/cassavaleafdata/train/cbsd/train-cbsd-700.jpg,1
/var/scratch/adam/cassava-raw/cassavaleafdata/train/cgm/train-cgm-684.jpg,2
/var/scratch/adam/cassava-raw/cassavaleafdata/train/cbsd/train-cbsd-660.jpg,1
/var/scratch/adam/cassava-raw/cassavaleafdata/train/cmd/train-cmd-197.jpg,3
/var/scratch/adam/cassava-raw/cassavaleafdata/train/cbb/train-cbb-460.jpg,0
/var/scratch/adam/cassava-raw/cassavaleafdata/train/cbsd/train-cbsd-200.jpg,1
/var/scratch/adam/cassava-raw/cassavaleafdata/train/cbsd/train-cbsd-478.jpg,1
/var/scratch/adam/cassava-raw/cassavaleafdata/train/cmd/train-cmd-1824.jpg,3
/var/scratch/adam/cassava-raw/cassavaleafdata/train/cmd/train-cmd-1566.jpg,3
/var/scratch/adam/cassava-raw/cassavaleafdata/train/cmd/train-cmd-1311.jpg,3
/var/scratch/adam/cassava-raw/cassavaleafdata/train/cbsd/train-cbsd-339.jpg,1
/var/scratch/adam/cassava-raw/cassavaleafdata/train/cmd/train-cmd-1667.jpg,3
/var/scratch/adam/cassava-raw/cassavaleafdata/train/cmd/train-cmd-1603.jpg,3
/var/scratch/adam/cassava-raw/cassavaleafdata/train/healthy/train-healthy-151.jpg,4
/var/scratch/adam/cassava-raw/cassavaleafdata/train/cmd/train-cmd-2626.jpg,3
/var/scratch/adam/cassava-raw/cassavaleafdata/train/cbsd/train-cbsd-680.jpg,1
/var/scratch/adam/cassava-raw/cassavaleafdata/train/cmd/train-cmd-283.jpg,3
/var/scratch/adam/cassava-raw/cassavaleafdata/train/cmd/train-cmd-2506.jpg,3
/var/scratch/adam/cassava-raw/cassavaleafdata/train/cmd/train-cmd-365.jpg,3
/var/scratch/adam/cassava-raw/cassavaleafdata/train/cmd/train-cmd-1968.jpg,3
/var/scratch/adam/cassava-raw/cassavaleafdata/train/cbb/train-cbb-360.jpg,0
/var/scratch/adam/cassava-raw/cassavaleafdata/train/cmd/train-cmd-583.jpg,3
/var/scratch/adam/cassava-raw/cassavaleafdata/train/cbsd/train-cbsd-1043.jpg,1
/var/scratch/adam/cassava-raw/cassavaleafdata/train/cgm/train-cgm-548.jpg,2
/var/scratch/adam/cassava-raw/cassavaleafdata/train/cbsd/train-cbsd-205.jpg,1
/var/scratch/adam/cassava-raw/cassavaleafdata/train/cmd/train-cmd-1055.jpg,3
/var/scratch/adam/cassava-raw/cassavaleafdata/train/cmd/train-cmd-1092.jpg,3
/var/scratch/adam/cassava-raw/cassavaleafdata/train/cmd/train-cmd-288.jpg,3
/var/scratch/adam/cassava-raw/cassavaleafdata/train/cbb/train-cbb-201.jpg,0
/var/scratch/adam/cassava-raw/cassavaleafdata/train/cbsd/train-cbsd-52.jpg,1
/var/scratch/adam/cassava-raw/cassavaleafdata/train/cmd/train-cmd-130.jpg,3
/var/scratch/adam/cassava-raw/cassavaleafdata/train/cmd/train-cmd-2102.jpg,3
/var/scratch/adam/cassava-raw/cassavaleafdata/train/cbsd/train-cbsd-321.jpg,1
/var/scratch/adam/cassava-raw/cassavaleafdata/train/cmd/train-cmd-2380.jpg,3
/var/scratch/adam/cassava-raw/cassavaleafdata/train/healthy/train-healthy-30.jpg,4
/var/scratch/adam/cassava-raw/cassavaleafdata/train/cgm/train-cgm-175.jpg,2
/var/scratch/adam/cassava-raw/cassavaleafdata/train/cmd/train-cmd-2536.jpg,3
/var/scratch/adam/cassava-raw/cassavaleafdata/train/cmd/train-cmd-1199.jpg,3
/var/scratch/adam/cassava-raw/cassavaleafdata/train/cgm/train-cgm-156.jpg,2
/var/scratch/adam/cassava-raw/cassavaleafdata/train/cgm/train-cgm-198.jpg,2
/var/scratch/adam/cassava-raw/cassavaleafdata/train/healthy/train-healthy-302.jpg,4
/var/scratch/adam/cassava-raw/cassavaleafdata/train/cgm/train-cgm-545.jpg,2
/var/scratch/adam/cassava-raw/cassavaleafdata/train/cbsd/train-cbsd-1235.jpg,1
/var/scratch/adam/cassava-raw/cassavaleafdata/train/cgm/train-cgm-54.jpg,2
/var/scratch/adam/cassava-raw/cassavaleafdata/train/cbb/train-cbb-185.jpg,0
/var/scratch/adam/cassava-raw/cassavaleafdata/train/cmd/train-cmd-425.jpg,3
/var/scratch/adam/cassava-raw/cassavaleafdata/train/cmd/train-cmd-772.jpg,3
/var/scratch/adam/cassava-raw/cassavaleafdata/train/cmd/train-cmd-1433.jpg,3
/var/scratch/adam/cassava-raw/cassavaleafdata/train/healthy/train-healthy-102.jpg,4
/var/scratch/adam/cassava-raw/cassavaleafdata/train/cmd/train-cmd-483.jpg,3
/var/scratch/adam/cassava-raw/cassavaleafdata/train/healthy/train-healthy-277.jpg,4
/var/scratch/adam/cassava-raw/cassavaleafdata/train/cbsd/train-cbsd-1069.jpg,1
/var/scratch/adam/cassava-raw/cassavaleafdata/train/cgm/train-cgm-322.jpg,2
/var/scratch/adam/cassava-raw/cassavaleafdata/train/healthy/train-healthy-300.jpg,4
/var/scratch/adam/cassava-raw/cassavaleafdata/train/cmd/train-cmd-2122.jpg,3
/var/scratch/adam/cassava-raw/cassavaleafdata/train/cmd/train-cmd-1604.jpg,3
/var/scratch/adam/cassava-raw/cassavaleafdata/train/cmd/train-cmd-1925.jpg,3
/var/scratch/adam/cassava-raw/cassavaleafdata/train/cgm/train-cgm-163.jpg,2
/var/scratch/adam/cassava-raw/cassavaleafdata/train/cbsd/train-cbsd-753.jpg,1
/var/scratch/adam/cassava-raw/cassavaleafdata/train/cbsd/train-cbsd-66.jpg,1
/var/scratch/adam/cassava-raw/cassavaleafdata/train/cmd/train-cmd-2141.jpg,3
/var/scratch/adam/cassava-raw/cassavaleafdata/train/cmd/train-cmd-2302.jpg,3
/var/scratch/adam/cassava-raw/cassavaleafdata/train/cbb/train-cbb-284.jpg,0
/var/scratch/adam/cassava-raw/cassavaleafdata/train/cbsd/train-cbsd-1010.jpg,1
/var/scratch/adam/cassava-raw/cassavaleafdata/train/cbsd/train-cbsd-918.jpg,1
/var/scratch/adam/cassava-raw/cassavaleafdata/train/cgm/train-cgm-183.jpg,2
/var/scratch/adam/cassava-raw/cassavaleafdata/train/cbsd/train-cbsd-1066.jpg,1
/var/scratch/adam/cassava-raw/cassavaleafdata/train/cbsd/train-cbsd-299.jpg,1
/var/scratch/adam/cassava-raw/cassavaleafdata/train/cgm/train-cgm-341.jpg,2
/var/scratch/adam/cassava-raw/cassavaleafdata/train/cbsd/train-cbsd-871.jpg,1
/var/scratch/adam/cassava-raw/cassavaleafdata/train/healthy/train-healthy-72.jpg,4
/var/scratch/adam/cassava-raw/cassavaleafdata/train/cbb/train-cbb-20.jpg,0
/var/scratch/adam/cassava-raw/cassavaleafdata/train/cmd/train-cmd-230.jpg,3
/var/scratch/adam/cassava-raw/cassavaleafdata/train/cbsd/train-cbsd-1032.jpg,1
/var/scratch/adam/cassava-raw/cassavaleafdata/train/cmd/train-cmd-2538.jpg,3
/var/scratch/adam/cassava-raw/cassavaleafdata/train/cgm/train-cgm-619.jpg,2
/var/scratch/adam/cassava-raw/cassavaleafdata/train/cmd/train-cmd-77.jpg,3
/var/scratch/adam/cassava-raw/cassavaleafdata/train/cmd/train-cmd-142.jpg,3
/var/scratch/adam/cassava-raw/cassavaleafdata/train/cmd/train-cmd-1385.jpg,3
/var/scratch/adam/cassava-raw/cassavaleafdata/train/cgm/train-cgm-145.jpg,2
/var/scratch/adam/cassava-raw/cassavaleafdata/train/cmd/train-cmd-1962.jpg,3
/var/scratch/adam/cassava-raw/cassavaleafdata/train/cgm/train-cgm-110.jpg,2
/var/scratch/adam/cassava-raw/cassavaleafdata/train/cgm/train-cgm-168.jpg,2
/var/scratch/adam/cassava-raw/cassavaleafdata/train/cmd/train-cmd-1900.jpg,3
/var/scratch/adam/cassava-raw/cassavaleafdata/train/cbb/train-cbb-125.jpg,0
/var/scratch/adam/cassava-raw/cassavaleafdata/train/cmd/train-cmd-1442.jpg,3
/var/scratch/adam/cassava-raw/cassavaleafdata/train/cmd/train-cmd-679.jpg,3
/var/scratch/adam/cassava-raw/cassavaleafdata/train/cbb/train-cbb-139.jpg,0
/var/scratch/adam/cassava-raw/cassavaleafdata/train/cmd/train-cmd-1280.jpg,3
/var/scratch/adam/cassava-raw/cassavaleafdata/train/cgm/train-cgm-382.jpg,2
/var/scratch/adam/cassava-raw/cassavaleafdata/train/cbsd/train-cbsd-102.jpg,1
/var/scratch/adam/cassava-raw/cassavaleafdata/train/cmd/train-cmd-778.jpg,3
/var/scratch/adam/cassava-raw/cassavaleafdata/train/healthy/train-healthy-256.jpg,4
/var/scratch/adam/cassava-raw/cassavaleafdata/train/cbsd/train-cbsd-1218.jpg,1
/var/scratch/adam/cassava-raw/cassavaleafdata/train/cmd/train-cmd-1067.jpg,3
/var/scratch/adam/cassava-raw/cassavaleafdata/train/cmd/train-cmd-773.jpg,3
/var/scratch/adam/cassava-raw/cassavaleafdata/train/healthy/train-healthy-177.jpg,4
/var/scratch/adam/cassava-raw/cassavaleafdata/train/cmd/train-cmd-464.jpg,3
/var/scratch/adam/cassava-raw/cassavaleafdata/train/cmd/train-cmd-1239.jpg,3
/var/scratch/adam/cassava-raw/cassavaleafdata/train/healthy/train-healthy-98.jpg,4
/var/scratch/adam/cassava-raw/cassavaleafdata/train/cbsd/train-cbsd-1294.jpg,1
/var/scratch/adam/cassava-raw/cassavaleafdata/train/cbsd/train-cbsd-884.jpg,1
/var/scratch/adam/cassava-raw/cassavaleafdata/train/cgm/train-cgm-414.jpg,2
/var/scratch/adam/cassava-raw/cassavaleafdata/train/cmd/train-cmd-120.jpg,3
/var/scratch/adam/cassava-raw/cassavaleafdata/train/cmd/train-cmd-1750.jpg,3
/var/scratch/adam/cassava-raw/cassavaleafdata/train/cmd/train-cmd-2157.jpg,3
/var/scratch/adam/cassava-raw/cassavaleafdata/train/cmd/train-cmd-1051.jpg,3
/var/scratch/adam/cassava-raw/cassavaleafdata/train/cgm/train-cgm-4.jpg,2
/var/scratch/adam/cassava-raw/cassavaleafdata/train/cbb/train-cbb-224.jpg,0
/var/scratch/adam/cassava-raw/cassavaleafdata/train/cbsd/train-cbsd-1177.jpg,1
/var/scratch/adam/cassava-raw/cassavaleafdata/train/cmd/train-cmd-1490.jpg,3
/var/scratch/adam/cassava-raw/cassavaleafdata/train/cmd/train-cmd-610.jpg,3
/var/scratch/adam/cassava-raw/cassavaleafdata/train/cbsd/train-cbsd-1426.jpg,1
/var/scratch/adam/cassava-raw/cassavaleafdata/train/cbsd/train-cbsd-564.jpg,1
/var/scratch/adam/cassava-raw/cassavaleafdata/train/cgm/train-cgm-591.jpg,2
/var/scratch/adam/cassava-raw/cassavaleafdata/train/cmd/train-cmd-1470.jpg,3
/var/scratch/adam/cassava-raw/cassavaleafdata/train/cmd/train-cmd-2343.jpg,3
/var/scratch/adam/cassava-raw/cassavaleafdata/train/cmd/train-cmd-2466.jpg,3
/var/scratch/adam/cassava-raw/cassavaleafdata/train/cmd/train-cmd-485.jpg,3
/var/scratch/adam/cassava-raw/cassavaleafdata/train/cmd/train-cmd-2605.jpg,3
/var/scratch/adam/cassava-raw/cassavaleafdata/train/cmd/train-cmd-329.jpg,3
/var/scratch/adam/cassava-raw/cassavaleafdata/train/cmd/train-cmd-1872.jpg,3
/var/scratch/adam/cassava-raw/cassavaleafdata/train/cmd/train-cmd-2413.jpg,3
/var/scratch/adam/cassava-raw/cassavaleafdata/train/cmd/train-cmd-803.jpg,3
/var/scratch/adam/cassava-raw/cassavaleafdata/train/cgm/train-cgm-353.jpg,2
/var/scratch/adam/cassava-raw/cassavaleafdata/train/cmd/train-cmd-518.jpg,3
/var/scratch/adam/cassava-raw/cassavaleafdata/train/cmd/train-cmd-109.jpg,3
/var/scratch/adam/cassava-raw/cassavaleafdata/train/cbb/train-cbb-373.jpg,0
/var/scratch/adam/cassava-raw/cassavaleafdata/train/cbsd/train-cbsd-109.jpg,1
/var/scratch/adam/cassava-raw/cassavaleafdata/train/cmd/train-cmd-366.jpg,3
/var/scratch/adam/cassava-raw/cassavaleafdata/train/cbsd/train-cbsd-776.jpg,1
/var/scratch/adam/cassava-raw/cassavaleafdata/train/cgm/train-cgm-237.jpg,2
/var/scratch/adam/cassava-raw/cassavaleafdata/train/cmd/train-cmd-1664.jpg,3
/var/scratch/adam/cassava-raw/cassavaleafdata/train/cbsd/train-cbsd-1401.jpg,1
/var/scratch/adam/cassava-raw/cassavaleafdata/train/cmd/train-cmd-1122.jpg,3
/var/scratch/adam/cassava-raw/cassavaleafdata/train/cmd/train-cmd-459.jpg,3
/var/scratch/adam/cassava-raw/cassavaleafdata/train/cgm/train-cgm-434.jpg,2
/var/scratch/adam/cassava-raw/cassavaleafdata/train/cbsd/train-cbsd-182.jpg,1
/var/scratch/adam/cassava-raw/cassavaleafdata/train/cmd/train-cmd-1775.jpg,3
/var/scratch/adam/cassava-raw/cassavaleafdata/train/cmd/train-cmd-816.jpg,3
/var/scratch/adam/cassava-raw/cassavaleafdata/train/cmd/train-cmd-536.jpg,3
/var/scratch/adam/cassava-raw/cassavaleafdata/train/cmd/train-cmd-1313.jpg,3
/var/scratch/adam/cassava-raw/cassavaleafdata/train/cmd/train-cmd-31.jpg,3
/var/scratch/adam/cassava-raw/cassavaleafdata/train/cbsd/train-cbsd-246.jpg,1
/var/scratch/adam/cassava-raw/cassavaleafdata/train/cmd/train-cmd-2420.jpg,3
/var/scratch/adam/cassava-raw/cassavaleafdata/train/cmd/train-cmd-2503.jpg,3
/var/scratch/adam/cassava-raw/cassavaleafdata/train/cmd/train-cmd-1340.jpg,3
/var/scratch/adam/cassava-raw/cassavaleafdata/train/cmd/train-cmd-2648.jpg,3
/var/scratch/adam/cassava-raw/cassavaleafdata/train/cbsd/train-cbsd-76.jpg,1
/var/scratch/adam/cassava-raw/cassavaleafdata/train/cmd/train-cmd-1128.jpg,3
/var/scratch/adam/cassava-raw/cassavaleafdata/train/cmd/train-cmd-1444.jpg,3
/var/scratch/adam/cassava-raw/cassavaleafdata/train/cbb/train-cbb-186.jpg,0
/var/scratch/adam/cassava-raw/cassavaleafdata/train/cmd/train-cmd-209.jpg,3
/var/scratch/adam/cassava-raw/cassavaleafdata/train/cbsd/train-cbsd-350.jpg,1
/var/scratch/adam/cassava-raw/cassavaleafdata/train/cbsd/train-cbsd-1364.jpg,1
/var/scratch/adam/cassava-raw/cassavaleafdata/train/cmd/train-cmd-1984.jpg,3
/var/scratch/adam/cassava-raw/cassavaleafdata/train/cmd/train-cmd-1421.jpg,3
/var/scratch/adam/cassava-raw/cassavaleafdata/train/cmd/train-cmd-1506.jpg,3
/var/scratch/adam/cassava-raw/cassavaleafdata/train/healthy/train-healthy-234.jpg,4
/var/scratch/adam/cassava-raw/cassavaleafdata/train/cbsd/train-cbsd-416.jpg,1
/var/scratch/adam/cassava-raw/cassavaleafdata/train/cgm/train-cgm-55.jpg,2
/var/scratch/adam/cassava-raw/cassavaleafdata/train/cbsd/train-cbsd-1380.jpg,1
/var/scratch/adam/cassava-raw/cassavaleafdata/train/cmd/train-cmd-1898.jpg,3
/var/scratch/adam/cassava-raw/cassavaleafdata/train/cbsd/train-cbsd-193.jpg,1
/var/scratch/adam/cassava-raw/cassavaleafdata/train/cmd/train-cmd-1295.jpg,3
/var/scratch/adam/cassava-raw/cassavaleafdata/train/cmd/train-cmd-1683.jpg,3
/var/scratch/adam/cassava-raw/cassavaleafdata/train/cbsd/train-cbsd-340.jpg,1
/var/scratch/adam/cassava-raw/cassavaleafdata/train/cmd/train-cmd-864.jpg,3
/var/scratch/adam/cassava-raw/cassavaleafdata/train/cmd/train-cmd-1430.jpg,3
/var/scratch/adam/cassava-raw/cassavaleafdata/train/cbsd/train-cbsd-1282.jpg,1
/var/scratch/adam/cassava-raw/cassavaleafdata/train/cmd/train-cmd-1077.jpg,3
/var/scratch/adam/cassava-raw/cassavaleafdata/train/cbsd/train-cbsd-826.jpg,1
/var/scratch/adam/cassava-raw/cassavaleafdata/train/cmd/train-cmd-1254.jpg,3
/var/scratch/adam/cassava-raw/cassavaleafdata/train/cbsd/train-cbsd-767.jpg,1
/var/scratch/adam/cassava-raw/cassavaleafdata/train/cmd/train-cmd-723.jpg,3
/var/scratch/adam/cassava-raw/cassavaleafdata/train/cbsd/train-cbsd-969.jpg,1
/var/scratch/adam/cassava-raw/cassavaleafdata/train/cbsd/train-cbsd-936.jpg,1
/var/scratch/adam/cassava-raw/cassavaleafdata/train/cbsd/train-cbsd-438.jpg,1
/var/scratch/adam/cassava-raw/cassavaleafdata/train/cmd/train-cmd-1357.jpg,3
/var/scratch/adam/cassava-raw/cassavaleafdata/train/cmd/train-cmd-2303.jpg,3
/var/scratch/adam/cassava-raw/cassavaleafdata/train/cmd/train-cmd-1009.jpg,3
/var/scratch/adam/cassava-raw/cassavaleafdata/train/cgm/train-cgm-267.jpg,2
/var/scratch/adam/cassava-raw/cassavaleafdata/train/cgm/train-cgm-645.jpg,2
/var/scratch/adam/cassava-raw/cassavaleafdata/train/cbsd/train-cbsd-483.jpg,1
/var/scratch/adam/cassava-raw/cassavaleafdata/train/cmd/train-cmd-2486.jpg,3
/var/scratch/adam/cassava-raw/cassavaleafdata/train/healthy/train-healthy-136.jpg,4
/var/scratch/adam/cassava-raw/cassavaleafdata/train/cbsd/train-cbsd-92.jpg,1
/var/scratch/adam/cassava-raw/cassavaleafdata/train/cmd/train-cmd-1154.jpg,3
/var/scratch/adam/cassava-raw/cassavaleafdata/train/healthy/train-healthy-227.jpg,4
/var/scratch/adam/cassava-raw/cassavaleafdata/train/cmd/train-cmd-2184.jpg,3
/var/scratch/adam/cassava-raw/cassavaleafdata/train/cgm/train-cgm-207.jpg,2
/var/scratch/adam/cassava-raw/cassavaleafdata/train/cmd/train-cmd-1305.jpg,3
/var/scratch/adam/cassava-raw/cassavaleafdata/train/healthy/train-healthy-254.jpg,4
/var/scratch/adam/cassava-raw/cassavaleafdata/train/healthy/train-healthy-295.jpg,4
/var/scratch/adam/cassava-raw/cassavaleafdata/train/cmd/train-cmd-1553.jpg,3
/var/scratch/adam/cassava-raw/cassavaleafdata/train/cgm/train-cgm-456.jpg,2
/var/scratch/adam/cassava-raw/cassavaleafdata/train/cmd/train-cmd-1390.jpg,3
/var/scratch/adam/cassava-raw/cassavaleafdata/train/cmd/train-cmd-1020.jpg,3
/var/scratch/adam/cassava-raw/cassavaleafdata/train/cbsd/train-cbsd-367.jpg,1
/var/scratch/adam/cassava-raw/cassavaleafdata/train/cmd/train-cmd-2566.jpg,3
/var/scratch/adam/cassava-raw/cassavaleafdata/train/cmd/train-cmd-2009.jpg,3
/var/scratch/adam/cassava-raw/cassavaleafdata/train/cmd/train-cmd-1028.jpg,3
/var/scratch/adam/cassava-raw/cassavaleafdata/train/cbb/train-cbb-347.jpg,0
/var/scratch/adam/cassava-raw/cassavaleafdata/train/cgm/train-cgm-35.jpg,2
/var/scratch/adam/cassava-raw/cassavaleafdata/train/cmd/train-cmd-98.jpg,3
/var/scratch/adam/cassava-raw/cassavaleafdata/train/healthy/train-healthy-192.jpg,4
/var/scratch/adam/cassava-raw/cassavaleafdata/train/cmd/train-cmd-693.jpg,3
/var/scratch/adam/cassava-raw/cassavaleafdata/train/cbb/train-cbb-451.jpg,0
/var/scratch/adam/cassava-raw/cassavaleafdata/train/cmd/train-cmd-2064.jpg,3
/var/scratch/adam/cassava-raw/cassavaleafdata/train/cgm/train-cgm-49.jpg,2
/var/scratch/adam/cassava-raw/cassavaleafdata/train/cmd/train-cmd-941.jpg,3
/var/scratch/adam/cassava-raw/cassavaleafdata/train/cmd/train-cmd-1861.jpg,3
/var/scratch/adam/cassava-raw/cassavaleafdata/train/cbsd/train-cbsd-426.jpg,1
/var/scratch/adam/cassava-raw/cassavaleafdata/train/cgm/train-cgm-46.jpg,2
/var/scratch/adam/cassava-raw/cassavaleafdata/train/cbsd/train-cbsd-474.jpg,1
/var/scratch/adam/cassava-raw/cassavaleafdata/train/cmd/train-cmd-2018.jpg,3
/var/scratch/adam/cassava-raw/cassavaleafdata/train/cmd/train-cmd-2320.jpg,3
/var/scratch/adam/cassava-raw/cassavaleafdata/train/cbsd/train-cbsd-1405.jpg,1
/var/scratch/adam/cassava-raw/cassavaleafdata/train/cmd/train-cmd-157.jpg,3
/var/scratch/adam/cassava-raw/cassavaleafdata/train/cmd/train-cmd-2562.jpg,3
/var/scratch/adam/cassava-raw/cassavaleafdata/train/cbsd/train-cbsd-965.jpg,1
/var/scratch/adam/cassava-raw/cassavaleafdata/train/cmd/train-cmd-19.jpg,3
/var/scratch/adam/cassava-raw/cassavaleafdata/train/cmd/train-cmd-2089.jpg,3
/var/scratch/adam/cassava-raw/cassavaleafdata/train/cmd/train-cmd-289.jpg,3
/var/scratch/adam/cassava-raw/cassavaleafdata/train/cgm/train-cgm-92.jpg,2
/var/scratch/adam/cassava-raw/cassavaleafdata/train/cmd/train-cmd-698.jpg,3
/var/scratch/adam/cassava-raw/cassavaleafdata/train/cmd/train-cmd-989.jpg,3
/var/scratch/adam/cassava-raw/cassavaleafdata/train/cbsd/train-cbsd-1176.jpg,1
/var/scratch/adam/cassava-raw/cassavaleafdata/train/cmd/train-cmd-2260.jpg,3
/var/scratch/adam/cassava-raw/cassavaleafdata/train/cmd/train-cmd-751.jpg,3
/var/scratch/adam/cassava-raw/cassavaleafdata/train/cbsd/train-cbsd-105.jpg,1
/var/scratch/adam/cassava-raw/cassavaleafdata/train/cbb/train-cbb-388.jpg,0
/var/scratch/adam/cassava-raw/cassavaleafdata/train/cmd/train-cmd-2154.jpg,3
/var/scratch/adam/cassava-raw/cassavaleafdata/train/cmd/train-cmd-315.jpg,3
/var/scratch/adam/cassava-raw/cassavaleafdata/train/cmd/train-cmd-1811.jpg,3
/var/scratch/adam/cassava-raw/cassavaleafdata/train/cmd/train-cmd-174.jpg,3
/var/scratch/adam/cassava-raw/cassavaleafdata/train/cmd/train-cmd-1765.jpg,3
/var/scratch/adam/cassava-raw/cassavaleafdata/train/cgm/train-cgm-757.jpg,2
/var/scratch/adam/cassava-raw/cassavaleafdata/train/cmd/train-cmd-513.jpg,3
/var/scratch/adam/cassava-raw/cassavaleafdata/train/cbsd/train-cbsd-320.jpg,1
/var/scratch/adam/cassava-raw/cassavaleafdata/train/cmd/train-cmd-1538.jpg,3
/var/scratch/adam/cassava-raw/cassavaleafdata/train/cgm/train-cgm-323.jpg,2
/var/scratch/adam/cassava-raw/cassavaleafdata/train/cgm/train-cgm-117.jpg,2
/var/scratch/adam/cassava-raw/cassavaleafdata/train/cmd/train-cmd-466.jpg,3
/var/scratch/adam/cassava-raw/cassavaleafdata/train/cbsd/train-cbsd-172.jpg,1
/var/scratch/adam/cassava-raw/cassavaleafdata/train/cbb/train-cbb-9.jpg,0
/var/scratch/adam/cassava-raw/cassavaleafdata/train/cbsd/train-cbsd-889.jpg,1
/var/scratch/adam/cassava-raw/cassavaleafdata/train/cmd/train-cmd-553.jpg,3
/var/scratch/adam/cassava-raw/cassavaleafdata/train/cmd/train-cmd-472.jpg,3
/var/scratch/adam/cassava-raw/cassavaleafdata/train/cbsd/train-cbsd-1244.jpg,1
/var/scratch/adam/cassava-raw/cassavaleafdata/train/cmd/train-cmd-428.jpg,3
/var/scratch/adam/cassava-raw/cassavaleafdata/train/cgm/train-cgm-529.jpg,2
/var/scratch/adam/cassava-raw/cassavaleafdata/train/cmd/train-cmd-2045.jpg,3
/var/scratch/adam/cassava-raw/cassavaleafdata/train/cgm/train-cgm-426.jpg,2
/var/scratch/adam/cassava-raw/cassavaleafdata/train/cmd/train-cmd-648.jpg,3
/var/scratch/adam/cassava-raw/cassavaleafdata/train/cmd/train-cmd-2083.jpg,3
/var/scratch/adam/cassava-raw/cassavaleafdata/train/cmd/train-cmd-1049.jpg,3
/var/scratch/adam/cassava-raw/cassavaleafdata/train/cmd/train-cmd-1473.jpg,3
/var/scratch/adam/cassava-raw/cassavaleafdata/train/cmd/train-cmd-1184.jpg,3
/var/scratch/adam/cassava-raw/cassavaleafdata/train/healthy/train-healthy-275.jpg,4
/var/scratch/adam/cassava-raw/cassavaleafdata/train/cbsd/train-cbsd-327.jpg,1
/var/scratch/adam/cassava-raw/cassavaleafdata/train/cbb/train-cbb-269.jpg,0
/var/scratch/adam/cassava-raw/cassavaleafdata/train/cmd/train-cmd-1416.jpg,3
/var/scratch/adam/cassava-raw/cassavaleafdata/train/cbb/train-cbb-109.jpg,0
/var/scratch/adam/cassava-raw/cassavaleafdata/train/cmd/train-cmd-1600.jpg,3
/var/scratch/adam/cassava-raw/cassavaleafdata/train/cbsd/train-cbsd-289.jpg,1
/var/scratch/adam/cassava-raw/cassavaleafdata/train/cgm/train-cgm-287.jpg,2
/var/scratch/adam/cassava-raw/cassavaleafdata/train/cmd/train-cmd-1268.jpg,3
/var/scratch/adam/cassava-raw/cassavaleafdata/train/cbsd/train-cbsd-439.jpg,1
/var/scratch/adam/cassava-raw/cassavaleafdata/train/cbb/train-cbb-443.jpg,0
/var/scratch/adam/cassava-raw/cassavaleafdata/train/cbsd/train-cbsd-1029.jpg,1
/var/scratch/adam/cassava-raw/cassavaleafdata/train/cmd/train-cmd-1892.jpg,3
/var/scratch/adam/cassava-raw/cassavaleafdata/train/cbb/train-cbb-299.jpg,0
/var/scratch/adam/cassava-raw/cassavaleafdata/train/cbb/train-cbb-263.jpg,0
/var/scratch/adam/cassava-raw/cassavaleafdata/train/cbb/train-cbb-111.jpg,0
/var/scratch/adam/cassava-raw/cassavaleafdata/train/healthy/train-healthy-238.jpg,4
/var/scratch/adam/cassava-raw/cassavaleafdata/train/cmd/train-cmd-2004.jpg,3
/var/scratch/adam/cassava-raw/cassavaleafdata/train/cbb/train-cbb-230.jpg,0
/var/scratch/adam/cassava-raw/cassavaleafdata/train/cmd/train-cmd-1568.jpg,3
/var/scratch/adam/cassava-raw/cassavaleafdata/train/cmd/train-cmd-1033.jpg,3
/var/scratch/adam/cassava-raw/cassavaleafdata/train/cmd/train-cmd-1176.jpg,3
/var/scratch/adam/cassava-raw/cassavaleafdata/train/cmd/train-cmd-2430.jpg,3
/var/scratch/adam/cassava-raw/cassavaleafdata/train/cmd/train-cmd-401.jpg,3
/var/scratch/adam/cassava-raw/cassavaleafdata/train/cgm/train-cgm-360.jpg,2
/var/scratch/adam/cassava-raw/cassavaleafdata/train/cgm/train-cgm-655.jpg,2
/var/scratch/adam/cassava-raw/cassavaleafdata/train/cbb/train-cbb-213.jpg,0
/var/scratch/adam/cassava-raw/cassavaleafdata/train/cbsd/train-cbsd-1411.jpg,1
/var/scratch/adam/cassava-raw/cassavaleafdata/train/cmd/train-cmd-2153.jpg,3
/var/scratch/adam/cassava-raw/cassavaleafdata/train/cgm/train-cgm-226.jpg,2
/var/scratch/adam/cassava-raw/cassavaleafdata/train/cmd/train-cmd-2028.jpg,3
/var/scratch/adam/cassava-raw/cassavaleafdata/train/cbb/train-cbb-70.jpg,0
/var/scratch/adam/cassava-raw/cassavaleafdata/train/cbsd/train-cbsd-63.jpg,1
/var/scratch/adam/cassava-raw/cassavaleafdata/train/cmd/train-cmd-477.jpg,3
/var/scratch/adam/cassava-raw/cassavaleafdata/train/cbb/train-cbb-26.jpg,0
/var/scratch/adam/cassava-raw/cassavaleafdata/train/healthy/train-healthy-191.jpg,4
/var/scratch/adam/cassava-raw/cassavaleafdata/train/cmd/train-cmd-519.jpg,3
/var/scratch/adam/cassava-raw/cassavaleafdata/train/cmd/train-cmd-2023.jpg,3
/var/scratch/adam/cassava-raw/cassavaleafdata/train/cgm/train-cgm-459.jpg,2
/var/scratch/adam/cassava-raw/cassavaleafdata/train/cbsd/train-cbsd-673.jpg,1
/var/scratch/adam/cassava-raw/cassavaleafdata/train/cmd/train-cmd-1236.jpg,3
/var/scratch/adam/cassava-raw/cassavaleafdata/train/cgm/train-cgm-385.jpg,2
/var/scratch/adam/cassava-raw/cassavaleafdata/train/cmd/train-cmd-943.jpg,3
/var/scratch/adam/cassava-raw/cassavaleafdata/train/cbsd/train-cbsd-627.jpg,1
/var/scratch/adam/cassava-raw/cassavaleafdata/train/cmd/train-cmd-1322.jpg,3
/var/scratch/adam/cassava-raw/cassavaleafdata/train/cmd/train-cmd-1127.jpg,3
/var/scratch/adam/cassava-raw/cassavaleafdata/train/cbb/train-cbb-424.jpg,0
/var/scratch/adam/cassava-raw/cassavaleafdata/train/cmd/train-cmd-2107.jpg,3
/var/scratch/adam/cassava-raw/cassavaleafdata/train/cmd/train-cmd-2234.jpg,3
/var/scratch/adam/cassava-raw/cassavaleafdata/train/cgm/train-cgm-613.jpg,2
/var/scratch/adam/cassava-raw/cassavaleafdata/train/cmd/train-cmd-350.jpg,3
/var/scratch/adam/cassava-raw/cassavaleafdata/train/cmd/train-cmd-2524.jpg,3
/var/scratch/adam/cassava-raw/cassavaleafdata/train/cgm/train-cgm-562.jpg,2
/var/scratch/adam/cassava-raw/cassavaleafdata/train/cgm/train-cgm-615.jpg,2
/var/scratch/adam/cassava-raw/cassavaleafdata/train/cgm/train-cgm-653.jpg,2
/var/scratch/adam/cassava-raw/cassavaleafdata/train/cbsd/train-cbsd-71.jpg,1
/var/scratch/adam/cassava-raw/cassavaleafdata/train/cbsd/train-cbsd-333.jpg,1
/var/scratch/adam/cassava-raw/cassavaleafdata/train/cbb/train-cbb-62.jpg,0
/var/scratch/adam/cassava-raw/cassavaleafdata/train/cbsd/train-cbsd-277.jpg,1
/var/scratch/adam/cassava-raw/cassavaleafdata/train/healthy/train-healthy-179.jpg,4
/var/scratch/adam/cassava-raw/cassavaleafdata/train/cbsd/train-cbsd-388.jpg,1
/var/scratch/adam/cassava-raw/cassavaleafdata/train/cmd/train-cmd-2367.jpg,3
/var/scratch/adam/cassava-raw/cassavaleafdata/train/cbsd/train-cbsd-1356.jpg,1
/var/scratch/adam/cassava-raw/cassavaleafdata/train/cbsd/train-cbsd-378.jpg,1
/var/scratch/adam/cassava-raw/cassavaleafdata/train/cbsd/train-cbsd-659.jpg,1
/var/scratch/adam/cassava-raw/cassavaleafdata/train/healthy/train-healthy-183.jpg,4
/var/scratch/adam/cassava-raw/cassavaleafdata/train/cbsd/train-cbsd-520.jpg,1
/var/scratch/adam/cassava-raw/cassavaleafdata/train/cmd/train-cmd-266.jpg,3
/var/scratch/adam/cassava-raw/cassavaleafdata/train/cbsd/train-cbsd-749.jpg,1
/var/scratch/adam/cassava-raw/cassavaleafdata/train/cbsd/train-cbsd-495.jpg,1
/var/scratch/adam/cassava-raw/cassavaleafdata/train/cmd/train-cmd-2527.jpg,3
/var/scratch/adam/cassava-raw/cassavaleafdata/train/cmd/train-cmd-560.jpg,3
/var/scratch/adam/cassava-raw/cassavaleafdata/train/cbb/train-cbb-27.jpg,0
/var/scratch/adam/cassava-raw/cassavaleafdata/train/cbsd/train-cbsd-291.jpg,1
/var/scratch/adam/cassava-raw/cassavaleafdata/train/cbsd/train-cbsd-1274.jpg,1
/var/scratch/adam/cassava-raw/cassavaleafdata/train/cgm/train-cgm-288.jpg,2
/var/scratch/adam/cassava-raw/cassavaleafdata/train/cmd/train-cmd-2139.jpg,3
/var/scratch/adam/cassava-raw/cassavaleafdata/train/cmd/train-cmd-1384.jpg,3
/var/scratch/adam/cassava-raw/cassavaleafdata/train/cmd/train-cmd-1661.jpg,3
/var/scratch/adam/cassava-raw/cassavaleafdata/train/cbb/train-cbb-359.jpg,0
/var/scratch/adam/cassava-raw/cassavaleafdata/train/cbsd/train-cbsd-78.jpg,1
/var/scratch/adam/cassava-raw/cassavaleafdata/train/cmd/train-cmd-1408.jpg,3
/var/scratch/adam/cassava-raw/cassavaleafdata/train/cmd/train-cmd-1090.jpg,3
/var/scratch/adam/cassava-raw/cassavaleafdata/train/cbb/train-cbb-464.jpg,0
/var/scratch/adam/cassava-raw/cassavaleafdata/train/cbsd/train-cbsd-342.jpg,1
/var/scratch/adam/cassava-raw/cassavaleafdata/train/cmd/train-cmd-192.jpg,3
/var/scratch/adam/cassava-raw/cassavaleafdata/train/cmd/train-cmd-1100.jpg,3
/var/scratch/adam/cassava-raw/cassavaleafdata/train/cmd/train-cmd-1797.jpg,3
/var/scratch/adam/cassava-raw/cassavaleafdata/train/cgm/train-cgm-411.jpg,2
/var/scratch/adam/cassava-raw/cassavaleafdata/train/cgm/train-cgm-659.jpg,2
/var/scratch/adam/cassava-raw/cassavaleafdata/train/healthy/train-healthy-45.jpg,4
/var/scratch/adam/cassava-raw/cassavaleafdata/train/cmd/train-cmd-383.jpg,3
/var/scratch/adam/cassava-raw/cassavaleafdata/train/cmd/train-cmd-1314.jpg,3
/var/scratch/adam/cassava-raw/cassavaleafdata/train/cmd/train-cmd-1626.jpg,3
/var/scratch/adam/cassava-raw/cassavaleafdata/train/cmd/train-cmd-980.jpg,3
/var/scratch/adam/cassava-raw/cassavaleafdata/train/cgm/train-cgm-130.jpg,2
/var/scratch/adam/cassava-raw/cassavaleafdata/train/cmd/train-cmd-906.jpg,3
/var/scratch/adam/cassava-raw/cassavaleafdata/train/cmd/train-cmd-641.jpg,3
/var/scratch/adam/cassava-raw/cassavaleafdata/train/cmd/train-cmd-448.jpg,3
/var/scratch/adam/cassava-raw/cassavaleafdata/train/cmd/train-cmd-667.jpg,3
/var/scratch/adam/cassava-raw/cassavaleafdata/train/cmd/train-cmd-618.jpg,3
/var/scratch/adam/cassava-raw/cassavaleafdata/train/cbb/train-cbb-244.jpg,0
/var/scratch/adam/cassava-raw/cassavaleafdata/train/cbb/train-cbb-381.jpg,0
/var/scratch/adam/cassava-raw/cassavaleafdata/train/cgm/train-cgm-374.jpg,2
/var/scratch/adam/cassava-raw/cassavaleafdata/train/cmd/train-cmd-10.jpg,3
/var/scratch/adam/cassava-raw/cassavaleafdata/train/cmd/train-cmd-285.jpg,3
/var/scratch/adam/cassava-raw/cassavaleafdata/train/cmd/train-cmd-194.jpg,3
/var/scratch/adam/cassava-raw/cassavaleafdata/train/cbsd/train-cbsd-30.jpg,1
/var/scratch/adam/cassava-raw/cassavaleafdata/train/cbsd/train-cbsd-1187.jpg,1
/var/scratch/adam/cassava-raw/cassavaleafdata/train/cmd/train-cmd-2651.jpg,3
/var/scratch/adam/cassava-raw/cassavaleafdata/train/cmd/train-cmd-2427.jpg,3
/var/scratch/adam/cassava-raw/cassavaleafdata/train/cmd/train-cmd-620.jpg,3
/var/scratch/adam/cassava-raw/cassavaleafdata/train/cgm/train-cgm-370.jpg,2
/var/scratch/adam/cassava-raw/cassavaleafdata/train/cbb/train-cbb-406.jpg,0
/var/scratch/adam/cassava-raw/cassavaleafdata/train/cbsd/train-cbsd-1408.jpg,1
/var/scratch/adam/cassava-raw/cassavaleafdata/train/cmd/train-cmd-639.jpg,3
/var/scratch/adam/cassava-raw/cassavaleafdata/train/cmd/train-cmd-150.jpg,3
/var/scratch/adam/cassava-raw/cassavaleafdata/train/cmd/train-cmd-1044.jpg,3
/var/scratch/adam/cassava-raw/cassavaleafdata/train/cbsd/train-cbsd-811.jpg,1
/var/scratch/adam/cassava-raw/cassavaleafdata/train/cmd/train-cmd-1972.jpg,3
/var/scratch/adam/cassava-raw/cassavaleafdata/train/cgm/train-cgm-122.jpg,2
/var/scratch/adam/cassava-raw/cassavaleafdata/train/cgm/train-cgm-269.jpg,2
/var/scratch/adam/cassava-raw/cassavaleafdata/train/cmd/train-cmd-2059.jpg,3
/var/scratch/adam/cassava-raw/cassavaleafdata/train/cbb/train-cbb-404.jpg,0
/var/scratch/adam/cassava-raw/cassavaleafdata/train/cmd/train-cmd-1324.jpg,3
/var/scratch/adam/cassava-raw/cassavaleafdata/train/cbsd/train-cbsd-1041.jpg,1
/var/scratch/adam/cassava-raw/cassavaleafdata/train/cmd/train-cmd-1736.jpg,3
/var/scratch/adam/cassava-raw/cassavaleafdata/train/cbsd/train-cbsd-288.jpg,1
/var/scratch/adam/cassava-raw/cassavaleafdata/train/cbsd/train-cbsd-870.jpg,1
/var/scratch/adam/cassava-raw/cassavaleafdata/train/cmd/train-cmd-486.jpg,3
/var/scratch/adam/cassava-raw/cassavaleafdata/train/cbsd/train-cbsd-157.jpg,1
/var/scratch/adam/cassava-raw/cassavaleafdata/train/cbsd/train-cbsd-797.jpg,1
/var/scratch/adam/cassava-raw/cassavaleafdata/train/cbsd/train-cbsd-1269.jpg,1
/var/scratch/adam/cassava-raw/cassavaleafdata/train/cmd/train-cmd-1619.jpg,3
/var/scratch/adam/cassava-raw/cassavaleafdata/train/cmd/train-cmd-2191.jpg,3
/var/scratch/adam/cassava-raw/cassavaleafdata/train/cmd/train-cmd-1459.jpg,3
/var/scratch/adam/cassava-raw/cassavaleafdata/train/cmd/train-cmd-2494.jpg,3
/var/scratch/adam/cassava-raw/cassavaleafdata/train/cbsd/train-cbsd-345.jpg,1
/var/scratch/adam/cassava-raw/cassavaleafdata/train/cbsd/train-cbsd-847.jpg,1
/var/scratch/adam/cassava-raw/cassavaleafdata/train/cbsd/train-cbsd-1377.jpg,1
/var/scratch/adam/cassava-raw/cassavaleafdata/train/healthy/train-healthy-270.jpg,4
/var/scratch/adam/cassava-raw/cassavaleafdata/train/cmd/train-cmd-7.jpg,3
/var/scratch/adam/cassava-raw/cassavaleafdata/train/cbb/train-cbb-74.jpg,0
/var/scratch/adam/cassava-raw/cassavaleafdata/train/cgm/train-cgm-547.jpg,2
/var/scratch/adam/cassava-raw/cassavaleafdata/train/cmd/train-cmd-1156.jpg,3
/var/scratch/adam/cassava-raw/cassavaleafdata/train/cmd/train-cmd-1440.jpg,3
/var/scratch/adam/cassava-raw/cassavaleafdata/train/cgm/train-cgm-261.jpg,2
/var/scratch/adam/cassava-raw/cassavaleafdata/train/cmd/train-cmd-2487.jpg,3
/var/scratch/adam/cassava-raw/cassavaleafdata/train/cmd/train-cmd-2493.jpg,3
/var/scratch/adam/cassava-raw/cassavaleafdata/train/cmd/train-cmd-1901.jpg,3
/var/scratch/adam/cassava-raw/cassavaleafdata/train/cmd/train-cmd-205.jpg,3
/var/scratch/adam/cassava-raw/cassavaleafdata/train/cmd/train-cmd-1700.jpg,3
/var/scratch/adam/cassava-raw/cassavaleafdata/train/cmd/train-cmd-251.jpg,3
/var/scratch/adam/cassava-raw/cassavaleafdata/train/cbb/train-cbb-248.jpg,0
/var/scratch/adam/cassava-raw/cassavaleafdata/train/cbsd/train-cbsd-669.jpg,1
/var/scratch/adam/cassava-raw/cassavaleafdata/train/cmd/train-cmd-403.jpg,3
/var/scratch/adam/cassava-raw/cassavaleafdata/train/cmd/train-cmd-668.jpg,3
/var/scratch/adam/cassava-raw/cassavaleafdata/train/cgm/train-cgm-538.jpg,2
/var/scratch/adam/cassava-raw/cassavaleafdata/train/cbb/train-cbb-100.jpg,0
/var/scratch/adam/cassava-raw/cassavaleafdata/train/cmd/train-cmd-1110.jpg,3
/var/scratch/adam/cassava-raw/cassavaleafdata/train/cbsd/train-cbsd-537.jpg,1
/var/scratch/adam/cassava-raw/cassavaleafdata/train/cmd/train-cmd-2040.jpg,3
/var/scratch/adam/cassava-raw/cassavaleafdata/train/cmd/train-cmd-1361.jpg,3
/var/scratch/adam/cassava-raw/cassavaleafdata/train/cbb/train-cbb-331.jpg,0
/var/scratch/adam/cassava-raw/cassavaleafdata/train/cmd/train-cmd-2149.jpg,3
/var/scratch/adam/cassava-raw/cassavaleafdata/train/cbsd/train-cbsd-334.jpg,1
/var/scratch/adam/cassava-raw/cassavaleafdata/train/cmd/train-cmd-2325.jpg,3
/var/scratch/adam/cassava-raw/cassavaleafdata/train/cmd/train-cmd-972.jpg,3
/var/scratch/adam/cassava-raw/cassavaleafdata/train/cbsd/train-cbsd-877.jpg,1
/var/scratch/adam/cassava-raw/cassavaleafdata/train/cbsd/train-cbsd-441.jpg,1
/var/scratch/adam/cassava-raw/cassavaleafdata/train/cbsd/train-cbsd-11.jpg,1
/var/scratch/adam/cassava-raw/cassavaleafdata/train/cmd/train-cmd-1349.jpg,3
/var/scratch/adam/cassava-raw/cassavaleafdata/train/cmd/train-cmd-42.jpg,3
/var/scratch/adam/cassava-raw/cassavaleafdata/train/cmd/train-cmd-2292.jpg,3
/var/scratch/adam/cassava-raw/cassavaleafdata/train/healthy/train-healthy-246.jpg,4
/var/scratch/adam/cassava-raw/cassavaleafdata/train/cmd/train-cmd-133.jpg,3
/var/scratch/adam/cassava-raw/cassavaleafdata/train/cmd/train-cmd-85.jpg,3
/var/scratch/adam/cassava-raw/cassavaleafdata/train/cbsd/train-cbsd-655.jpg,1
/var/scratch/adam/cassava-raw/cassavaleafdata/train/cbb/train-cbb-152.jpg,0
/var/scratch/adam/cassava-raw/cassavaleafdata/train/cgm/train-cgm-550.jpg,2
/var/scratch/adam/cassava-raw/cassavaleafdata/train/cgm/train-cgm-582.jpg,2
/var/scratch/adam/cassava-raw/cassavaleafdata/train/cmd/train-cmd-2460.jpg,3
/var/scratch/adam/cassava-raw/cassavaleafdata/train/cbsd/train-cbsd-1385.jpg,1
/var/scratch/adam/cassava-raw/cassavaleafdata/train/cbsd/train-cbsd-941.jpg,1
/var/scratch/adam/cassava-raw/cassavaleafdata/train/cmd/train-cmd-294.jpg,3
/var/scratch/adam/cassava-raw/cassavaleafdata/train/cmd/train-cmd-1326.jpg,3
/var/scratch/adam/cassava-raw/cassavaleafdata/train/cgm/train-cgm-11.jpg,2
/var/scratch/adam/cassava-raw/cassavaleafdata/train/cmd/train-cmd-163.jpg,3
/var/scratch/adam/cassava-raw/cassavaleafdata/train/cbsd/train-cbsd-1436.jpg,1
/var/scratch/adam/cassava-raw/cassavaleafdata/train/cmd/train-cmd-1692.jpg,3
/var/scratch/adam/cassava-raw/cassavaleafdata/train/cmd/train-cmd-1996.jpg,3
/var/scratch/adam/cassava-raw/cassavaleafdata/train/cmd/train-cmd-1428.jpg,3
/var/scratch/adam/cassava-raw/cassavaleafdata/train/cmd/train-cmd-1339.jpg,3
/var/scratch/adam/cassava-raw/cassavaleafdata/train/cbsd/train-cbsd-166.jpg,1
/var/scratch/adam/cassava-raw/cassavaleafdata/train/cbsd/train-cbsd-262.jpg,1
/var/scratch/adam/cassava-raw/cassavaleafdata/train/cbsd/train-cbsd-557.jpg,1
/var/scratch/adam/cassava-raw/cassavaleafdata/train/cbsd/train-cbsd-1300.jpg,1
/var/scratch/adam/cassava-raw/cassavaleafdata/train/cmd/train-cmd-2553.jpg,3
/var/scratch/adam/cassava-raw/cassavaleafdata/train/cmd/train-cmd-2038.jpg,3
/var/scratch/adam/cassava-raw/cassavaleafdata/train/cmd/train-cmd-1106.jpg,3
/var/scratch/adam/cassava-raw/cassavaleafdata/train/cmd/train-cmd-728.jpg,3
/var/scratch/adam/cassava-raw/cassavaleafdata/train/cgm/train-cgm-390.jpg,2
/var/scratch/adam/cassava-raw/cassavaleafdata/train/cmd/train-cmd-1822.jpg,3
/var/scratch/adam/cassava-raw/cassavaleafdata/train/cgm/train-cgm-737.jpg,2
/var/scratch/adam/cassava-raw/cassavaleafdata/train/cbb/train-cbb-343.jpg,0
/var/scratch/adam/cassava-raw/cassavaleafdata/train/cbsd/train-cbsd-868.jpg,1
/var/scratch/adam/cassava-raw/cassavaleafdata/train/cmd/train-cmd-897.jpg,3
/var/scratch/adam/cassava-raw/cassavaleafdata/train/cbsd/train-cbsd-1217.jpg,1
/var/scratch/adam/cassava-raw/cassavaleafdata/train/cbsd/train-cbsd-467.jpg,1
/var/scratch/adam/cassava-raw/cassavaleafdata/train/cbsd/train-cbsd-428.jpg,1
/var/scratch/adam/cassava-raw/cassavaleafdata/train/cbb/train-cbb-356.jpg,0
/var/scratch/adam/cassava-raw/cassavaleafdata/train/cgm/train-cgm-544.jpg,2
/var/scratch/adam/cassava-raw/cassavaleafdata/train/cbb/train-cbb-114.jpg,0
/var/scratch/adam/cassava-raw/cassavaleafdata/train/cbsd/train-cbsd-1025.jpg,1
/var/scratch/adam/cassava-raw/cassavaleafdata/train/cbsd/train-cbsd-266.jpg,1
/var/scratch/adam/cassava-raw/cassavaleafdata/train/cbb/train-cbb-408.jpg,0
/var/scratch/adam/cassava-raw/cassavaleafdata/train/cbsd/train-cbsd-355.jpg,1
/var/scratch/adam/cassava-raw/cassavaleafdata/train/cmd/train-cmd-1205.jpg,3
/var/scratch/adam/cassava-raw/cassavaleafdata/train/healthy/train-healthy-263.jpg,4
/var/scratch/adam/cassava-raw/cassavaleafdata/train/cmd/train-cmd-1401.jpg,3
/var/scratch/adam/cassava-raw/cassavaleafdata/train/cmd/train-cmd-717.jpg,3
/var/scratch/adam/cassava-raw/cassavaleafdata/train/cbsd/train-cbsd-487.jpg,1
/var/scratch/adam/cassava-raw/cassavaleafdata/train/cmd/train-cmd-768.jpg,3
/var/scratch/adam/cassava-raw/cassavaleafdata/train/cmd/train-cmd-1621.jpg,3
/var/scratch/adam/cassava-raw/cassavaleafdata/train/cbsd/train-cbsd-1210.jpg,1
/var/scratch/adam/cassava-raw/cassavaleafdata/train/cgm/train-cgm-278.jpg,2
/var/scratch/adam/cassava-raw/cassavaleafdata/train/cmd/train-cmd-2214.jpg,3
/var/scratch/adam/cassava-raw/cassavaleafdata/train/cmd/train-cmd-2273.jpg,3
/var/scratch/adam/cassava-raw/cassavaleafdata/train/cbsd/train-cbsd-264.jpg,1
/var/scratch/adam/cassava-raw/cassavaleafdata/train/cbsd/train-cbsd-1123.jpg,1
/var/scratch/adam/cassava-raw/cassavaleafdata/train/cmd/train-cmd-2137.jpg,3
/var/scratch/adam/cassava-raw/cassavaleafdata/train/cmd/train-cmd-831.jpg,3
/var/scratch/adam/cassava-raw/cassavaleafdata/train/cmd/train-cmd-456.jpg,3
/var/scratch/adam/cassava-raw/cassavaleafdata/train/cmd/train-cmd-2381.jpg,3
/var/scratch/adam/cassava-raw/cassavaleafdata/train/cmd/train-cmd-2406.jpg,3
/var/scratch/adam/cassava-raw/cassavaleafdata/train/cgm/train-cgm-734.jpg,2
/var/scratch/adam/cassava-raw/cassavaleafdata/train/cbsd/train-cbsd-410.jpg,1
/var/scratch/adam/cassava-raw/cassavaleafdata/train/cmd/train-cmd-136.jpg,3
/var/scratch/adam/cassava-raw/cassavaleafdata/train/cgm/train-cgm-553.jpg,2
/var/scratch/adam/cassava-raw/cassavaleafdata/train/cgm/train-cgm-449.jpg,2
/var/scratch/adam/cassava-raw/cassavaleafdata/train/cmd/train-cmd-1879.jpg,3
/var/scratch/adam/cassava-raw/cassavaleafdata/train/cbsd/train-cbsd-1131.jpg,1
/var/scratch/adam/cassava-raw/cassavaleafdata/train/cgm/train-cgm-526.jpg,2
/var/scratch/adam/cassava-raw/cassavaleafdata/train/cmd/train-cmd-855.jpg,3
/var/scratch/adam/cassava-raw/cassavaleafdata/train/cmd/train-cmd-921.jpg,3
/var/scratch/adam/cassava-raw/cassavaleafdata/train/cgm/train-cgm-186.jpg,2
/var/scratch/adam/cassava-raw/cassavaleafdata/train/cgm/train-cgm-452.jpg,2
/var/scratch/adam/cassava-raw/cassavaleafdata/train/cgm/train-cgm-253.jpg,2
/var/scratch/adam/cassava-raw/cassavaleafdata/train/cbb/train-cbb-85.jpg,0
/var/scratch/adam/cassava-raw/cassavaleafdata/train/cbsd/train-cbsd-139.jpg,1
/var/scratch/adam/cassava-raw/cassavaleafdata/train/healthy/train-healthy-152.jpg,4
/var/scratch/adam/cassava-raw/cassavaleafdata/train/cgm/train-cgm-113.jpg,2
/var/scratch/adam/cassava-raw/cassavaleafdata/train/cmd/train-cmd-417.jpg,3
/var/scratch/adam/cassava-raw/cassavaleafdata/train/healthy/train-healthy-207.jpg,4
/var/scratch/adam/cassava-raw/cassavaleafdata/train/cmd/train-cmd-1227.jpg,3
/var/scratch/adam/cassava-raw/cassavaleafdata/train/cgm/train-cgm-604.jpg,2
/var/scratch/adam/cassava-raw/cassavaleafdata/train/cbsd/train-cbsd-1325.jpg,1
/var/scratch/adam/cassava-raw/cassavaleafdata/train/healthy/train-healthy-147.jpg,4
/var/scratch/adam/cassava-raw/cassavaleafdata/train/cbsd/train-cbsd-274.jpg,1
/var/scratch/adam/cassava-raw/cassavaleafdata/train/cbsd/train-cbsd-597.jpg,1
/var/scratch/adam/cassava-raw/cassavaleafdata/train/cgm/train-cgm-362.jpg,2
/var/scratch/adam/cassava-raw/cassavaleafdata/train/cmd/train-cmd-1768.jpg,3
/var/scratch/adam/cassava-raw/cassavaleafdata/train/cmd/train-cmd-754.jpg,3
/var/scratch/adam/cassava-raw/cassavaleafdata/train/cmd/train-cmd-62.jpg,3
/var/scratch/adam/cassava-raw/cassavaleafdata/train/cmd/train-cmd-2608.jpg,3
/var/scratch/adam/cassava-raw/cassavaleafdata/train/cmd/train-cmd-1065.jpg,3
/var/scratch/adam/cassava-raw/cassavaleafdata/train/cbsd/train-cbsd-1125.jpg,1
/var/scratch/adam/cassava-raw/cassavaleafdata/train/cmd/train-cmd-657.jpg,3
/var/scratch/adam/cassava-raw/cassavaleafdata/train/healthy/train-healthy-214.jpg,4
/var/scratch/adam/cassava-raw/cassavaleafdata/train/cbsd/train-cbsd-0.jpg,1
/var/scratch/adam/cassava-raw/cassavaleafdata/train/cbsd/train-cbsd-929.jpg,1
/var/scratch/adam/cassava-raw/cassavaleafdata/train/cmd/train-cmd-1658.jpg,3
/var/scratch/adam/cassava-raw/cassavaleafdata/train/cbsd/train-cbsd-278.jpg,1
/var/scratch/adam/cassava-raw/cassavaleafdata/train/cmd/train-cmd-1138.jpg,3
/var/scratch/adam/cassava-raw/cassavaleafdata/train/cbsd/train-cbsd-932.jpg,1
/var/scratch/adam/cassava-raw/cassavaleafdata/train/cgm/train-cgm-644.jpg,2
/var/scratch/adam/cassava-raw/cassavaleafdata/train/healthy/train-healthy-210.jpg,4
/var/scratch/adam/cassava-raw/cassavaleafdata/train/cbsd/train-cbsd-1220.jpg,1
/var/scratch/adam/cassava-raw/cassavaleafdata/train/cgm/train-cgm-531.jpg,2
/var/scratch/adam/cassava-raw/cassavaleafdata/train/cmd/train-cmd-2331.jpg,3
/var/scratch/adam/cassava-raw/cassavaleafdata/train/cmd/train-cmd-40.jpg,3
/var/scratch/adam/cassava-raw/cassavaleafdata/train/cmd/train-cmd-6.jpg,3
/var/scratch/adam/cassava-raw/cassavaleafdata/train/cgm/train-cgm-24.jpg,2
/var/scratch/adam/cassava-raw/cassavaleafdata/train/cbsd/train-cbsd-1431.jpg,1
/var/scratch/adam/cassava-raw/cassavaleafdata/train/cmd/train-cmd-1693.jpg,3
/var/scratch/adam/cassava-raw/cassavaleafdata/train/cbsd/train-cbsd-1203.jpg,1
/var/scratch/adam/cassava-raw/cassavaleafdata/train/cbsd/train-cbsd-1372.jpg,1
/var/scratch/adam/cassava-raw/cassavaleafdata/train/cbsd/train-cbsd-176.jpg,1
/var/scratch/adam/cassava-raw/cassavaleafdata/train/cmd/train-cmd-91.jpg,3
/var/scratch/adam/cassava-raw/cassavaleafdata/train/cbb/train-cbb-118.jpg,0
/var/scratch/adam/cassava-raw/cassavaleafdata/train/cbsd/train-cbsd-580.jpg,1
/var/scratch/adam/cassava-raw/cassavaleafdata/train/cmd/train-cmd-1484.jpg,3
/var/scratch/adam/cassava-raw/cassavaleafdata/train/cmd/train-cmd-1102.jpg,3
/var/scratch/adam/cassava-raw/cassavaleafdata/train/cgm/train-cgm-436.jpg,2
/var/scratch/adam/cassava-raw/cassavaleafdata/train/cmd/train-cmd-1845.jpg,3
/var/scratch/adam/cassava-raw/cassavaleafdata/train/cmd/train-cmd-1488.jpg,3
/var/scratch/adam/cassava-raw/cassavaleafdata/train/cmd/train-cmd-649.jpg,3
/var/scratch/adam/cassava-raw/cassavaleafdata/train/cbsd/train-cbsd-1031.jpg,1
/var/scratch/adam/cassava-raw/cassavaleafdata/train/cbb/train-cbb-23.jpg,0
/var/scratch/adam/cassava-raw/cassavaleafdata/train/cmd/train-cmd-935.jpg,3
/var/scratch/adam/cassava-raw/cassavaleafdata/train/cbb/train-cbb-123.jpg,0
/var/scratch/adam/cassava-raw/cassavaleafdata/train/cbb/train-cbb-42.jpg,0
/var/scratch/adam/cassava-raw/cassavaleafdata/train/cgm/train-cgm-351.jpg,2
/var/scratch/adam/cassava-raw/cassavaleafdata/train/cbsd/train-cbsd-595.jpg,1
/var/scratch/adam/cassava-raw/cassavaleafdata/train/cmd/train-cmd-1781.jpg,3
/var/scratch/adam/cassava-raw/cassavaleafdata/train/cgm/train-cgm-204.jpg,2
/var/scratch/adam/cassava-raw/cassavaleafdata/train/cmd/train-cmd-1653.jpg,3
/var/scratch/adam/cassava-raw/cassavaleafdata/train/cbsd/train-cbsd-136.jpg,1
/var/scratch/adam/cassava-raw/cassavaleafdata/train/cbsd/train-cbsd-764.jpg,1
/var/scratch/adam/cassava-raw/cassavaleafdata/train/cmd/train-cmd-1196.jpg,3
/var/scratch/adam/cassava-raw/cassavaleafdata/train/cbsd/train-cbsd-804.jpg,1
/var/scratch/adam/cassava-raw/cassavaleafdata/train/cbb/train-cbb-249.jpg,0
/var/scratch/adam/cassava-raw/cassavaleafdata/train/cbsd/train-cbsd-519.jpg,1
/var/scratch/adam/cassava-raw/cassavaleafdata/train/cmd/train-cmd-1550.jpg,3
/var/scratch/adam/cassava-raw/cassavaleafdata/train/cbb/train-cbb-164.jpg,0
/var/scratch/adam/cassava-raw/cassavaleafdata/train/cmd/train-cmd-1015.jpg,3
/var/scratch/adam/cassava-raw/cassavaleafdata/train/cmd/train-cmd-878.jpg,3
/var/scratch/adam/cassava-raw/cassavaleafdata/train/cmd/train-cmd-2109.jpg,3
/var/scratch/adam/cassava-raw/cassavaleafdata/train/cbsd/train-cbsd-1079.jpg,1
/var/scratch/adam/cassava-raw/cassavaleafdata/train/cbsd/train-cbsd-470.jpg,1
/var/scratch/adam/cassava-raw/cassavaleafdata/train/cbsd/train-cbsd-304.jpg,1
/var/scratch/adam/cassava-raw/cassavaleafdata/train/cbsd/train-cbsd-1108.jpg,1
/var/scratch/adam/cassava-raw/cassavaleafdata/train/cmd/train-cmd-339.jpg,3
/var/scratch/adam/cassava-raw/cassavaleafdata/train/cgm/train-cgm-51.jpg,2
/var/scratch/adam/cassava-raw/cassavaleafdata/train/cmd/train-cmd-2556.jpg,3
/var/scratch/adam/cassava-raw/cassavaleafdata/train/cbsd/train-cbsd-544.jpg,1
/var/scratch/adam/cassava-raw/cassavaleafdata/train/cgm/train-cgm-155.jpg,2
/var/scratch/adam/cassava-raw/cassavaleafdata/train/cmd/train-cmd-1194.jpg,3
/var/scratch/adam/cassava-raw/cassavaleafdata/train/cbsd/train-cbsd-1306.jpg,1
/var/scratch/adam/cassava-raw/cassavaleafdata/train/cmd/train-cmd-869.jpg,3
/var/scratch/adam/cassava-raw/cassavaleafdata/train/cmd/train-cmd-848.jpg,3
/var/scratch/adam/cassava-raw/cassavaleafdata/train/cmd/train-cmd-555.jpg,3
/var/scratch/adam/cassava-raw/cassavaleafdata/train/cbb/train-cbb-293.jpg,0
/var/scratch/adam/cassava-raw/cassavaleafdata/train/cmd/train-cmd-1363.jpg,3
/var/scratch/adam/cassava-raw/cassavaleafdata/train/cmd/train-cmd-1662.jpg,3
/var/scratch/adam/cassava-raw/cassavaleafdata/train/cbsd/train-cbsd-500.jpg,1
/var/scratch/adam/cassava-raw/cassavaleafdata/train/cmd/train-cmd-176.jpg,3
/var/scratch/adam/cassava-raw/cassavaleafdata/train/cbsd/train-cbsd-502.jpg,1
/var/scratch/adam/cassava-raw/cassavaleafdata/train/cbsd/train-cbsd-755.jpg,1
/var/scratch/adam/cassava-raw/cassavaleafdata/train/cbsd/train-cbsd-250.jpg,1
/var/scratch/adam/cassava-raw/cassavaleafdata/train/cmd/train-cmd-782.jpg,3
/var/scratch/adam/cassava-raw/cassavaleafdata/train/cmd/train-cmd-706.jpg,3
/var/scratch/adam/cassava-raw/cassavaleafdata/train/cmd/train-cmd-835.jpg,3
/var/scratch/adam/cassava-raw/cassavaleafdata/train/cmd/train-cmd-1452.jpg,3
/var/scratch/adam/cassava-raw/cassavaleafdata/train/healthy/train-healthy-222.jpg,4
/var/scratch/adam/cassava-raw/cassavaleafdata/train/cmd/train-cmd-2196.jpg,3
/var/scratch/adam/cassava-raw/cassavaleafdata/train/cbsd/train-cbsd-1236.jpg,1
/var/scratch/adam/cassava-raw/cassavaleafdata/train/cbsd/train-cbsd-865.jpg,1
/var/scratch/adam/cassava-raw/cassavaleafdata/train/cmd/train-cmd-26.jpg,3
/var/scratch/adam/cassava-raw/cassavaleafdata/train/cgm/train-cgm-401.jpg,2
/var/scratch/adam/cassava-raw/cassavaleafdata/train/cmd/train-cmd-1565.jpg,3
/var/scratch/adam/cassava-raw/cassavaleafdata/train/cmd/train-cmd-2513.jpg,3
/var/scratch/adam/cassava-raw/cassavaleafdata/train/healthy/train-healthy-257.jpg,4
/var/scratch/adam/cassava-raw/cassavaleafdata/train/cbb/train-cbb-346.jpg,0
/var/scratch/adam/cassava-raw/cassavaleafdata/train/cmd/train-cmd-131.jpg,3
/var/scratch/adam/cassava-raw/cassavaleafdata/train/cbsd/train-cbsd-364.jpg,1
/var/scratch/adam/cassava-raw/cassavaleafdata/train/cbb/train-cbb-66.jpg,0
/var/scratch/adam/cassava-raw/cassavaleafdata/train/cmd/train-cmd-2477.jpg,3
/var/scratch/adam/cassava-raw/cassavaleafdata/train/cmd/train-cmd-198.jpg,3
/var/scratch/adam/cassava-raw/cassavaleafdata/train/cmd/train-cmd-2145.jpg,3
/var/scratch/adam/cassava-raw/cassavaleafdata/train/cbsd/train-cbsd-550.jpg,1
/var/scratch/adam/cassava-raw/cassavaleafdata/train/cbb/train-cbb-37.jpg,0
/var/scratch/adam/cassava-raw/cassavaleafdata/train/cmd/train-cmd-2226.jpg,3
/var/scratch/adam/cassava-raw/cassavaleafdata/train/cmd/train-cmd-1019.jpg,3
/var/scratch/adam/cassava-raw/cassavaleafdata/train/cbb/train-cbb-210.jpg,0
/var/scratch/adam/cassava-raw/cassavaleafdata/train/cmd/train-cmd-2576.jpg,3
/var/scratch/adam/cassava-raw/cassavaleafdata/train/cbsd/train-cbsd-1270.jpg,1
/var/scratch/adam/cassava-raw/cassavaleafdata/train/cbb/train-cbb-276.jpg,0
/var/scratch/adam/cassava-raw/cassavaleafdata/train/cmd/train-cmd-1883.jpg,3
/var/scratch/adam/cassava-raw/cassavaleafdata/train/healthy/train-healthy-6.jpg,4
/var/scratch/adam/cassava-raw/cassavaleafdata/train/cmd/train-cmd-2360.jpg,3
/var/scratch/adam/cassava-raw/cassavaleafdata/train/cmd/train-cmd-442.jpg,3
/var/scratch/adam/cassava-raw/cassavaleafdata/train/cmd/train-cmd-2014.jpg,3
/var/scratch/adam/cassava-raw/cassavaleafdata/train/cmd/train-cmd-806.jpg,3
/var/scratch/adam/cassava-raw/cassavaleafdata/train/cbb/train-cbb-187.jpg,0
/var/scratch/adam/cassava-raw/cassavaleafdata/train/cmd/train-cmd-2201.jpg,3
/var/scratch/adam/cassava-raw/cassavaleafdata/train/cmd/train-cmd-389.jpg,3
/var/scratch/adam/cassava-raw/cassavaleafdata/train/cbb/train-cbb-115.jpg,0
/var/scratch/adam/cassava-raw/cassavaleafdata/train/cbsd/train-cbsd-654.jpg,1
/var/scratch/adam/cassava-raw/cassavaleafdata/train/cmd/train-cmd-1674.jpg,3
/var/scratch/adam/cassava-raw/cassavaleafdata/train/cbsd/train-cbsd-1376.jpg,1
/var/scratch/adam/cassava-raw/cassavaleafdata/train/cbb/train-cbb-57.jpg,0
/var/scratch/adam/cassava-raw/cassavaleafdata/train/cmd/train-cmd-2551.jpg,3
/var/scratch/adam/cassava-raw/cassavaleafdata/train/cmd/train-cmd-2266.jpg,3
/var/scratch/adam/cassava-raw/cassavaleafdata/train/cmd/train-cmd-861.jpg,3
/var/scratch/adam/cassava-raw/cassavaleafdata/train/cbsd/train-cbsd-1160.jpg,1
/var/scratch/adam/cassava-raw/cassavaleafdata/train/cbsd/train-cbsd-819.jpg,1
/var/scratch/adam/cassava-raw/cassavaleafdata/train/cbsd/train-cbsd-180.jpg,1
/var/scratch/adam/cassava-raw/cassavaleafdata/train/cmd/train-cmd-1282.jpg,3
/var/scratch/adam/cassava-raw/cassavaleafdata/train/cbsd/train-cbsd-1280.jpg,1
/var/scratch/adam/cassava-raw/cassavaleafdata/train/cbsd/train-cbsd-714.jpg,1
/var/scratch/adam/cassava-raw/cassavaleafdata/train/cmd/train-cmd-1060.jpg,3
/var/scratch/adam/cassava-raw/cassavaleafdata/train/cmd/train-cmd-1744.jpg,3
/var/scratch/adam/cassava-raw/cassavaleafdata/train/cmd/train-cmd-502.jpg,3
/var/scratch/adam/cassava-raw/cassavaleafdata/train/cmd/train-cmd-2559.jpg,3
/var/scratch/adam/cassava-raw/cassavaleafdata/train/cgm/train-cgm-729.jpg,2
/var/scratch/adam/cassava-raw/cassavaleafdata/train/healthy/train-healthy-140.jpg,4
/var/scratch/adam/cassava-raw/cassavaleafdata/train/cbsd/train-cbsd-1137.jpg,1
/var/scratch/adam/cassava-raw/cassavaleafdata/train/cmd/train-cmd-1172.jpg,3
/var/scratch/adam/cassava-raw/cassavaleafdata/train/cmd/train-cmd-356.jpg,3
/var/scratch/adam/cassava-raw/cassavaleafdata/train/cgm/train-cgm-301.jpg,2
/var/scratch/adam/cassava-raw/cassavaleafdata/train/cmd/train-cmd-678.jpg,3
/var/scratch/adam/cassava-raw/cassavaleafdata/train/cbsd/train-cbsd-844.jpg,1
/var/scratch/adam/cassava-raw/cassavaleafdata/train/cbsd/train-cbsd-259.jpg,1
/var/scratch/adam/cassava-raw/cassavaleafdata/train/cbb/train-cbb-271.jpg,0
/var/scratch/adam/cassava-raw/cassavaleafdata/train/cmd/train-cmd-2159.jpg,3
/var/scratch/adam/cassava-raw/cassavaleafdata/train/cmd/train-cmd-1959.jpg,3
/var/scratch/adam/cassava-raw/cassavaleafdata/train/cbsd/train-cbsd-1223.jpg,1
/var/scratch/adam/cassava-raw/cassavaleafdata/train/cmd/train-cmd-1910.jpg,3
/var/scratch/adam/cassava-raw/cassavaleafdata/train/cmd/train-cmd-691.jpg,3
/var/scratch/adam/cassava-raw/cassavaleafdata/train/cmd/train-cmd-562.jpg,3
/var/scratch/adam/cassava-raw/cassavaleafdata/train/cmd/train-cmd-2108.jpg,3
/var/scratch/adam/cassava-raw/cassavaleafdata/train/cmd/train-cmd-2358.jpg,3
/var/scratch/adam/cassava-raw/cassavaleafdata/train/cmd/train-cmd-890.jpg,3
/var/scratch/adam/cassava-raw/cassavaleafdata/train/cmd/train-cmd-603.jpg,3
/var/scratch/adam/cassava-raw/cassavaleafdata/train/cbb/train-cbb-315.jpg,0
/var/scratch/adam/cassava-raw/cassavaleafdata/train/cbsd/train-cbsd-1442.jpg,1
/var/scratch/adam/cassava-raw/cassavaleafdata/train/cbsd/train-cbsd-59.jpg,1
/var/scratch/adam/cassava-raw/cassavaleafdata/train/cmd/train-cmd-1198.jpg,3
/var/scratch/adam/cassava-raw/cassavaleafdata/train/cmd/train-cmd-1848.jpg,3
/var/scratch/adam/cassava-raw/cassavaleafdata/train/healthy/train-healthy-52.jpg,4
/var/scratch/adam/cassava-raw/cassavaleafdata/train/healthy/train-healthy-225.jpg,4
/var/scratch/adam/cassava-raw/cassavaleafdata/train/healthy/train-healthy-301.jpg,4
/var/scratch/adam/cassava-raw/cassavaleafdata/train/cmd/train-cmd-1682.jpg,3
/var/scratch/adam/cassava-raw/cassavaleafdata/train/cgm/train-cgm-464.jpg,2
/var/scratch/adam/cassava-raw/cassavaleafdata/train/cbsd/train-cbsd-529.jpg,1
/var/scratch/adam/cassava-raw/cassavaleafdata/train/healthy/train-healthy-243.jpg,4
/var/scratch/adam/cassava-raw/cassavaleafdata/train/cbsd/train-cbsd-190.jpg,1
/var/scratch/adam/cassava-raw/cassavaleafdata/train/cmd/train-cmd-1021.jpg,3
/var/scratch/adam/cassava-raw/cassavaleafdata/train/cmd/train-cmd-1618.jpg,3
/var/scratch/adam/cassava-raw/cassavaleafdata/train/cbb/train-cbb-258.jpg,0
/var/scratch/adam/cassava-raw/cassavaleafdata/train/cmd/train-cmd-888.jpg,3
/var/scratch/adam/cassava-raw/cassavaleafdata/train/cbsd/train-cbsd-1048.jpg,1
/var/scratch/adam/cassava-raw/cassavaleafdata/train/cgm/train-cgm-652.jpg,2
/var/scratch/adam/cassava-raw/cassavaleafdata/train/cmd/train-cmd-1378.jpg,3
/var/scratch/adam/cassava-raw/cassavaleafdata/train/cbsd/train-cbsd-13.jpg,1
/var/scratch/adam/cassava-raw/cassavaleafdata/train/cmd/train-cmd-2051.jpg,3
/var/scratch/adam/cassava-raw/cassavaleafdata/train/cbsd/train-cbsd-709.jpg,1
/var/scratch/adam/cassava-raw/cassavaleafdata/train/cbsd/train-cbsd-948.jpg,1
/var/scratch/adam/cassava-raw/cassavaleafdata/train/cgm/train-cgm-572.jpg,2
/var/scratch/adam/cassava-raw/cassavaleafdata/train/cbsd/train-cbsd-1374.jpg,1
/var/scratch/adam/cassava-raw/cassavaleafdata/train/cmd/train-cmd-853.jpg,3
/var/scratch/adam/cassava-raw/cassavaleafdata/train/cbb/train-cbb-182.jpg,0
/var/scratch/adam/cassava-raw/cassavaleafdata/train/cbb/train-cbb-282.jpg,0
/var/scratch/adam/cassava-raw/cassavaleafdata/train/cbsd/train-cbsd-218.jpg,1
/var/scratch/adam/cassava-raw/cassavaleafdata/train/cbsd/train-cbsd-387.jpg,1
/var/scratch/adam/cassava-raw/cassavaleafdata/train/cbb/train-cbb-239.jpg,0
/var/scratch/adam/cassava-raw/cassavaleafdata/train/cgm/train-cgm-412.jpg,2
/var/scratch/adam/cassava-raw/cassavaleafdata/train/cbsd/train-cbsd-223.jpg,1
/var/scratch/adam/cassava-raw/cassavaleafdata/train/healthy/train-healthy-56.jpg,4
/var/scratch/adam/cassava-raw/cassavaleafdata/train/cmd/train-cmd-1000.jpg,3
/var/scratch/adam/cassava-raw/cassavaleafdata/train/cmd/train-cmd-336.jpg,3
/var/scratch/adam/cassava-raw/cassavaleafdata/train/cmd/train-cmd-1999.jpg,3
/var/scratch/adam/cassava-raw/cassavaleafdata/train/cgm/train-cgm-463.jpg,2
/var/scratch/adam/cassava-raw/cassavaleafdata/train/cbsd/train-cbsd-1350.jpg,1
/var/scratch/adam/cassava-raw/cassavaleafdata/train/cbsd/train-cbsd-880.jpg,1
/var/scratch/adam/cassava-raw/cassavaleafdata/train/cgm/train-cgm-711.jpg,2
/var/scratch/adam/cassava-raw/cassavaleafdata/train/cgm/train-cgm-3.jpg,2
/var/scratch/adam/cassava-raw/cassavaleafdata/train/cmd/train-cmd-1053.jpg,3
/var/scratch/adam/cassava-raw/cassavaleafdata/train/cmd/train-cmd-215.jpg,3
/var/scratch/adam/cassava-raw/cassavaleafdata/train/cgm/train-cgm-496.jpg,2
/var/scratch/adam/cassava-raw/cassavaleafdata/train/cmd/train-cmd-2133.jpg,3
/var/scratch/adam/cassava-raw/cassavaleafdata/train/cbsd/train-cbsd-1100.jpg,1
/var/scratch/adam/cassava-raw/cassavaleafdata/train/cbsd/train-cbsd-1416.jpg,1
/var/scratch/adam/cassava-raw/cassavaleafdata/train/cbb/train-cbb-374.jpg,0
/var/scratch/adam/cassava-raw/cassavaleafdata/train/cbb/train-cbb-116.jpg,0
/var/scratch/adam/cassava-raw/cassavaleafdata/train/cmd/train-cmd-1232.jpg,3
/var/scratch/adam/cassava-raw/cassavaleafdata/train/cmd/train-cmd-1341.jpg,3
/var/scratch/adam/cassava-raw/cassavaleafdata/train/healthy/train-healthy-107.jpg,4
/var/scratch/adam/cassava-raw/cassavaleafdata/train/cbsd/train-cbsd-174.jpg,1
/var/scratch/adam/cassava-raw/cassavaleafdata/train/cbb/train-cbb-1.jpg,0
/var/scratch/adam/cassava-raw/cassavaleafdata/train/cgm/train-cgm-753.jpg,2
/var/scratch/adam/cassava-raw/cassavaleafdata/train/cmd/train-cmd-370.jpg,3
/var/scratch/adam/cassava-raw/cassavaleafdata/train/cbsd/train-cbsd-455.jpg,1
/var/scratch/adam/cassava-raw/cassavaleafdata/train/cmd/train-cmd-419.jpg,3
/var/scratch/adam/cassava-raw/cassavaleafdata/train/cmd/train-cmd-801.jpg,3
/var/scratch/adam/cassava-raw/cassavaleafdata/train/cgm/train-cgm-479.jpg,2
/var/scratch/adam/cassava-raw/cassavaleafdata/train/cbsd/train-cbsd-708.jpg,1
/var/scratch/adam/cassava-raw/cassavaleafdata/train/cmd/train-cmd-893.jpg,3
/var/scratch/adam/cassava-raw/cassavaleafdata/train/cgm/train-cgm-386.jpg,2
/var/scratch/adam/cassava-raw/cassavaleafdata/train/cbb/train-cbb-170.jpg,0
/var/scratch/adam/cassava-raw/cassavaleafdata/train/cbsd/train-cbsd-852.jpg,1
/var/scratch/adam/cassava-raw/cassavaleafdata/train/cmd/train-cmd-854.jpg,3
/var/scratch/adam/cassava-raw/cassavaleafdata/train/cmd/train-cmd-1648.jpg,3
/var/scratch/adam/cassava-raw/cassavaleafdata/train/cmd/train-cmd-2612.jpg,3
/var/scratch/adam/cassava-raw/cassavaleafdata/train/cbsd/train-cbsd-618.jpg,1
/var/scratch/adam/cassava-raw/cassavaleafdata/train/cbsd/train-cbsd-148.jpg,1
/var/scratch/adam/cassava-raw/cassavaleafdata/train/cbsd/train-cbsd-903.jpg,1
/var/scratch/adam/cassava-raw/cassavaleafdata/train/cmd/train-cmd-2309.jpg,3
/var/scratch/adam/cassava-raw/cassavaleafdata/train/cmd/train-cmd-1986.jpg,3
/var/scratch/adam/cassava-raw/cassavaleafdata/train/cbb/train-cbb-172.jpg,0
/var/scratch/adam/cassava-raw/cassavaleafdata/train/cmd/train-cmd-1647.jpg,3
/var/scratch/adam/cassava-raw/cassavaleafdata/train/cbsd/train-cbsd-817.jpg,1
/var/scratch/adam/cassava-raw/cassavaleafdata/train/cgm/train-cgm-15.jpg,2
/var/scratch/adam/cassava-raw/cassavaleafdata/train/healthy/train-healthy-20.jpg,4
/var/scratch/adam/cassava-raw/cassavaleafdata/train/cmd/train-cmd-2246.jpg,3
/var/scratch/adam/cassava-raw/cassavaleafdata/train/cgm/train-cgm-563.jpg,2
/var/scratch/adam/cassava-raw/cassavaleafdata/train/cmd/train-cmd-2352.jpg,3
/var/scratch/adam/cassava-raw/cassavaleafdata/train/cmd/train-cmd-2084.jpg,3
/var/scratch/adam/cassava-raw/cassavaleafdata/train/cgm/train-cgm-662.jpg,2
/var/scratch/adam/cassava-raw/cassavaleafdata/train/cmd/train-cmd-699.jpg,3
/var/scratch/adam/cassava-raw/cassavaleafdata/train/healthy/train-healthy-217.jpg,4
/var/scratch/adam/cassava-raw/cassavaleafdata/train/cgm/train-cgm-50.jpg,2
/var/scratch/adam/cassava-raw/cassavaleafdata/train/cbsd/train-cbsd-1138.jpg,1
/var/scratch/adam/cassava-raw/cassavaleafdata/train/cbsd/train-cbsd-558.jpg,1
/var/scratch/adam/cassava-raw/cassavaleafdata/train/cbsd/train-cbsd-1318.jpg,1
/var/scratch/adam/cassava-raw/cassavaleafdata/train/cbb/train-cbb-428.jpg,0
/var/scratch/adam/cassava-raw/cassavaleafdata/train/cmd/train-cmd-794.jpg,3
/var/scratch/adam/cassava-raw/cassavaleafdata/train/cmd/train-cmd-180.jpg,3
/var/scratch/adam/cassava-raw/cassavaleafdata/train/cmd/train-cmd-1933.jpg,3
/var/scratch/adam/cassava-raw/cassavaleafdata/train/cbsd/train-cbsd-617.jpg,1
/var/scratch/adam/cassava-raw/cassavaleafdata/train/cbsd/train-cbsd-591.jpg,1
/var/scratch/adam/cassava-raw/cassavaleafdata/train/cmd/train-cmd-839.jpg,3
/var/scratch/adam/cassava-raw/cassavaleafdata/train/cmd/train-cmd-2548.jpg,3
/var/scratch/adam/cassava-raw/cassavaleafdata/train/cmd/train-cmd-2158.jpg,3
/var/scratch/adam/cassava-raw/cassavaleafdata/train/cbsd/train-cbsd-521.jpg,1
/var/scratch/adam/cassava-raw/cassavaleafdata/train/cmd/train-cmd-1867.jpg,3
/var/scratch/adam/cassava-raw/cassavaleafdata/train/cbsd/train-cbsd-1101.jpg,1
/var/scratch/adam/cassava-raw/cassavaleafdata/train/cgm/train-cgm-520.jpg,2
/var/scratch/adam/cassava-raw/cassavaleafdata/train/healthy/train-healthy-285.jpg,4
/var/scratch/adam/cassava-raw/cassavaleafdata/train/cbsd/train-cbsd-283.jpg,1
/var/scratch/adam/cassava-raw/cassavaleafdata/train/cmd/train-cmd-955.jpg,3
/var/scratch/adam/cassava-raw/cassavaleafdata/train/cbsd/train-cbsd-414.jpg,1
/var/scratch/adam/cassava-raw/cassavaleafdata/train/cmd/train-cmd-2572.jpg,3
/var/scratch/adam/cassava-raw/cassavaleafdata/train/cmd/train-cmd-155.jpg,3
/var/scratch/adam/cassava-raw/cassavaleafdata/train/cbsd/train-cbsd-684.jpg,1
/var/scratch/adam/cassava-raw/cassavaleafdata/train/cmd/train-cmd-1036.jpg,3
/var/scratch/adam/cassava-raw/cassavaleafdata/train/cmd/train-cmd-2005.jpg,3
/var/scratch/adam/cassava-raw/cassavaleafdata/train/cbsd/train-cbsd-665.jpg,1
/var/scratch/adam/cassava-raw/cassavaleafdata/train/cmd/train-cmd-358.jpg,3
/var/scratch/adam/cassava-raw/cassavaleafdata/train/cbsd/train-cbsd-947.jpg,1
/var/scratch/adam/cassava-raw/cassavaleafdata/train/cmd/train-cmd-953.jpg,3
/var/scratch/adam/cassava-raw/cassavaleafdata/train/cbsd/train-cbsd-384.jpg,1
/var/scratch/adam/cassava-raw/cassavaleafdata/train/cgm/train-cgm-83.jpg,2
/var/scratch/adam/cassava-raw/cassavaleafdata/train/cmd/train-cmd-1319.jpg,3
/var/scratch/adam/cassava-raw/cassavaleafdata/train/cmd/train-cmd-1070.jpg,3
/var/scratch/adam/cassava-raw/cassavaleafdata/train/cmd/train-cmd-580.jpg,3
/var/scratch/adam/cassava-raw/cassavaleafdata/train/cbsd/train-cbsd-1112.jpg,1
/var/scratch/adam/cassava-raw/cassavaleafdata/train/cbsd/train-cbsd-1094.jpg,1
/var/scratch/adam/cassava-raw/cassavaleafdata/train/cbsd/train-cbsd-1103.jpg,1
/var/scratch/adam/cassava-raw/cassavaleafdata/train/healthy/train-healthy-36.jpg,4
/var/scratch/adam/cassava-raw/cassavaleafdata/train/cmd/train-cmd-548.jpg,3
/var/scratch/adam/cassava-raw/cassavaleafdata/train/cmd/train-cmd-740.jpg,3
/var/scratch/adam/cassava-raw/cassavaleafdata/train/cmd/train-cmd-267.jpg,3
/var/scratch/adam/cassava-raw/cassavaleafdata/train/cbb/train-cbb-261.jpg,0
/var/scratch/adam/cassava-raw/cassavaleafdata/train/cmd/train-cmd-2211.jpg,3
/var/scratch/adam/cassava-raw/cassavaleafdata/train/cbb/train-cbb-255.jpg,0
/var/scratch/adam/cassava-raw/cassavaleafdata/train/cbb/train-cbb-387.jpg,0
/var/scratch/adam/cassava-raw/cassavaleafdata/train/cmd/train-cmd-1.jpg,3
/var/scratch/adam/cassava-raw/cassavaleafdata/train/cmd/train-cmd-1395.jpg,3
/var/scratch/adam/cassava-raw/cassavaleafdata/train/cbb/train-cbb-252.jpg,0
/var/scratch/adam/cassava-raw/cassavaleafdata/train/healthy/train-healthy-304.jpg,4
/var/scratch/adam/cassava-raw/cassavaleafdata/train/cgm/train-cgm-640.jpg,2
/var/scratch/adam/cassava-raw/cassavaleafdata/train/cbsd/train-cbsd-1185.jpg,1
/var/scratch/adam/cassava-raw/cassavaleafdata/train/cgm/train-cgm-481.jpg,2
/var/scratch/adam/cassava-raw/cassavaleafdata/train/cmd/train-cmd-468.jpg,3
/var/scratch/adam/cassava-raw/cassavaleafdata/train/cmd/train-cmd-2555.jpg,3
/var/scratch/adam/cassava-raw/cassavaleafdata/train/cbsd/train-cbsd-1074.jpg,1
/var/scratch/adam/cassava-raw/cassavaleafdata/train/cbsd/train-cbsd-1438.jpg,1
/var/scratch/adam/cassava-raw/cassavaleafdata/train/cmd/train-cmd-1951.jpg,3
/var/scratch/adam/cassava-raw/cassavaleafdata/train/cmd/train-cmd-2210.jpg,3
/var/scratch/adam/cassava-raw/cassavaleafdata/train/cmd/train-cmd-2523.jpg,3
/var/scratch/adam/cassava-raw/cassavaleafdata/train/cmd/train-cmd-489.jpg,3
/var/scratch/adam/cassava-raw/cassavaleafdata/train/cbb/train-cbb-69.jpg,0
/var/scratch/adam/cassava-raw/cassavaleafdata/train/cmd/train-cmd-2418.jpg,3
/var/scratch/adam/cassava-raw/cassavaleafdata/train/cgm/train-cgm-532.jpg,2
/var/scratch/adam/cassava-raw/cassavaleafdata/train/cbsd/train-cbsd-984.jpg,1
/var/scratch/adam/cassava-raw/cassavaleafdata/train/healthy/train-healthy-115.jpg,4
/var/scratch/adam/cassava-raw/cassavaleafdata/train/cmd/train-cmd-1577.jpg,3
/var/scratch/adam/cassava-raw/cassavaleafdata/train/cmd/train-cmd-1745.jpg,3
/var/scratch/adam/cassava-raw/cassavaleafdata/train/cbsd/train-cbsd-1225.jpg,1
/var/scratch/adam/cassava-raw/cassavaleafdata/train/cgm/train-cgm-473.jpg,2
/var/scratch/adam/cassava-raw/cassavaleafdata/train/cbsd/train-cbsd-407.jpg,1
/var/scratch/adam/cassava-raw/cassavaleafdata/train/cgm/train-cgm-325.jpg,2
/var/scratch/adam/cassava-raw/cassavaleafdata/train/cbsd/train-cbsd-447.jpg,1
/var/scratch/adam/cassava-raw/cassavaleafdata/train/cmd/train-cmd-1581.jpg,3
/var/scratch/adam/cassava-raw/cassavaleafdata/train/cgm/train-cgm-31.jpg,2
/var/scratch/adam/cassava-raw/cassavaleafdata/train/cbsd/train-cbsd-563.jpg,1
/var/scratch/adam/cassava-raw/cassavaleafdata/train/cmd/train-cmd-2549.jpg,3
/var/scratch/adam/cassava-raw/cassavaleafdata/train/cgm/train-cgm-133.jpg,2
/var/scratch/adam/cassava-raw/cassavaleafdata/train/cmd/train-cmd-1063.jpg,3
/var/scratch/adam/cassava-raw/cassavaleafdata/train/cbsd/train-cbsd-782.jpg,1
/var/scratch/adam/cassava-raw/cassavaleafdata/train/cmd/train-cmd-413.jpg,3
/var/scratch/adam/cassava-raw/cassavaleafdata/train/cbb/train-cbb-79.jpg,0
/var/scratch/adam/cassava-raw/cassavaleafdata/train/cmd/train-cmd-694.jpg,3
/var/scratch/adam/cassava-raw/cassavaleafdata/train/cmd/train-cmd-128.jpg,3
/var/scratch/adam/cassava-raw/cassavaleafdata/train/cmd/train-cmd-2567.jpg,3
/var/scratch/adam/cassava-raw/cassavaleafdata/train/healthy/train-healthy-5.jpg,4
/var/scratch/adam/cassava-raw/cassavaleafdata/train/cbsd/train-cbsd-284.jpg,1
/var/scratch/adam/cassava-raw/cassavaleafdata/train/cgm/train-cgm-601.jpg,2
/var/scratch/adam/cassava-raw/cassavaleafdata/train/cmd/train-cmd-579.jpg,3
/var/scratch/adam/cassava-raw/cassavaleafdata/train/cbsd/train-cbsd-116.jpg,1
/var/scratch/adam/cassava-raw/cassavaleafdata/train/cbsd/train-cbsd-1267.jpg,1
/var/scratch/adam/cassava-raw/cassavaleafdata/train/cmd/train-cmd-564.jpg,3
/var/scratch/adam/cassava-raw/cassavaleafdata/train/cbsd/train-cbsd-477.jpg,1
/var/scratch/adam/cassava-raw/cassavaleafdata/train/cmd/train-cmd-1937.jpg,3
/var/scratch/adam/cassava-raw/cassavaleafdata/train/cgm/train-cgm-79.jpg,2
/var/scratch/adam/cassava-raw/cassavaleafdata/train/cmd/train-cmd-982.jpg,3
/var/scratch/adam/cassava-raw/cassavaleafdata/train/cmd/train-cmd-2272.jpg,3
/var/scratch/adam/cassava-raw/cassavaleafdata/train/cbsd/train-cbsd-1285.jpg,1
/var/scratch/adam/cassava-raw/cassavaleafdata/train/cmd/train-cmd-2121.jpg,3
/var/scratch/adam/cassava-raw/cassavaleafdata/train/cmd/train-cmd-333.jpg,3
/var/scratch/adam/cassava-raw/cassavaleafdata/train/cbsd/train-cbsd-169.jpg,1
/var/scratch/adam/cassava-raw/cassavaleafdata/train/cmd/train-cmd-903.jpg,3
/var/scratch/adam/cassava-raw/cassavaleafdata/train/cbsd/train-cbsd-849.jpg,1
/var/scratch/adam/cassava-raw/cassavaleafdata/train/cbsd/train-cbsd-1180.jpg,1
/var/scratch/adam/cassava-raw/cassavaleafdata/train/cmd/train-cmd-1718.jpg,3
/var/scratch/adam/cassava-raw/cassavaleafdata/train/cmd/train-cmd-1535.jpg,3
/var/scratch/adam/cassava-raw/cassavaleafdata/train/cmd/train-cmd-522.jpg,3
/var/scratch/adam/cassava-raw/cassavaleafdata/train/cbb/train-cbb-50.jpg,0
/var/scratch/adam/cassava-raw/cassavaleafdata/train/cbsd/train-cbsd-1075.jpg,1
/var/scratch/adam/cassava-raw/cassavaleafdata/train/cmd/train-cmd-2274.jpg,3
/var/scratch/adam/cassava-raw/cassavaleafdata/train/cmd/train-cmd-154.jpg,3
/var/scratch/adam/cassava-raw/cassavaleafdata/train/cbsd/train-cbsd-1424.jpg,1
/var/scratch/adam/cassava-raw/cassavaleafdata/train/cgm/train-cgm-593.jpg,2
/var/scratch/adam/cassava-raw/cassavaleafdata/train/cbsd/train-cbsd-491.jpg,1
/var/scratch/adam/cassava-raw/cassavaleafdata/train/cmd/train-cmd-1789.jpg,3
/var/scratch/adam/cassava-raw/cassavaleafdata/train/cmd/train-cmd-1606.jpg,3
/var/scratch/adam/cassava-raw/cassavaleafdata/train/cbsd/train-cbsd-555.jpg,1
/var/scratch/adam/cassava-raw/cassavaleafdata/train/cmd/train-cmd-2344.jpg,3
/var/scratch/adam/cassava-raw/cassavaleafdata/train/cmd/train-cmd-677.jpg,3
/var/scratch/adam/cassava-raw/cassavaleafdata/train/cbsd/train-cbsd-1089.jpg,1
/var/scratch/adam/cassava-raw/cassavaleafdata/train/cbsd/train-cbsd-1276.jpg,1
/var/scratch/adam/cassava-raw/cassavaleafdata/train/healthy/train-healthy-11.jpg,4
/var/scratch/adam/cassava-raw/cassavaleafdata/train/cbb/train-cbb-365.jpg,0
/var/scratch/adam/cassava-raw/cassavaleafdata/train/healthy/train-healthy-103.jpg,4
/var/scratch/adam/cassava-raw/cassavaleafdata/train/cmd/train-cmd-291.jpg,3
/var/scratch/adam/cassava-raw/cassavaleafdata/train/cmd/train-cmd-2476.jpg,3
/var/scratch/adam/cassava-raw/cassavaleafdata/train/cmd/train-cmd-494.jpg,3
/var/scratch/adam/cassava-raw/cassavaleafdata/train/cmd/train-cmd-954.jpg,3
/var/scratch/adam/cassava-raw/cassavaleafdata/train/cmd/train-cmd-708.jpg,3
/var/scratch/adam/cassava-raw/cassavaleafdata/train/cbsd/train-cbsd-60.jpg,1
/var/scratch/adam/cassava-raw/cassavaleafdata/train/cbb/train-cbb-162.jpg,0
/var/scratch/adam/cassava-raw/cassavaleafdata/train/cbsd/train-cbsd-80.jpg,1
/var/scratch/adam/cassava-raw/cassavaleafdata/train/cmd/train-cmd-593.jpg,3
/var/scratch/adam/cassava-raw/cassavaleafdata/train/cmd/train-cmd-1927.jpg,3
/var/scratch/adam/cassava-raw/cassavaleafdata/train/healthy/train-healthy-287.jpg,4
/var/scratch/adam/cassava-raw/cassavaleafdata/train/cbsd/train-cbsd-300.jpg,1
/var/scratch/adam/cassava-raw/cassavaleafdata/train/cgm/train-cgm-78.jpg,2
/var/scratch/adam/cassava-raw/cassavaleafdata/train/cmd/train-cmd-1980.jpg,3
/var/scratch/adam/cassava-raw/cassavaleafdata/train/cmd/train-cmd-23.jpg,3
/var/scratch/adam/cassava-raw/cassavaleafdata/train/cbsd/train-cbsd-565.jpg,1
/var/scratch/adam/cassava-raw/cassavaleafdata/train/cgm/train-cgm-188.jpg,2
/var/scratch/adam/cassava-raw/cassavaleafdata/train/cbb/train-cbb-14.jpg,0
/var/scratch/adam/cassava-raw/cassavaleafdata/train/cmd/train-cmd-1434.jpg,3
/var/scratch/adam/cassava-raw/cassavaleafdata/train/cbb/train-cbb-402.jpg,0
/var/scratch/adam/cassava-raw/cassavaleafdata/train/healthy/train-healthy-66.jpg,4
/var/scratch/adam/cassava-raw/cassavaleafdata/train/cbsd/train-cbsd-935.jpg,1
/var/scratch/adam/cassava-raw/cassavaleafdata/train/cmd/train-cmd-510.jpg,3
/var/scratch/adam/cassava-raw/cassavaleafdata/train/cbsd/train-cbsd-1068.jpg,1
/var/scratch/adam/cassava-raw/cassavaleafdata/train/cmd/train-cmd-1439.jpg,3
/var/scratch/adam/cassava-raw/cassavaleafdata/train/cbsd/train-cbsd-978.jpg,1
/var/scratch/adam/cassava-raw/cassavaleafdata/train/cbsd/train-cbsd-330.jpg,1
/var/scratch/adam/cassava-raw/cassavaleafdata/train/cmd/train-cmd-449.jpg,3
/var/scratch/adam/cassava-raw/cassavaleafdata/train/cbsd/train-cbsd-454.jpg,1
/var/scratch/adam/cassava-raw/cassavaleafdata/train/cmd/train-cmd-470.jpg,3
/var/scratch/adam/cassava-raw/cassavaleafdata/train/cmd/train-cmd-825.jpg,3
/var/scratch/adam/cassava-raw/cassavaleafdata/train/cgm/train-cgm-239.jpg,2
/var/scratch/adam/cassava-raw/cassavaleafdata/train/cbsd/train-cbsd-878.jpg,1
/var/scratch/adam/cassava-raw/cassavaleafdata/train/cmd/train-cmd-1080.jpg,3
/var/scratch/adam/cassava-raw/cassavaleafdata/train/cbsd/train-cbsd-733.jpg,1
/var/scratch/adam/cassava-raw/cassavaleafdata/train/cmd/train-cmd-2436.jpg,3
/var/scratch/adam/cassava-raw/cassavaleafdata/train/cgm/train-cgm-332.jpg,2
/var/scratch/adam/cassava-raw/cassavaleafdata/train/healthy/train-healthy-216.jpg,4
/var/scratch/adam/cassava-raw/cassavaleafdata/train/cmd/train-cmd-2362.jpg,3
/var/scratch/adam/cassava-raw/cassavaleafdata/train/cbsd/train-cbsd-51.jpg,1
/var/scratch/adam/cassava-raw/cassavaleafdata/train/cmd/train-cmd-452.jpg,3
/var/scratch/adam/cassava-raw/cassavaleafdata/train/cmd/train-cmd-2011.jpg,3
/var/scratch/adam/cassava-raw/cassavaleafdata/train/cbsd/train-cbsd-1034.jpg,1
/var/scratch/adam/cassava-raw/cassavaleafdata/train/cmd/train-cmd-1651.jpg,3
/var/scratch/adam/cassava-raw/cassavaleafdata/train/cmd/train-cmd-938.jpg,3
/var/scratch/adam/cassava-raw/cassavaleafdata/train/cgm/train-cgm-146.jpg,2
/var/scratch/adam/cassava-raw/cassavaleafdata/train/cmd/train-cmd-1027.jpg,3
/var/scratch/adam/cassava-raw/cassavaleafdata/train/cbb/train-cbb-202.jpg,0
/var/scratch/adam/cassava-raw/cassavaleafdata/train/cgm/train-cgm-84.jpg,2
/var/scratch/adam/cassava-raw/cassavaleafdata/train/cmd/train-cmd-896.jpg,3
/var/scratch/adam/cassava-raw/cassavaleafdata/train/cmd/train-cmd-2641.jpg,3
/var/scratch/adam/cassava-raw/cassavaleafdata/train/cmd/train-cmd-814.jpg,3
/var/scratch/adam/cassava-raw/cassavaleafdata/train/cmd/train-cmd-2151.jpg,3
/var/scratch/adam/cassava-raw/cassavaleafdata/train/healthy/train-healthy-148.jpg,4
/var/scratch/adam/cassava-raw/cassavaleafdata/train/cbsd/train-cbsd-1351.jpg,1
/var/scratch/adam/cassava-raw/cassavaleafdata/train/cmd/train-cmd-2546.jpg,3
/var/scratch/adam/cassava-raw/cassavaleafdata/train/cgm/train-cgm-304.jpg,2
/var/scratch/adam/cassava-raw/cassavaleafdata/train/healthy/train-healthy-106.jpg,4
/var/scratch/adam/cassava-raw/cassavaleafdata/train/cmd/train-cmd-1540.jpg,3
/var/scratch/adam/cassava-raw/cassavaleafdata/train/cmd/train-cmd-1920.jpg,3
/var/scratch/adam/cassava-raw/cassavaleafdata/train/cbb/train-cbb-401.jpg,0
/var/scratch/adam/cassava-raw/cassavaleafdata/train/cmd/train-cmd-1834.jpg,3
/var/scratch/adam/cassava-raw/cassavaleafdata/train/cbsd/train-cbsd-397.jpg,1
/var/scratch/adam/cassava-raw/cassavaleafdata/train/cbb/train-cbb-64.jpg,0
/var/scratch/adam/cassava-raw/cassavaleafdata/train/cmd/train-cmd-319.jpg,3
/var/scratch/adam/cassava-raw/cassavaleafdata/train/cmd/train-cmd-924.jpg,3
/var/scratch/adam/cassava-raw/cassavaleafdata/train/cmd/train-cmd-1145.jpg,3
/var/scratch/adam/cassava-raw/cassavaleafdata/train/cmd/train-cmd-2470.jpg,3
/var/scratch/adam/cassava-raw/cassavaleafdata/train/cmd/train-cmd-787.jpg,3
/var/scratch/adam/cassava-raw/cassavaleafdata/train/cbsd/train-cbsd-99.jpg,1
/var/scratch/adam/cassava-raw/cassavaleafdata/train/healthy/train-healthy-123.jpg,4
/var/scratch/adam/cassava-raw/cassavaleafdata/train/healthy/train-healthy-96.jpg,4
/var/scratch/adam/cassava-raw/cassavaleafdata/train/cbsd/train-cbsd-89.jpg,1
/var/scratch/adam/cassava-raw/cassavaleafdata/train/cmd/train-cmd-2301.jpg,3
/var/scratch/adam/cassava-raw/cassavaleafdata/train/cmd/train-cmd-1989.jpg,3
/var/scratch/adam/cassava-raw/cassavaleafdata/train/cgm/train-cgm-583.jpg,2
/var/scratch/adam/cassava-raw/cassavaleafdata/train/cmd/train-cmd-1707.jpg,3
/var/scratch/adam/cassava-raw/cassavaleafdata/train/cmd/train-cmd-281.jpg,3
/var/scratch/adam/cassava-raw/cassavaleafdata/train/cmd/train-cmd-775.jpg,3
/var/scratch/adam/cassava-raw/cassavaleafdata/train/cbsd/train-cbsd-1118.jpg,1
/var/scratch/adam/cassava-raw/cassavaleafdata/train/cmd/train-cmd-2463.jpg,3
/var/scratch/adam/cassava-raw/cassavaleafdata/train/cmd/train-cmd-2447.jpg,3
/var/scratch/adam/cassava-raw/cassavaleafdata/train/cbsd/train-cbsd-85.jpg,1
/var/scratch/adam/cassava-raw/cassavaleafdata/train/cmd/train-cmd-2519.jpg,3
/var/scratch/adam/cassava-raw/cassavaleafdata/train/cgm/train-cgm-181.jpg,2
/var/scratch/adam/cassava-raw/cassavaleafdata/train/cbsd/train-cbsd-750.jpg,1
/var/scratch/adam/cassava-raw/cassavaleafdata/train/cbb/train-cbb-126.jpg,0
/var/scratch/adam/cassava-raw/cassavaleafdata/train/cmd/train-cmd-1270.jpg,3
/var/scratch/adam/cassava-raw/cassavaleafdata/train/cgm/train-cgm-52.jpg,2
/var/scratch/adam/cassava-raw/cassavaleafdata/train/cbsd/train-cbsd-1437.jpg,1
/var/scratch/adam/cassava-raw/cassavaleafdata/train/cmd/train-cmd-2578.jpg,3
/var/scratch/adam/cassava-raw/cassavaleafdata/train/cmd/train-cmd-1272.jpg,3
/var/scratch/adam/cassava-raw/cassavaleafdata/train/cmd/train-cmd-640.jpg,3
/var/scratch/adam/cassava-raw/cassavaleafdata/train/healthy/train-healthy-194.jpg,4
/var/scratch/adam/cassava-raw/cassavaleafdata/train/cgm/train-cgm-486.jpg,2
/var/scratch/adam/cassava-raw/cassavaleafdata/train/cgm/train-cgm-135.jpg,2
/var/scratch/adam/cassava-raw/cassavaleafdata/train/cmd/train-cmd-900.jpg,3
/var/scratch/adam/cassava-raw/cassavaleafdata/train/cbsd/train-cbsd-1046.jpg,1
/var/scratch/adam/cassava-raw/cassavaleafdata/train/cbb/train-cbb-49.jpg,0
/var/scratch/adam/cassava-raw/cassavaleafdata/train/cmd/train-cmd-1829.jpg,3
/var/scratch/adam/cassava-raw/cassavaleafdata/train/cmd/train-cmd-1066.jpg,3
/var/scratch/adam/cassava-raw/cassavaleafdata/train/cbb/train-cbb-338.jpg,0
/var/scratch/adam/cassava-raw/cassavaleafdata/train/cgm/train-cgm-633.jpg,2
/var/scratch/adam/cassava-raw/cassavaleafdata/train/cbb/train-cbb-352.jpg,0
/var/scratch/adam/cassava-raw/cassavaleafdata/train/cmd/train-cmd-2329.jpg,3
/var/scratch/adam/cassava-raw/cassavaleafdata/train/cmd/train-cmd-296.jpg,3
/var/scratch/adam/cassava-raw/cassavaleafdata/train/cmd/train-cmd-299.jpg,3
/var/scratch/adam/cassava-raw/cassavaleafdata/train/cmd/train-cmd-182.jpg,3
/var/scratch/adam/cassava-raw/cassavaleafdata/train/cmd/train-cmd-707.jpg,3
/var/scratch/adam/cassava-raw/cassavaleafdata/train/cmd/train-cmd-1085.jpg,3
/var/scratch/adam/cassava-raw/cassavaleafdata/train/cmd/train-cmd-669.jpg,3
/var/scratch/adam/cassava-raw/cassavaleafdata/train/healthy/train-healthy-255.jpg,4
/var/scratch/adam/cassava-raw/cassavaleafdata/train/cmd/train-cmd-1657.jpg,3
/var/scratch/adam/cassava-raw/cassavaleafdata/train/cmd/train-cmd-891.jpg,3
/var/scratch/adam/cassava-raw/cassavaleafdata/train/cbsd/train-cbsd-1390.jpg,1
/var/scratch/adam/cassava-raw/cassavaleafdata/train/cmd/train-cmd-1795.jpg,3
/var/scratch/adam/cassava-raw/cassavaleafdata/train/cmd/train-cmd-2193.jpg,3
/var/scratch/adam/cassava-raw/cassavaleafdata/train/cmd/train-cmd-1776.jpg,3
/var/scratch/adam/cassava-raw/cassavaleafdata/train/cbb/train-cbb-98.jpg,0
/var/scratch/adam/cassava-raw/cassavaleafdata/train/healthy/train-healthy-284.jpg,4
/var/scratch/adam/cassava-raw/cassavaleafdata/train/cmd/train-cmd-140.jpg,3
/var/scratch/adam/cassava-raw/cassavaleafdata/train/cbsd/train-cbsd-752.jpg,1
/var/scratch/adam/cassava-raw/cassavaleafdata/train/cmd/train-cmd-2356.jpg,3
/var/scratch/adam/cassava-raw/cassavaleafdata/train/cbb/train-cbb-207.jpg,0
/var/scratch/adam/cassava-raw/cassavaleafdata/train/cbsd/train-cbsd-589.jpg,1
/var/scratch/adam/cassava-raw/cassavaleafdata/train/cmd/train-cmd-1770.jpg,3
/var/scratch/adam/cassava-raw/cassavaleafdata/train/cmd/train-cmd-790.jpg,3
/var/scratch/adam/cassava-raw/cassavaleafdata/train/cbsd/train-cbsd-958.jpg,1
/var/scratch/adam/cassava-raw/cassavaleafdata/train/cmd/train-cmd-104.jpg,3
/var/scratch/adam/cassava-raw/cassavaleafdata/train/cbsd/train-cbsd-517.jpg,1
/var/scratch/adam/cassava-raw/cassavaleafdata/train/cgm/train-cgm-160.jpg,2
/var/scratch/adam/cassava-raw/cassavaleafdata/train/cmd/train-cmd-998.jpg,3
/var/scratch/adam/cassava-raw/cassavaleafdata/train/cbsd/train-cbsd-531.jpg,1
/var/scratch/adam/cassava-raw/cassavaleafdata/train/cgm/train-cgm-282.jpg,2
/var/scratch/adam/cassava-raw/cassavaleafdata/train/cbsd/train-cbsd-1251.jpg,1
/var/scratch/adam/cassava-raw/cassavaleafdata/train/cbsd/train-cbsd-1272.jpg,1
/var/scratch/adam/cassava-raw/cassavaleafdata/train/cmd/train-cmd-2077.jpg,3
/var/scratch/adam/cassava-raw/cassavaleafdata/train/cmd/train-cmd-1304.jpg,3
/var/scratch/adam/cassava-raw/cassavaleafdata/train/cmd/train-cmd-2552.jpg,3
/var/scratch/adam/cassava-raw/cassavaleafdata/train/cbsd/train-cbsd-1291.jpg,1
/var/scratch/adam/cassava-raw/cassavaleafdata/train/cbsd/train-cbsd-717.jpg,1
/var/scratch/adam/cassava-raw/cassavaleafdata/train/cmd/train-cmd-571.jpg,3
/var/scratch/adam/cassava-raw/cassavaleafdata/train/cmd/train-cmd-433.jpg,3
/var/scratch/adam/cassava-raw/cassavaleafdata/train/cmd/train-cmd-2653.jpg,3
/var/scratch/adam/cassava-raw/cassavaleafdata/train/cgm/train-cgm-356.jpg,2
/var/scratch/adam/cassava-raw/cassavaleafdata/train/cmd/train-cmd-2387.jpg,3
/var/scratch/adam/cassava-raw/cassavaleafdata/train/cbsd/train-cbsd-307.jpg,1
/var/scratch/adam/cassava-raw/cassavaleafdata/train/cbsd/train-cbsd-586.jpg,1
/var/scratch/adam/cassava-raw/cassavaleafdata/train/cmd/train-cmd-1594.jpg,3
/var/scratch/adam/cassava-raw/cassavaleafdata/train/cmd/train-cmd-2589.jpg,3
/var/scratch/adam/cassava-raw/cassavaleafdata/train/cmd/train-cmd-46.jpg,3
/var/scratch/adam/cassava-raw/cassavaleafdata/train/healthy/train-healthy-111.jpg,4
/var/scratch/adam/cassava-raw/cassavaleafdata/train/cmd/train-cmd-330.jpg,3
/var/scratch/adam/cassava-raw/cassavaleafdata/train/cgm/train-cgm-566.jpg,2
/var/scratch/adam/cassava-raw/cassavaleafdata/train/cmd/train-cmd-566.jpg,3
/var/scratch/adam/cassava-raw/cassavaleafdata/train/cmd/train-cmd-1302.jpg,3
/var/scratch/adam/cassava-raw/cassavaleafdata/train/cbsd/train-cbsd-790.jpg,1
/var/scratch/adam/cassava-raw/cassavaleafdata/train/cmd/train-cmd-2324.jpg,3
/var/scratch/adam/cassava-raw/cassavaleafdata/train/cbsd/train-cbsd-1247.jpg,1
/var/scratch/adam/cassava-raw/cassavaleafdata/train/cgm/train-cgm-536.jpg,2
/var/scratch/adam/cassava-raw/cassavaleafdata/train/healthy/train-healthy-212.jpg,4
/var/scratch/adam/cassava-raw/cassavaleafdata/train/cmd/train-cmd-1833.jpg,3
/var/scratch/adam/cassava-raw/cassavaleafdata/train/cgm/train-cgm-588.jpg,2
/var/scratch/adam/cassava-raw/cassavaleafdata/train/cmd/train-cmd-2069.jpg,3
/var/scratch/adam/cassava-raw/cassavaleafdata/train/cgm/train-cgm-116.jpg,2
/var/scratch/adam/cassava-raw/cassavaleafdata/train/cmd/train-cmd-1620.jpg,3
/var/scratch/adam/cassava-raw/cassavaleafdata/train/cbb/train-cbb-398.jpg,0
/var/scratch/adam/cassava-raw/cassavaleafdata/train/cbb/train-cbb-329.jpg,0
/var/scratch/adam/cassava-raw/cassavaleafdata/train/cbb/train-cbb-334.jpg,0
/var/scratch/adam/cassava-raw/cassavaleafdata/train/cmd/train-cmd-700.jpg,3
/var/scratch/adam/cassava-raw/cassavaleafdata/train/cgm/train-cgm-469.jpg,2
/var/scratch/adam/cassava-raw/cassavaleafdata/train/cbsd/train-cbsd-1039.jpg,1
/var/scratch/adam/cassava-raw/cassavaleafdata/train/cmd/train-cmd-1029.jpg,3
/var/scratch/adam/cassava-raw/cassavaleafdata/train/cbb/train-cbb-63.jpg,0
/var/scratch/adam/cassava-raw/cassavaleafdata/train/cmd/train-cmd-1007.jpg,3
/var/scratch/adam/cassava-raw/cassavaleafdata/train/cmd/train-cmd-2206.jpg,3
/var/scratch/adam/cassava-raw/cassavaleafdata/train/cmd/train-cmd-633.jpg,3
/var/scratch/adam/cassava-raw/cassavaleafdata/train/cbsd/train-cbsd-838.jpg,1
/var/scratch/adam/cassava-raw/cassavaleafdata/train/cbsd/train-cbsd-652.jpg,1
/var/scratch/adam/cassava-raw/cassavaleafdata/train/cmd/train-cmd-1177.jpg,3
/var/scratch/adam/cassava-raw/cassavaleafdata/train/cmd/train-cmd-303.jpg,3
/var/scratch/adam/cassava-raw/cassavaleafdata/train/healthy/train-healthy-75.jpg,4
/var/scratch/adam/cassava-raw/cassavaleafdata/train/cmd/train-cmd-1717.jpg,3
/var/scratch/adam/cassava-raw/cassavaleafdata/train/cbsd/train-cbsd-1368.jpg,1
/var/scratch/adam/cassava-raw/cassavaleafdata/train/cbsd/train-cbsd-545.jpg,1
/var/scratch/adam/cassava-raw/cassavaleafdata/train/cbsd/train-cbsd-120.jpg,1
/var/scratch/adam/cassava-raw/cassavaleafdata/train/cbsd/train-cbsd-55.jpg,1
/var/scratch/adam/cassava-raw/cassavaleafdata/train/healthy/train-healthy-64.jpg,4
/var/scratch/adam/cassava-raw/cassavaleafdata/train/cgm/train-cgm-389.jpg,2
/var/scratch/adam/cassava-raw/cassavaleafdata/train/cmd/train-cmd-378.jpg,3
/var/scratch/adam/cassava-raw/cassavaleafdata/train/cmd/train-cmd-1141.jpg,3
/var/scratch/adam/cassava-raw/cassavaleafdata/train/cmd/train-cmd-498.jpg,3
/var/scratch/adam/cassava-raw/cassavaleafdata/train/cgm/train-cgm-22.jpg,2
/var/scratch/adam/cassava-raw/cassavaleafdata/train/cmd/train-cmd-2340.jpg,3
/var/scratch/adam/cassava-raw/cassavaleafdata/train/cgm/train-cgm-134.jpg,2
/var/scratch/adam/cassava-raw/cassavaleafdata/train/cmd/train-cmd-1241.jpg,3
/var/scratch/adam/cassava-raw/cassavaleafdata/train/cbsd/train-cbsd-1178.jpg,1
/var/scratch/adam/cassava-raw/cassavaleafdata/train/cmd/train-cmd-1359.jpg,3
/var/scratch/adam/cassava-raw/cassavaleafdata/train/cmd/train-cmd-2029.jpg,3
/var/scratch/adam/cassava-raw/cassavaleafdata/train/cgm/train-cgm-678.jpg,2
/var/scratch/adam/cassava-raw/cassavaleafdata/train/cbb/train-cbb-6.jpg,0
/var/scratch/adam/cassava-raw/cassavaleafdata/train/cmd/train-cmd-271.jpg,3
/var/scratch/adam/cassava-raw/cassavaleafdata/train/cbsd/train-cbsd-667.jpg,1
/var/scratch/adam/cassava-raw/cassavaleafdata/train/cbsd/train-cbsd-457.jpg,1
/var/scratch/adam/cassava-raw/cassavaleafdata/train/cmd/train-cmd-819.jpg,3
/var/scratch/adam/cassava-raw/cassavaleafdata/train/cmd/train-cmd-1966.jpg,3
/var/scratch/adam/cassava-raw/cassavaleafdata/train/cmd/train-cmd-910.jpg,3
/var/scratch/adam/cassava-raw/cassavaleafdata/train/cmd/train-cmd-2087.jpg,3
/var/scratch/adam/cassava-raw/cassavaleafdata/train/cbsd/train-cbsd-248.jpg,1
/var/scratch/adam/cassava-raw/cassavaleafdata/train/cbsd/train-cbsd-1406.jpg,1
/var/scratch/adam/cassava-raw/cassavaleafdata/train/cbsd/train-cbsd-84.jpg,1
/var/scratch/adam/cassava-raw/cassavaleafdata/train/healthy/train-healthy-230.jpg,4
/var/scratch/adam/cassava-raw/cassavaleafdata/train/cbb/train-cbb-180.jpg,0
/var/scratch/adam/cassava-raw/cassavaleafdata/train/cmd/train-cmd-317.jpg,3
/var/scratch/adam/cassava-raw/cassavaleafdata/train/cgm/train-cgm-618.jpg,2
/var/scratch/adam/cassava-raw/cassavaleafdata/train/cmd/train-cmd-1949.jpg,3
/var/scratch/adam/cassava-raw/cassavaleafdata/train/cmd/train-cmd-2215.jpg,3
/var/scratch/adam/cassava-raw/cassavaleafdata/train/cbb/train-cbb-380.jpg,0
/var/scratch/adam/cassava-raw/cassavaleafdata/train/cgm/train-cgm-67.jpg,2
/var/scratch/adam/cassava-raw/cassavaleafdata/train/cmd/train-cmd-2219.jpg,3
/var/scratch/adam/cassava-raw/cassavaleafdata/train/cmd/train-cmd-1954.jpg,3
/var/scratch/adam/cassava-raw/cassavaleafdata/train/cmd/train-cmd-410.jpg,3
/var/scratch/adam/cassava-raw/cassavaleafdata/train/cgm/train-cgm-299.jpg,2
/var/scratch/adam/cassava-raw/cassavaleafdata/train/cbsd/train-cbsd-762.jpg,1
/var/scratch/adam/cassava-raw/cassavaleafdata/train/cgm/train-cgm-147.jpg,2
/var/scratch/adam/cassava-raw/cassavaleafdata/train/cbsd/train-cbsd-1429.jpg,1
/var/scratch/adam/cassava-raw/cassavaleafdata/train/cbb/train-cbb-414.jpg,0
/var/scratch/adam/cassava-raw/cassavaleafdata/train/cbsd/train-cbsd-201.jpg,1
/var/scratch/adam/cassava-raw/cassavaleafdata/train/cmd/train-cmd-43.jpg,3
/var/scratch/adam/cassava-raw/cassavaleafdata/train/cbsd/train-cbsd-1209.jpg,1
/var/scratch/adam/cassava-raw/cassavaleafdata/train/cbsd/train-cbsd-1095.jpg,1
/var/scratch/adam/cassava-raw/cassavaleafdata/train/cbsd/train-cbsd-56.jpg,1
/var/scratch/adam/cassava-raw/cassavaleafdata/train/healthy/train-healthy-261.jpg,4
/var/scratch/adam/cassava-raw/cassavaleafdata/train/cbsd/train-cbsd-1065.jpg,1
/var/scratch/adam/cassava-raw/cassavaleafdata/train/healthy/train-healthy-253.jpg,4
/var/scratch/adam/cassava-raw/cassavaleafdata/train/healthy/train-healthy-250.jpg,4
/var/scratch/adam/cassava-raw/cassavaleafdata/train/cbsd/train-cbsd-185.jpg,1
/var/scratch/adam/cassava-raw/cassavaleafdata/train/cmd/train-cmd-2382.jpg,3
/var/scratch/adam/cassava-raw/cassavaleafdata/train/cbsd/train-cbsd-412.jpg,1
/var/scratch/adam/cassava-raw/cassavaleafdata/train/cbsd/train-cbsd-1087.jpg,1
/var/scratch/adam/cassava-raw/cassavaleafdata/train/cmd/train-cmd-619.jpg,3
/var/scratch/adam/cassava-raw/cassavaleafdata/train/healthy/train-healthy-39.jpg,4
/var/scratch/adam/cassava-raw/cassavaleafdata/train/cbsd/train-cbsd-402.jpg,1
/var/scratch/adam/cassava-raw/cassavaleafdata/train/cmd/train-cmd-1355.jpg,3
/var/scratch/adam/cassava-raw/cassavaleafdata/train/cbsd/train-cbsd-939.jpg,1
/var/scratch/adam/cassava-raw/cassavaleafdata/train/cbsd/train-cbsd-212.jpg,1
/var/scratch/adam/cassava-raw/cassavaleafdata/train/cbb/train-cbb-146.jpg,0
/var/scratch/adam/cassava-raw/cassavaleafdata/train/cmd/train-cmd-885.jpg,3
/var/scratch/adam/cassava-raw/cassavaleafdata/train/cmd/train-cmd-680.jpg,3
/var/scratch/adam/cassava-raw/cassavaleafdata/train/cmd/train-cmd-203.jpg,3
/var/scratch/adam/cassava-raw/cassavaleafdata/train/cbsd/train-cbsd-594.jpg,1
/var/scratch/adam/cassava-raw/cassavaleafdata/train/cgm/train-cgm-720.jpg,2
/var/scratch/adam/cassava-raw/cassavaleafdata/train/cmd/train-cmd-1321.jpg,3
/var/scratch/adam/cassava-raw/cassavaleafdata/train/cbsd/train-cbsd-588.jpg,1
/var/scratch/adam/cassava-raw/cassavaleafdata/train/healthy/train-healthy-137.jpg,4
/var/scratch/adam/cassava-raw/cassavaleafdata/train/cbsd/train-cbsd-807.jpg,1
/var/scratch/adam/cassava-raw/cassavaleafdata/train/cgm/train-cgm-308.jpg,2
/var/scratch/adam/cassava-raw/cassavaleafdata/train/cmd/train-cmd-841.jpg,3
/var/scratch/adam/cassava-raw/cassavaleafdata/train/cmd/train-cmd-2015.jpg,3
/var/scratch/adam/cassava-raw/cassavaleafdata/train/cgm/train-cgm-197.jpg,2
/var/scratch/adam/cassava-raw/cassavaleafdata/train/cmd/train-cmd-67.jpg,3
/var/scratch/adam/cassava-raw/cassavaleafdata/train/cbsd/train-cbsd-1296.jpg,1
/var/scratch/adam/cassava-raw/cassavaleafdata/train/cgm/train-cgm-451.jpg,2
/var/scratch/adam/cassava-raw/cassavaleafdata/train/cgm/train-cgm-102.jpg,2
/var/scratch/adam/cassava-raw/cassavaleafdata/train/cmd/train-cmd-750.jpg,3
/var/scratch/adam/cassava-raw/cassavaleafdata/train/cbsd/train-cbsd-1402.jpg,1
/var/scratch/adam/cassava-raw/cassavaleafdata/train/cmd/train-cmd-1592.jpg,3
/var/scratch/adam/cassava-raw/cassavaleafdata/train/healthy/train-healthy-228.jpg,4
/var/scratch/adam/cassava-raw/cassavaleafdata/train/cbsd/train-cbsd-214.jpg,1
/var/scratch/adam/cassava-raw/cassavaleafdata/train/cmd/train-cmd-264.jpg,3
/var/scratch/adam/cassava-raw/cassavaleafdata/train/cmd/train-cmd-1242.jpg,3
/var/scratch/adam/cassava-raw/cassavaleafdata/train/cbsd/train-cbsd-191.jpg,1
/var/scratch/adam/cassava-raw/cassavaleafdata/train/cgm/train-cgm-129.jpg,2
/var/scratch/adam/cassava-raw/cassavaleafdata/train/cbsd/train-cbsd-795.jpg,1
/var/scratch/adam/cassava-raw/cassavaleafdata/train/cbsd/train-cbsd-346.jpg,1
/var/scratch/adam/cassava-raw/cassavaleafdata/train/cbsd/train-cbsd-162.jpg,1
/var/scratch/adam/cassava-raw/cassavaleafdata/train/cgm/train-cgm-517.jpg,2
/var/scratch/adam/cassava-raw/cassavaleafdata/train/cmd/train-cmd-2402.jpg,3
/var/scratch/adam/cassava-raw/cassavaleafdata/train/cmd/train-cmd-75.jpg,3
/var/scratch/adam/cassava-raw/cassavaleafdata/train/cmd/train-cmd-2317.jpg,3
/var/scratch/adam/cassava-raw/cassavaleafdata/train/cmd/train-cmd-2035.jpg,3
/var/scratch/adam/cassava-raw/cassavaleafdata/train/cmd/train-cmd-932.jpg,3
/var/scratch/adam/cassava-raw/cassavaleafdata/train/cbsd/train-cbsd-536.jpg,1
/var/scratch/adam/cassava-raw/cassavaleafdata/train/cgm/train-cgm-23.jpg,2
/var/scratch/adam/cassava-raw/cassavaleafdata/train/cmd/train-cmd-1805.jpg,3
/var/scratch/adam/cassava-raw/cassavaleafdata/train/cmd/train-cmd-676.jpg,3
/var/scratch/adam/cassava-raw/cassavaleafdata/train/cgm/train-cgm-69.jpg,2
/var/scratch/adam/cassava-raw/cassavaleafdata/train/cmd/train-cmd-2568.jpg,3
/var/scratch/adam/cassava-raw/cassavaleafdata/train/cmd/train-cmd-659.jpg,3
/var/scratch/adam/cassava-raw/cassavaleafdata/train/cmd/train-cmd-992.jpg,3
/var/scratch/adam/cassava-raw/cassavaleafdata/train/cgm/train-cgm-231.jpg,2
/var/scratch/adam/cassava-raw/cassavaleafdata/train/cmd/train-cmd-1174.jpg,3
/var/scratch/adam/cassava-raw/cassavaleafdata/train/cbsd/train-cbsd-1144.jpg,1
/var/scratch/adam/cassava-raw/cassavaleafdata/train/cgm/train-cgm-339.jpg,2
/var/scratch/adam/cassava-raw/cassavaleafdata/train/cmd/train-cmd-952.jpg,3
/var/scratch/adam/cassava-raw/cassavaleafdata/train/cbb/train-cbb-221.jpg,0
/var/scratch/adam/cassava-raw/cassavaleafdata/train/cmd/train-cmd-73.jpg,3
/var/scratch/adam/cassava-raw/cassavaleafdata/train/cbsd/train-cbsd-314.jpg,1
/var/scratch/adam/cassava-raw/cassavaleafdata/train/healthy/train-healthy-85.jpg,4
/var/scratch/adam/cassava-raw/cassavaleafdata/train/cgm/train-cgm-292.jpg,2
/var/scratch/adam/cassava-raw/cassavaleafdata/train/cbsd/train-cbsd-1051.jpg,1
/var/scratch/adam/cassava-raw/cassavaleafdata/train/cmd/train-cmd-532.jpg,3
/var/scratch/adam/cassava-raw/cassavaleafdata/train/cmd/train-cmd-2565.jpg,3
/var/scratch/adam/cassava-raw/cassavaleafdata/train/cmd/train-cmd-298.jpg,3
/var/scratch/adam/cassava-raw/cassavaleafdata/train/cgm/train-cgm-377.jpg,2
/var/scratch/adam/cassava-raw/cassavaleafdata/train/healthy/train-healthy-0.jpg,4
/var/scratch/adam/cassava-raw/cassavaleafdata/train/cbsd/train-cbsd-974.jpg,1
/var/scratch/adam/cassava-raw/cassavaleafdata/train/cmd/train-cmd-917.jpg,3
/var/scratch/adam/cassava-raw/cassavaleafdata/train/cmd/train-cmd-1499.jpg,3
/var/scratch/adam/cassava-raw/cassavaleafdata/train/cgm/train-cgm-285.jpg,2
/var/scratch/adam/cassava-raw/cassavaleafdata/train/cbsd/train-cbsd-203.jpg,1
/var/scratch/adam/cassava-raw/cassavaleafdata/train/healthy/train-healthy-293.jpg,4
/var/scratch/adam/cassava-raw/cassavaleafdata/train/cbb/train-cbb-117.jpg,0
/var/scratch/adam/cassava-raw/cassavaleafdata/train/cbsd/train-cbsd-1174.jpg,1
/var/scratch/adam/cassava-raw/cassavaleafdata/train/cbsd/train-cbsd-628.jpg,1
/var/scratch/adam/cassava-raw/cassavaleafdata/train/cmd/train-cmd-591.jpg,3
/var/scratch/adam/cassava-raw/cassavaleafdata/train/cbsd/train-cbsd-97.jpg,1
/var/scratch/adam/cassava-raw/cassavaleafdata/train/cbsd/train-cbsd-1317.jpg,1
/var/scratch/adam/cassava-raw/cassavaleafdata/train/cmd/train-cmd-1537.jpg,3
/var/scratch/adam/cassava-raw/cassavaleafdata/train/cmd/train-cmd-1609.jpg,3
/var/scratch/adam/cassava-raw/cassavaleafdata/train/cbsd/train-cbsd-1297.jpg,1
/var/scratch/adam/cassava-raw/cassavaleafdata/train/cmd/train-cmd-2535.jpg,3
/var/scratch/adam/cassava-raw/cassavaleafdata/train/cbsd/train-cbsd-1008.jpg,1
/var/scratch/adam/cassava-raw/cassavaleafdata/train/cbb/train-cbb-90.jpg,0
/var/scratch/adam/cassava-raw/cassavaleafdata/train/cgm/train-cgm-319.jpg,2
/var/scratch/adam/cassava-raw/cassavaleafdata/train/cbb/train-cbb-245.jpg,0
/var/scratch/adam/cassava-raw/cassavaleafdata/train/healthy/train-healthy-296.jpg,4
/var/scratch/adam/cassava-raw/cassavaleafdata/train/cbsd/train-cbsd-633.jpg,1
/var/scratch/adam/cassava-raw/cassavaleafdata/train/cmd/train-cmd-1500.jpg,3
/var/scratch/adam/cassava-raw/cassavaleafdata/train/cbsd/train-cbsd-602.jpg,1
/var/scratch/adam/cassava-raw/cassavaleafdata/train/cbb/train-cbb-465.jpg,0
/var/scratch/adam/cassava-raw/cassavaleafdata/train/cgm/train-cgm-624.jpg,2
/var/scratch/adam/cassava-raw/cassavaleafdata/train/cbsd/train-cbsd-256.jpg,1
/var/scratch/adam/cassava-raw/cassavaleafdata/train/cgm/train-cgm-262.jpg,2
/var/scratch/adam/cassava-raw/cassavaleafdata/train/cbb/train-cbb-301.jpg,0
/var/scratch/adam/cassava-raw/cassavaleafdata/train/cgm/train-cgm-243.jpg,2
/var/scratch/adam/cassava-raw/cassavaleafdata/train/healthy/train-healthy-233.jpg,4
/var/scratch/adam/cassava-raw/cassavaleafdata/train/cgm/train-cgm-138.jpg,2
/var/scratch/adam/cassava-raw/cassavaleafdata/train/cmd/train-cmd-1367.jpg,3
/var/scratch/adam/cassava-raw/cassavaleafdata/train/cgm/train-cgm-16.jpg,2
/var/scratch/adam/cassava-raw/cassavaleafdata/train/cbsd/train-cbsd-286.jpg,1
/var/scratch/adam/cassava-raw/cassavaleafdata/train/cgm/train-cgm-348.jpg,2
/var/scratch/adam/cassava-raw/cassavaleafdata/train/cbb/train-cbb-397.jpg,0
/var/scratch/adam/cassava-raw/cassavaleafdata/train/cbsd/train-cbsd-319.jpg,1
/var/scratch/adam/cassava-raw/cassavaleafdata/train/cgm/train-cgm-454.jpg,2
/var/scratch/adam/cassava-raw/cassavaleafdata/train/cgm/train-cgm-422.jpg,2
/var/scratch/adam/cassava-raw/cassavaleafdata/train/cmd/train-cmd-714.jpg,3
/var/scratch/adam/cassava-raw/cassavaleafdata/train/cmd/train-cmd-2200.jpg,3
/var/scratch/adam/cassava-raw/cassavaleafdata/train/cmd/train-cmd-526.jpg,3
/var/scratch/adam/cassava-raw/cassavaleafdata/train/cmd/train-cmd-738.jpg,3
/var/scratch/adam/cassava-raw/cassavaleafdata/train/cbsd/train-cbsd-195.jpg,1
/var/scratch/adam/cassava-raw/cassavaleafdata/train/cbsd/train-cbsd-399.jpg,1
/var/scratch/adam/cassava-raw/cassavaleafdata/train/cmd/train-cmd-2625.jpg,3
/var/scratch/adam/cassava-raw/cassavaleafdata/train/cgm/train-cgm-762.jpg,2
/var/scratch/adam/cassava-raw/cassavaleafdata/train/cbsd/train-cbsd-846.jpg,1
/var/scratch/adam/cassava-raw/cassavaleafdata/train/cgm/train-cgm-206.jpg,2
/var/scratch/adam/cassava-raw/cassavaleafdata/train/cmd/train-cmd-1888.jpg,3
/var/scratch/adam/cassava-raw/cassavaleafdata/train/cgm/train-cgm-513.jpg,2
/var/scratch/adam/cassava-raw/cassavaleafdata/train/cmd/train-cmd-2399.jpg,3
/var/scratch/adam/cassava-raw/cassavaleafdata/train/cgm/train-cgm-448.jpg,2
/var/scratch/adam/cassava-raw/cassavaleafdata/train/cbsd/train-cbsd-236.jpg,1
/var/scratch/adam/cassava-raw/cassavaleafdata/train/cbb/train-cbb-168.jpg,0
/var/scratch/adam/cassava-raw/cassavaleafdata/train/cbb/train-cbb-199.jpg,0
/var/scratch/adam/cassava-raw/cassavaleafdata/train/cbsd/train-cbsd-908.jpg,1
/var/scratch/adam/cassava-raw/cassavaleafdata/train/healthy/train-healthy-157.jpg,4
/var/scratch/adam/cassava-raw/cassavaleafdata/train/cbsd/train-cbsd-425.jpg,1
/var/scratch/adam/cassava-raw/cassavaleafdata/train/cmd/train-cmd-2245.jpg,3
/var/scratch/adam/cassava-raw/cassavaleafdata/train/healthy/train-healthy-1.jpg,4
