image,label
/var/scratch/adam/cassava-raw/cassavaleafdata/train/cbb/train-cbb-0.jpg,0
/var/scratch/adam/cassava-raw/cassavaleafdata/train/cbb/train-cbb-1.jpg,0
/var/scratch/adam/cassava-raw/cassavaleafdata/train/cbb/train-cbb-10.jpg,0
/var/scratch/adam/cassava-raw/cassavaleafdata/train/cbb/train-cbb-100.jpg,0
/var/scratch/adam/cassava-raw/cassavaleafdata/train/cbb/train-cbb-101.jpg,0
/var/scratch/adam/cassava-raw/cassavaleafdata/train/cbb/train-cbb-102.jpg,0
/var/scratch/adam/cassava-raw/cassavaleafdata/train/cbb/train-cbb-103.jpg,0
/var/scratch/adam/cassava-raw/cassavaleafdata/train/cbb/train-cbb-104.jpg,0
/var/scratch/adam/cassava-raw/cassavaleafdata/train/cbb/train-cbb-105.jpg,0
/var/scratch/adam/cassava-raw/cassavaleafdata/train/cbb/train-cbb-106.jpg,0
/var/scratch/adam/cassava-raw/cassavaleafdata/train/cbb/train-cbb-107.jpg,0
/var/scratch/adam/cassava-raw/cassavaleafdata/train/cbb/train-cbb-108.jpg,0
/var/scratch/adam/cassava-raw/cassavaleafdata/train/cbb/train-cbb-109.jpg,0
/var/scratch/adam/cassava-raw/cassavaleafdata/train/cbb/train-cbb-11.jpg,0
/var/scratch/adam/cassava-raw/cassavaleafdata/train/cbb/train-cbb-110.jpg,0
/var/scratch/adam/cassava-raw/cassavaleafdata/train/cbb/train-cbb-111.jpg,0
/var/scratch/adam/cassava-raw/cassavaleafdata/train/cbb/train-cbb-112.jpg,0
/var/scratch/adam/cassava-raw/cassavaleafdata/train/cbb/train-cbb-113.jpg,0
/var/scratch/adam/cassava-raw/cassavaleafdata/train/cbb/train-cbb-114.jpg,0
/var/scratch/adam/cassava-raw/cassavaleafdata/train/cbb/train-cbb-115.jpg,0
/var/scratch/adam/cassava-raw/cassavaleafdata/train/cbb/train-cbb-116.jpg,0
/var/scratch/adam/cassava-raw/cassavaleafdata/train/cbb/train-cbb-117.jpg,0
/var/scratch/adam/cassava-raw/cassavaleafdata/train/cbb/train-cbb-118.jpg,0
/var/scratch/adam/cassava-raw/cassavaleafdata/train/cbb/train-cbb-119.jpg,0
/var/scratch/adam/cassava-raw/cassavaleafdata/train/cbb/train-cbb-12.jpg,0
/var/scratch/adam/cassava-raw/cassavaleafdata/train/cbb/train-cbb-120.jpg,0
/var/scratch/adam/cassava-raw/cassavaleafdata/train/cbb/train-cbb-121.jpg,0
/var/scratch/adam/cassava-raw/cassavaleafdata/train/cbb/train-cbb-122.jpg,0
/var/scratch/adam/cassava-raw/cassavaleafdata/train/cbb/train-cbb-123.jpg,0
/var/scratch/adam/cassava-raw/cassavaleafdata/train/cbb/train-cbb-124.jpg,0
/var/scratch/adam/cassava-raw/cassavaleafdata/train/cbb/train-cbb-125.jpg,0
/var/scratch/adam/cassava-raw/cassavaleafdata/train/cbb/train-cbb-126.jpg,0
/var/scratch/adam/cassava-raw/cassavaleafdata/train/cbb/train-cbb-127.jpg,0
/var/scratch/adam/cassava-raw/cassavaleafdata/train/cbb/train-cbb-128.jpg,0
/var/scratch/adam/cassava-raw/cassavaleafdata/train/cbb/train-cbb-129.jpg,0
/var/scratch/adam/cassava-raw/cassavaleafdata/train/cbb/train-cbb-13.jpg,0
/var/scratch/adam/cassava-raw/cassavaleafdata/train/cbb/train-cbb-130.jpg,0
/var/scratch/adam/cassava-raw/cassavaleafdata/train/cbb/train-cbb-131.jpg,0
/var/scratch/adam/cassava-raw/cassavaleafdata/train/cbb/train-cbb-132.jpg,0
/var/scratch/adam/cassava-raw/cassavaleafdata/train/cbb/train-cbb-133.jpg,0
/var/scratch/adam/cassava-raw/cassavaleafdata/train/cbb/train-cbb-134.jpg,0
/var/scratch/adam/cassava-raw/cassavaleafdata/train/cbb/train-cbb-135.jpg,0
/var/scratch/adam/cassava-raw/cassavaleafdata/train/cbb/train-cbb-136.jpg,0
/var/scratch/adam/cassava-raw/cassavaleafdata/train/cbb/train-cbb-137.jpg,0
/var/scratch/adam/cassava-raw/cassavaleafdata/train/cbb/train-cbb-138.jpg,0
/var/scratch/adam/cassava-raw/cassavaleafdata/train/cbb/train-cbb-139.jpg,0
/var/scratch/adam/cassava-raw/cassavaleafdata/train/cbb/train-cbb-14.jpg,0
/var/scratch/adam/cassava-raw/cassavaleafdata/train/cbb/train-cbb-140.jpg,0
/var/scratch/adam/cassava-raw/cassavaleafdata/train/cbb/train-cbb-141.jpg,0
/var/scratch/adam/cassava-raw/cassavaleafdata/train/cbb/train-cbb-142.jpg,0
/var/scratch/adam/cassava-raw/cassavaleafdata/train/cbb/train-cbb-143.jpg,0
/var/scratch/adam/cassava-raw/cassavaleafdata/train/cbb/train-cbb-144.jpg,0
/var/scratch/adam/cassava-raw/cassavaleafdata/train/cbb/train-cbb-145.jpg,0
/var/scratch/adam/cassava-raw/cassavaleafdata/train/cbb/train-cbb-146.jpg,0
/var/scratch/adam/cassava-raw/cassavaleafdata/train/cbb/train-cbb-147.jpg,0
/var/scratch/adam/cassava-raw/cassavaleafdata/train/cbb/train-cbb-148.jpg,0
/var/scratch/adam/cassava-raw/cassavaleafdata/train/cbb/train-cbb-149.jpg,0
/var/scratch/adam/cassava-raw/cassavaleafdata/train/cbb/train-cbb-15.jpg,0
/var/scratch/adam/cassava-raw/cassavaleafdata/train/cbb/train-cbb-150.jpg,0
/var/scratch/adam/cassava-raw/cassavaleafdata/train/cbb/train-cbb-151.jpg,0
/var/scratch/adam/cassava-raw/cassavaleafdata/train/cbb/train-cbb-152.jpg,0
/var/scratch/adam/cassava-raw/cassavaleafdata/train/cbb/train-cbb-153.jpg,0
/var/scratch/adam/cassava-raw/cassavaleafdata/train/cbb/train-cbb-154.jpg,0
/var/scratch/adam/cassava-raw/cassavaleafdata/train/cbb/train-cbb-155.jpg,0
/var/scratch/adam/cassava-raw/cassavaleafdata/train/cbb/train-cbb-156.jpg,0
/var/scratch/adam/cassava-raw/cassavaleafdata/train/cbb/train-cbb-157.jpg,0
/var/scratch/adam/cassava-raw/cassavaleafdata/train/cbb/train-cbb-158.jpg,0
/var/scratch/adam/cassava-raw/cassavaleafdata/train/cbb/train-cbb-159.jpg,0
/var/scratch/adam/cassava-raw/cassavaleafdata/train/cbb/train-cbb-16.jpg,0
/var/scratch/adam/cassava-raw/cassavaleafdata/train/cbb/train-cbb-160.jpg,0
/var/scratch/adam/cassava-raw/cassavaleafdata/train/cbb/train-cbb-161.jpg,0
/var/scratch/adam/cassava-raw/cassavaleafdata/train/cbb/train-cbb-162.jpg,0
/var/scratch/adam/cassava-raw/cassavaleafdata/train/cbb/train-cbb-163.jpg,0
/var/scratch/adam/cassava-raw/cassavaleafdata/train/cbb/train-cbb-164.jpg,0
/var/scratch/adam/cassava-raw/cassavaleafdata/train/cbb/train-cbb-165.jpg,0
/var/scratch/adam/cassava-raw/cassavaleafdata/train/cbb/train-cbb-166.jpg,0
/var/scratch/adam/cassava-raw/cassavaleafdata/train/cbb/train-cbb-167.jpg,0
/var/scratch/adam/cassava-raw/cassavaleafdata/train/cbb/train-cbb-168.jpg,0
/var/scratch/adam/cassava-raw/cassavaleafdata/train/cbb/train-cbb-169.jpg,0
/var/scratch/adam/cassava-raw/cassavaleafdata/train/cbb/train-cbb-17.jpg,0
/var/scratch/adam/cassava-raw/cassavaleafdata/train/cbb/train-cbb-170.jpg,0
/var/scratch/adam/cassava-raw/cassavaleafdata/train/cbb/train-cbb-171.jpg,0
/var/scratch/adam/cassava-raw/cassavaleafdata/train/cbb/train-cbb-172.jpg,0
/var/scratch/adam/cassava-raw/cassavaleafdata/train/cbb/train-cbb-173.jpg,0
/var/scratch/adam/cassava-raw/cassavaleafdata/train/cbb/train-cbb-174.jpg,0
/var/scratch/adam/cassava-raw/cassavaleafdata/train/cbb/train-cbb-175.jpg,0
/var/scratch/adam/cassava-raw/cassavaleafdata/train/cbb/train-cbb-176.jpg,0
/var/scratch/adam/cassava-raw/cassavaleafdata/train/cbb/train-cbb-177.jpg,0
/var/scratch/adam/cassava-raw/cassavaleafdata/train/cbb/train-cbb-178.jpg,0
/var/scratch/adam/cassava-raw/cassavaleafdata/train/cbb/train-cbb-179.jpg,0
/var/scratch/adam/cassava-raw/cassavaleafdata/train/cbb/train-cbb-18.jpg,0
/var/scratch/adam/cassava-raw/cassavaleafdata/train/cbb/train-cbb-180.jpg,0
/var/scratch/adam/cassava-raw/cassavaleafdata/train/cbb/train-cbb-181.jpg,0
/var/scratch/adam/cassava-raw/cassavaleafdata/train/cbb/train-cbb-182.jpg,0
/var/scratch/adam/cassava-raw/cassavaleafdata/train/cbb/train-cbb-183.jpg,0
/var/scratch/adam/cassava-raw/cassavaleafdata/train/cbb/train-cbb-184.jpg,0
/var/scratch/adam/cassava-raw/cassavaleafdata/train/cbb/train-cbb-185.jpg,0
/var/scratch/adam/cassava-raw/cassavaleafdata/train/cbb/train-cbb-186.jpg,0
/var/scratch/adam/cassava-raw/cassavaleafdata/train/cbb/train-cbb-187.jpg,0
/var/scratch/adam/cassava-raw/cassavaleafdata/train/cbb/train-cbb-188.jpg,0
/var/scratch/adam/cassava-raw/cassavaleafdata/train/cbb/train-cbb-189.jpg,0
/var/scratch/adam/cassava-raw/cassavaleafdata/train/cbb/train-cbb-19.jpg,0
/var/scratch/adam/cassava-raw/cassavaleafdata/train/cbb/train-cbb-190.jpg,0
/var/scratch/adam/cassava-raw/cassavaleafdata/train/cbb/train-cbb-191.jpg,0
/var/scratch/adam/cassava-raw/cassavaleafdata/train/cbb/train-cbb-192.jpg,0
/var/scratch/adam/cassava-raw/cassavaleafdata/train/cbb/train-cbb-193.jpg,0
/var/scratch/adam/cassava-raw/cassavaleafdata/train/cbb/train-cbb-194.jpg,0
/var/scratch/adam/cassava-raw/cassavaleafdata/train/cbb/train-cbb-195.jpg,0
/var/scratch/adam/cassava-raw/cassavaleafdata/train/cbb/train-cbb-196.jpg,0
/var/scratch/adam/cassava-raw/cassavaleafdata/train/cbb/train-cbb-197.jpg,0
/var/scratch/adam/cassava-raw/cassavaleafdata/train/cbb/train-cbb-198.jpg,0
/var/scratch/adam/cassava-raw/cassavaleafdata/train/cbb/train-cbb-199.jpg,0
/var/scratch/adam/cassava-raw/cassavaleafdata/train/cbb/train-cbb-2.jpg,0
/var/scratch/adam/cassava-raw/cassavaleafdata/train/cbb/train-cbb-20.jpg,0
/var/scratch/adam/cassava-raw/cassavaleafdata/train/cbb/train-cbb-200.jpg,0
/var/scratch/adam/cassava-raw/cassavaleafdata/train/cbb/train-cbb-201.jpg,0
/var/scratch/adam/cassava-raw/cassavaleafdata/train/cbb/train-cbb-202.jpg,0
/var/scratch/adam/cassava-raw/cassavaleafdata/train/cbb/train-cbb-203.jpg,0
/var/scratch/adam/cassava-raw/cassavaleafdata/train/cbb/train-cbb-204.jpg,0
/var/scratch/adam/cassava-raw/cassavaleafdata/train/cbb/train-cbb-205.jpg,0
/var/scratch/adam/cassava-raw/cassavaleafdata/train/cbb/train-cbb-206.jpg,0
/var/scratch/adam/cassava-raw/cassavaleafdata/train/cbb/train-cbb-207.jpg,0
/var/scratch/adam/cassava-raw/cassavaleafdata/train/cbb/train-cbb-208.jpg,0
/var/scratch/adam/cassava-raw/cassavaleafdata/train/cbb/train-cbb-209.jpg,0
/var/scratch/adam/cassava-raw/cassavaleafdata/train/cbb/train-cbb-21.jpg,0
/var/scratch/adam/cassava-raw/cassavaleafdata/train/cbb/train-cbb-210.jpg,0
/var/scratch/adam/cassava-raw/cassavaleafdata/train/cbb/train-cbb-211.jpg,0
/var/scratch/adam/cassava-raw/cassavaleafdata/train/cbb/train-cbb-212.jpg,0
/var/scratch/adam/cassava-raw/cassavaleafdata/train/cbb/train-cbb-213.jpg,0
/var/scratch/adam/cassava-raw/cassavaleafdata/train/cbb/train-cbb-214.jpg,0
/var/scratch/adam/cassava-raw/cassavaleafdata/train/cbb/train-cbb-215.jpg,0
/var/scratch/adam/cassava-raw/cassavaleafdata/train/cbb/train-cbb-216.jpg,0
/var/scratch/adam/cassava-raw/cassavaleafdata/train/cbb/train-cbb-217.jpg,0
/var/scratch/adam/cassava-raw/cassavaleafdata/train/cbb/train-cbb-218.jpg,0
/var/scratch/adam/cassava-raw/cassavaleafdata/train/cbb/train-cbb-219.jpg,0
/var/scratch/adam/cassava-raw/cassavaleafdata/train/cbb/train-cbb-22.jpg,0
/var/scratch/adam/cassava-raw/cassavaleafdata/train/cbb/train-cbb-220.jpg,0
/var/scratch/adam/cassava-raw/cassavaleafdata/train/cbb/train-cbb-221.jpg,0
/var/scratch/adam/cassava-raw/cassavaleafdata/train/cbb/train-cbb-222.jpg,0
/var/scratch/adam/cassava-raw/cassavaleafdata/train/cbb/train-cbb-223.jpg,0
/var/scratch/adam/cassava-raw/cassavaleafdata/train/cbb/train-cbb-224.jpg,0
/var/scratch/adam/cassava-raw/cassavaleafdata/train/cbb/train-cbb-225.jpg,0
/var/scratch/adam/cassava-raw/cassavaleafdata/train/cbb/train-cbb-226.jpg,0
/var/scratch/adam/cassava-raw/cassavaleafdata/train/cbb/train-cbb-227.jpg,0
/var/scratch/adam/cassava-raw/cassavaleafdata/train/cbb/train-cbb-228.jpg,0
/var/scratch/adam/cassava-raw/cassavaleafdata/train/cbb/train-cbb-229.jpg,0
/var/scratch/adam/cassava-raw/cassavaleafdata/train/cbb/train-cbb-23.jpg,0
/var/scratch/adam/cassava-raw/cassavaleafdata/train/cbb/train-cbb-230.jpg,0
/var/scratch/adam/cassava-raw/cassavaleafdata/train/cbb/train-cbb-231.jpg,0
/var/scratch/adam/cassava-raw/cassavaleafdata/train/cbb/train-cbb-232.jpg,0
/var/scratch/adam/cassava-raw/cassavaleafdata/train/cbb/train-cbb-233.jpg,0
/var/scratch/adam/cassava-raw/cassavaleafdata/train/cbb/train-cbb-234.jpg,0
/var/scratch/adam/cassava-raw/cassavaleafdata/train/cbb/train-cbb-235.jpg,0
/var/scratch/adam/cassava-raw/cassavaleafdata/train/cbb/train-cbb-236.jpg,0
/var/scratch/adam/cassava-raw/cassavaleafdata/train/cbb/train-cbb-237.jpg,0
/var/scratch/adam/cassava-raw/cassavaleafdata/train/cbb/train-cbb-238.jpg,0
/var/scratch/adam/cassava-raw/cassavaleafdata/train/cbb/train-cbb-239.jpg,0
/var/scratch/adam/cassava-raw/cassavaleafdata/train/cbb/train-cbb-24.jpg,0
/var/scratch/adam/cassava-raw/cassavaleafdata/train/cbb/train-cbb-240.jpg,0
/var/scratch/adam/cassava-raw/cassavaleafdata/train/cbb/train-cbb-241.jpg,0
/var/scratch/adam/cassava-raw/cassavaleafdata/train/cbb/train-cbb-242.jpg,0
/var/scratch/adam/cassava-raw/cassavaleafdata/train/cbb/train-cbb-243.jpg,0
/var/scratch/adam/cassava-raw/cassavaleafdata/train/cbb/train-cbb-244.jpg,0
/var/scratch/adam/cassava-raw/cassavaleafdata/train/cbb/train-cbb-245.jpg,0
/var/scratch/adam/cassava-raw/cassavaleafdata/train/cbb/train-cbb-246.jpg,0
/var/scratch/adam/cassava-raw/cassavaleafdata/train/cbb/train-cbb-247.jpg,0
/var/scratch/adam/cassava-raw/cassavaleafdata/train/cbb/train-cbb-248.jpg,0
/var/scratch/adam/cassava-raw/cassavaleafdata/train/cbb/train-cbb-249.jpg,0
/var/scratch/adam/cassava-raw/cassavaleafdata/train/cbb/train-cbb-25.jpg,0
/var/scratch/adam/cassava-raw/cassavaleafdata/train/cbb/train-cbb-250.jpg,0
/var/scratch/adam/cassava-raw/cassavaleafdata/train/cbb/train-cbb-251.jpg,0
/var/scratch/adam/cassava-raw/cassavaleafdata/train/cbb/train-cbb-252.jpg,0
/var/scratch/adam/cassava-raw/cassavaleafdata/train/cbb/train-cbb-253.jpg,0
/var/scratch/adam/cassava-raw/cassavaleafdata/train/cbb/train-cbb-254.jpg,0
/var/scratch/adam/cassava-raw/cassavaleafdata/train/cbb/train-cbb-255.jpg,0
/var/scratch/adam/cassava-raw/cassavaleafdata/train/cbb/train-cbb-256.jpg,0
/var/scratch/adam/cassava-raw/cassavaleafdata/train/cbb/train-cbb-257.jpg,0
/var/scratch/adam/cassava-raw/cassavaleafdata/train/cbb/train-cbb-258.jpg,0
/var/scratch/adam/cassava-raw/cassavaleafdata/train/cbb/train-cbb-259.jpg,0
/var/scratch/adam/cassava-raw/cassavaleafdata/train/cbb/train-cbb-26.jpg,0
/var/scratch/adam/cassava-raw/cassavaleafdata/train/cbb/train-cbb-260.jpg,0
/var/scratch/adam/cassava-raw/cassavaleafdata/train/cbb/train-cbb-261.jpg,0
/var/scratch/adam/cassava-raw/cassavaleafdata/train/cbb/train-cbb-262.jpg,0
/var/scratch/adam/cassava-raw/cassavaleafdata/train/cbb/train-cbb-263.jpg,0
/var/scratch/adam/cassava-raw/cassavaleafdata/train/cbb/train-cbb-264.jpg,0
/var/scratch/adam/cassava-raw/cassavaleafdata/train/cbb/train-cbb-265.jpg,0
/var/scratch/adam/cassava-raw/cassavaleafdata/train/cbb/train-cbb-266.jpg,0
/var/scratch/adam/cassava-raw/cassavaleafdata/train/cbb/train-cbb-267.jpg,0
/var/scratch/adam/cassava-raw/cassavaleafdata/train/cbb/train-cbb-268.jpg,0
/var/scratch/adam/cassava-raw/cassavaleafdata/train/cbb/train-cbb-269.jpg,0
/var/scratch/adam/cassava-raw/cassavaleafdata/train/cbb/train-cbb-27.jpg,0
/var/scratch/adam/cassava-raw/cassavaleafdata/train/cbb/train-cbb-270.jpg,0
/var/scratch/adam/cassava-raw/cassavaleafdata/train/cbb/train-cbb-271.jpg,0
/var/scratch/adam/cassava-raw/cassavaleafdata/train/cbb/train-cbb-272.jpg,0
/var/scratch/adam/cassava-raw/cassavaleafdata/train/cbb/train-cbb-273.jpg,0
/var/scratch/adam/cassava-raw/cassavaleafdata/train/cbb/train-cbb-274.jpg,0
/var/scratch/adam/cassava-raw/cassavaleafdata/train/cbb/train-cbb-275.jpg,0
/var/scratch/adam/cassava-raw/cassavaleafdata/train/cbb/train-cbb-276.jpg,0
/var/scratch/adam/cassava-raw/cassavaleafdata/train/cbb/train-cbb-277.jpg,0
/var/scratch/adam/cassava-raw/cassavaleafdata/train/cbb/train-cbb-278.jpg,0
/var/scratch/adam/cassava-raw/cassavaleafdata/train/cbb/train-cbb-279.jpg,0
/var/scratch/adam/cassava-raw/cassavaleafdata/train/cbb/train-cbb-28.jpg,0
/var/scratch/adam/cassava-raw/cassavaleafdata/train/cbb/train-cbb-280.jpg,0
/var/scratch/adam/cassava-raw/cassavaleafdata/train/cbb/train-cbb-281.jpg,0
/var/scratch/adam/cassava-raw/cassavaleafdata/train/cbb/train-cbb-282.jpg,0
/var/scratch/adam/cassava-raw/cassavaleafdata/train/cbb/train-cbb-283.jpg,0
/var/scratch/adam/cassava-raw/cassavaleafdata/train/cbb/train-cbb-284.jpg,0
/var/scratch/adam/cassava-raw/cassavaleafdata/train/cbb/train-cbb-285.jpg,0
/var/scratch/adam/cassava-raw/cassavaleafdata/train/cbb/train-cbb-286.jpg,0
/var/scratch/adam/cassava-raw/cassavaleafdata/train/cbb/train-cbb-287.jpg,0
/var/scratch/adam/cassava-raw/cassavaleafdata/train/cbb/train-cbb-288.jpg,0
/var/scratch/adam/cassava-raw/cassavaleafdata/train/cbb/train-cbb-289.jpg,0
/var/scratch/adam/cassava-raw/cassavaleafdata/train/cbb/train-cbb-29.jpg,0
/var/scratch/adam/cassava-raw/cassavaleafdata/train/cbb/train-cbb-290.jpg,0
/var/scratch/adam/cassava-raw/cassavaleafdata/train/cbb/train-cbb-291.jpg,0
/var/scratch/adam/cassava-raw/cassavaleafdata/train/cbb/train-cbb-292.jpg,0
/var/scratch/adam/cassava-raw/cassavaleafdata/train/cbb/train-cbb-293.jpg,0
/var/scratch/adam/cassava-raw/cassavaleafdata/train/cbb/train-cbb-294.jpg,0
/var/scratch/adam/cassava-raw/cassavaleafdata/train/cbb/train-cbb-295.jpg,0
/var/scratch/adam/cassava-raw/cassavaleafdata/train/cbb/train-cbb-296.jpg,0
/var/scratch/adam/cassava-raw/cassavaleafdata/train/cbb/train-cbb-297.jpg,0
/var/scratch/adam/cassava-raw/cassavaleafdata/train/cbb/train-cbb-298.jpg,0
/var/scratch/adam/cassava-raw/cassavaleafdata/train/cbb/train-cbb-299.jpg,0
/var/scratch/adam/cassava-raw/cassavaleafdata/train/cbb/train-cbb-3.jpg,0
/var/scratch/adam/cassava-raw/cassavaleafdata/train/cbb/train-cbb-30.jpg,0
/var/scratch/adam/cassava-raw/cassavaleafdata/train/cbb/train-cbb-300.jpg,0
/var/scratch/adam/cassava-raw/cassavaleafdata/train/cbb/train-cbb-301.jpg,0
/var/scratch/adam/cassava-raw/cassavaleafdata/train/cbb/train-cbb-302.jpg,0
/var/scratch/adam/cassava-raw/cassavaleafdata/train/cbb/train-cbb-303.jpg,0
/var/scratch/adam/cassava-raw/cassavaleafdata/train/cbb/train-cbb-304.jpg,0
/var/scratch/adam/cassava-raw/cassavaleafdata/train/cbb/train-cbb-305.jpg,0
/var/scratch/adam/cassava-raw/cassavaleafdata/train/cbb/train-cbb-306.jpg,0
/var/scratch/adam/cassava-raw/cassavaleafdata/train/cbb/train-cbb-307.jpg,0
/var/scratch/adam/cassava-raw/cassavaleafdata/train/cbb/train-cbb-308.jpg,0
/var/scratch/adam/cassava-raw/cassavaleafdata/train/cbb/train-cbb-309.jpg,0
/var/scratch/adam/cassava-raw/cassavaleafdata/train/cbb/train-cbb-31.jpg,0
/var/scratch/adam/cassava-raw/cassavaleafdata/train/cbb/train-cbb-310.jpg,0
/var/scratch/adam/cassava-raw/cassavaleafdata/train/cbb/train-cbb-311.jpg,0
/var/scratch/adam/cassava-raw/cassavaleafdata/train/cbb/train-cbb-312.jpg,0
/var/scratch/adam/cassava-raw/cassavaleafdata/train/cbb/train-cbb-313.jpg,0
/var/scratch/adam/cassava-raw/cassavaleafdata/train/cbb/train-cbb-314.jpg,0
/var/scratch/adam/cassava-raw/cassavaleafdata/train/cbb/train-cbb-315.jpg,0
/var/scratch/adam/cassava-raw/cassavaleafdata/train/cbb/train-cbb-316.jpg,0
/var/scratch/adam/cassava-raw/cassavaleafdata/train/cbb/train-cbb-317.jpg,0
/var/scratch/adam/cassava-raw/cassavaleafdata/train/cbb/train-cbb-318.jpg,0
/var/scratch/adam/cassava-raw/cassavaleafdata/train/cbb/train-cbb-319.jpg,0
/var/scratch/adam/cassava-raw/cassavaleafdata/train/cbb/train-cbb-32.jpg,0
/var/scratch/adam/cassava-raw/cassavaleafdata/train/cbb/train-cbb-320.jpg,0
/var/scratch/adam/cassava-raw/cassavaleafdata/train/cbb/train-cbb-321.jpg,0
/var/scratch/adam/cassava-raw/cassavaleafdata/train/cbb/train-cbb-322.jpg,0
/var/scratch/adam/cassava-raw/cassavaleafdata/train/cbb/train-cbb-323.jpg,0
/var/scratch/adam/cassava-raw/cassavaleafdata/train/cbb/train-cbb-324.jpg,0
/var/scratch/adam/cassava-raw/cassavaleafdata/train/cbb/train-cbb-325.jpg,0
/var/scratch/adam/cassava-raw/cassavaleafdata/train/cbb/train-cbb-326.jpg,0
/var/scratch/adam/cassava-raw/cassavaleafdata/train/cbb/train-cbb-327.jpg,0
/var/scratch/adam/cassava-raw/cassavaleafdata/train/cbb/train-cbb-328.jpg,0
/var/scratch/adam/cassava-raw/cassavaleafdata/train/cbb/train-cbb-329.jpg,0
/var/scratch/adam/cassava-raw/cassavaleafdata/train/cbb/train-cbb-33.jpg,0
/var/scratch/adam/cassava-raw/cassavaleafdata/train/cbb/train-cbb-330.jpg,0
/var/scratch/adam/cassava-raw/cassavaleafdata/train/cbb/train-cbb-331.jpg,0
/var/scratch/adam/cassava-raw/cassavaleafdata/train/cbb/train-cbb-332.jpg,0
/var/scratch/adam/cassava-raw/cassavaleafdata/train/cbb/train-cbb-333.jpg,0
/var/scratch/adam/cassava-raw/cassavaleafdata/train/cbb/train-cbb-334.jpg,0
/var/scratch/adam/cassava-raw/cassavaleafdata/train/cbb/train-cbb-335.jpg,0
/var/scratch/adam/cassava-raw/cassavaleafdata/train/cbb/train-cbb-336.jpg,0
/var/scratch/adam/cassava-raw/cassavaleafdata/train/cbb/train-cbb-337.jpg,0
/var/scratch/adam/cassava-raw/cassavaleafdata/train/cbb/train-cbb-338.jpg,0
/var/scratch/adam/cassava-raw/cassavaleafdata/train/cbb/train-cbb-339.jpg,0
/var/scratch/adam/cassava-raw/cassavaleafdata/train/cbb/train-cbb-34.jpg,0
/var/scratch/adam/cassava-raw/cassavaleafdata/train/cbb/train-cbb-340.jpg,0
/var/scratch/adam/cassava-raw/cassavaleafdata/train/cbb/train-cbb-341.jpg,0
/var/scratch/adam/cassava-raw/cassavaleafdata/train/cbb/train-cbb-342.jpg,0
/var/scratch/adam/cassava-raw/cassavaleafdata/train/cbb/train-cbb-343.jpg,0
/var/scratch/adam/cassava-raw/cassavaleafdata/train/cbb/train-cbb-344.jpg,0
/var/scratch/adam/cassava-raw/cassavaleafdata/train/cbb/train-cbb-345.jpg,0
/var/scratch/adam/cassava-raw/cassavaleafdata/train/cbb/train-cbb-346.jpg,0
/var/scratch/adam/cassava-raw/cassavaleafdata/train/cbb/train-cbb-347.jpg,0
/var/scratch/adam/cassava-raw/cassavaleafdata/train/cbb/train-cbb-348.jpg,0
/var/scratch/adam/cassava-raw/cassavaleafdata/train/cbb/train-cbb-349.jpg,0
/var/scratch/adam/cassava-raw/cassavaleafdata/train/cbb/train-cbb-35.jpg,0
/var/scratch/adam/cassava-raw/cassavaleafdata/train/cbb/train-cbb-350.jpg,0
/var/scratch/adam/cassava-raw/cassavaleafdata/train/cbb/train-cbb-351.jpg,0
/var/scratch/adam/cassava-raw/cassavaleafdata/train/cbb/train-cbb-352.jpg,0
/var/scratch/adam/cassava-raw/cassavaleafdata/train/cbb/train-cbb-353.jpg,0
/var/scratch/adam/cassava-raw/cassavaleafdata/train/cbb/train-cbb-354.jpg,0
/var/scratch/adam/cassava-raw/cassavaleafdata/train/cbb/train-cbb-355.jpg,0
/var/scratch/adam/cassava-raw/cassavaleafdata/train/cbb/train-cbb-356.jpg,0
/var/scratch/adam/cassava-raw/cassavaleafdata/train/cbb/train-cbb-357.jpg,0
/var/scratch/adam/cassava-raw/cassavaleafdata/train/cbb/train-cbb-358.jpg,0
/var/scratch/adam/cassava-raw/cassavaleafdata/train/cbb/train-cbb-359.jpg,0
/var/scratch/adam/cassava-raw/cassavaleafdata/train/cbb/train-cbb-36.jpg,0
/var/scratch/adam/cassava-raw/cassavaleafdata/train/cbb/train-cbb-360.jpg,0
/var/scratch/adam/cassava-raw/cassavaleafdata/train/cbb/train-cbb-361.jpg,0
/var/scratch/adam/cassava-raw/cassavaleafdata/train/cbb/train-cbb-362.jpg,0
/var/scratch/adam/cassava-raw/cassavaleafdata/train/cbb/train-cbb-363.jpg,0
/var/scratch/adam/cassava-raw/cassavaleafdata/train/cbb/train-cbb-364.jpg,0
/var/scratch/adam/cassava-raw/cassavaleafdata/train/cbb/train-cbb-365.jpg,0
/var/scratch/adam/cassava-raw/cassavaleafdata/train/cbb/train-cbb-366.jpg,0
/var/scratch/adam/cassava-raw/cassavaleafdata/train/cbb/train-cbb-367.jpg,0
/var/scratch/adam/cassava-raw/cassavaleafdata/train/cbb/train-cbb-368.jpg,0
/var/scratch/adam/cassava-raw/cassavaleafdata/train/cbb/train-cbb-369.jpg,0
/var/scratch/adam/cassava-raw/cassavaleafdata/train/cbb/train-cbb-37.jpg,0
/var/scratch/adam/cassava-raw/cassavaleafdata/train/cbb/train-cbb-370.jpg,0
/var/scratch/adam/cassava-raw/cassavaleafdata/train/cbb/train-cbb-371.jpg,0
/var/scratch/adam/cassava-raw/cassavaleafdata/train/cbb/train-cbb-372.jpg,0
/var/scratch/adam/cassava-raw/cassavaleafdata/train/cbb/train-cbb-373.jpg,0
/var/scratch/adam/cassava-raw/cassavaleafdata/train/cbb/train-cbb-374.jpg,0
/var/scratch/adam/cassava-raw/cassavaleafdata/train/cbb/train-cbb-375.jpg,0
/var/scratch/adam/cassava-raw/cassavaleafdata/train/cbb/train-cbb-376.jpg,0
/var/scratch/adam/cassava-raw/cassavaleafdata/train/cbb/train-cbb-377.jpg,0
/var/scratch/adam/cassava-raw/cassavaleafdata/train/cbb/train-cbb-378.jpg,0
/var/scratch/adam/cassava-raw/cassavaleafdata/train/cbb/train-cbb-379.jpg,0
/var/scratch/adam/cassava-raw/cassavaleafdata/train/cbb/train-cbb-38.jpg,0
/var/scratch/adam/cassava-raw/cassavaleafdata/train/cbb/train-cbb-380.jpg,0
/var/scratch/adam/cassava-raw/cassavaleafdata/train/cbb/train-cbb-381.jpg,0
/var/scratch/adam/cassava-raw/cassavaleafdata/train/cbb/train-cbb-382.jpg,0
/var/scratch/adam/cassava-raw/cassavaleafdata/train/cbb/train-cbb-383.jpg,0
/var/scratch/adam/cassava-raw/cassavaleafdata/train/cbb/train-cbb-384.jpg,0
/var/scratch/adam/cassava-raw/cassavaleafdata/train/cbb/train-cbb-385.jpg,0
/var/scratch/adam/cassava-raw/cassavaleafdata/train/cbb/train-cbb-386.jpg,0
/var/scratch/adam/cassava-raw/cassavaleafdata/train/cbb/train-cbb-387.jpg,0
/var/scratch/adam/cassava-raw/cassavaleafdata/train/cbb/train-cbb-388.jpg,0
/var/scratch/adam/cassava-raw/cassavaleafdata/train/cbb/train-cbb-389.jpg,0
/var/scratch/adam/cassava-raw/cassavaleafdata/train/cbb/train-cbb-39.jpg,0
/var/scratch/adam/cassava-raw/cassavaleafdata/train/cbb/train-cbb-390.jpg,0
/var/scratch/adam/cassava-raw/cassavaleafdata/train/cbb/train-cbb-391.jpg,0
/var/scratch/adam/cassava-raw/cassavaleafdata/train/cbb/train-cbb-392.jpg,0
/var/scratch/adam/cassava-raw/cassavaleafdata/train/cbb/train-cbb-393.jpg,0
/var/scratch/adam/cassava-raw/cassavaleafdata/train/cbb/train-cbb-394.jpg,0
/var/scratch/adam/cassava-raw/cassavaleafdata/train/cbb/train-cbb-395.jpg,0
/var/scratch/adam/cassava-raw/cassavaleafdata/train/cbb/train-cbb-396.jpg,0
/var/scratch/adam/cassava-raw/cassavaleafdata/train/cbb/train-cbb-397.jpg,0
/var/scratch/adam/cassava-raw/cassavaleafdata/train/cbb/train-cbb-398.jpg,0
/var/scratch/adam/cassava-raw/cassavaleafdata/train/cbb/train-cbb-399.jpg,0
/var/scratch/adam/cassava-raw/cassavaleafdata/train/cbb/train-cbb-4.jpg,0
/var/scratch/adam/cassava-raw/cassavaleafdata/train/cbb/train-cbb-40.jpg,0
/var/scratch/adam/cassava-raw/cassavaleafdata/train/cbb/train-cbb-400.jpg,0
/var/scratch/adam/cassava-raw/cassavaleafdata/train/cbb/train-cbb-401.jpg,0
/var/scratch/adam/cassava-raw/cassavaleafdata/train/cbb/train-cbb-402.jpg,0
/var/scratch/adam/cassava-raw/cassavaleafdata/train/cbb/train-cbb-403.jpg,0
/var/scratch/adam/cassava-raw/cassavaleafdata/train/cbb/train-cbb-404.jpg,0
/var/scratch/adam/cassava-raw/cassavaleafdata/train/cbb/train-cbb-405.jpg,0
/var/scratch/adam/cassava-raw/cassavaleafdata/train/cbb/train-cbb-406.jpg,0
/var/scratch/adam/cassava-raw/cassavaleafdata/train/cbb/train-cbb-407.jpg,0
/var/scratch/adam/cassava-raw/cassavaleafdata/train/cbb/train-cbb-408.jpg,0
/var/scratch/adam/cassava-raw/cassavaleafdata/train/cbb/train-cbb-409.jpg,0
/var/scratch/adam/cassava-raw/cassavaleafdata/train/cbb/train-cbb-41.jpg,0
/var/scratch/adam/cassava-raw/cassavaleafdata/train/cbb/train-cbb-410.jpg,0
/var/scratch/adam/cassava-raw/cassavaleafdata/train/cbb/train-cbb-411.jpg,0
/var/scratch/adam/cassava-raw/cassavaleafdata/train/cbb/train-cbb-412.jpg,0
/var/scratch/adam/cassava-raw/cassavaleafdata/train/cbb/train-cbb-413.jpg,0
/var/scratch/adam/cassava-raw/cassavaleafdata/train/cbb/train-cbb-414.jpg,0
/var/scratch/adam/cassava-raw/cassavaleafdata/train/cbb/train-cbb-415.jpg,0
/var/scratch/adam/cassava-raw/cassavaleafdata/train/cbb/train-cbb-416.jpg,0
/var/scratch/adam/cassava-raw/cassavaleafdata/train/cbb/train-cbb-417.jpg,0
/var/scratch/adam/cassava-raw/cassavaleafdata/train/cbb/train-cbb-418.jpg,0
/var/scratch/adam/cassava-raw/cassavaleafdata/train/cbb/train-cbb-419.jpg,0
/var/scratch/adam/cassava-raw/cassavaleafdata/train/cbb/train-cbb-42.jpg,0
/var/scratch/adam/cassava-raw/cassavaleafdata/train/cbb/train-cbb-420.jpg,0
/var/scratch/adam/cassava-raw/cassavaleafdata/train/cbb/train-cbb-421.jpg,0
/var/scratch/adam/cassava-raw/cassavaleafdata/train/cbb/train-cbb-422.jpg,0
/var/scratch/adam/cassava-raw/cassavaleafdata/train/cbb/train-cbb-423.jpg,0
/var/scratch/adam/cassava-raw/cassavaleafdata/train/cbb/train-cbb-424.jpg,0
/var/scratch/adam/cassava-raw/cassavaleafdata/train/cbb/train-cbb-425.jpg,0
/var/scratch/adam/cassava-raw/cassavaleafdata/train/cbb/train-cbb-426.jpg,0
/var/scratch/adam/cassava-raw/cassavaleafdata/train/cbb/train-cbb-427.jpg,0
/var/scratch/adam/cassava-raw/cassavaleafdata/train/cbb/train-cbb-428.jpg,0
/var/scratch/adam/cassava-raw/cassavaleafdata/train/cbb/train-cbb-429.jpg,0
/var/scratch/adam/cassava-raw/cassavaleafdata/train/cbb/train-cbb-43.jpg,0
/var/scratch/adam/cassava-raw/cassavaleafdata/train/cbb/train-cbb-430.jpg,0
/var/scratch/adam/cassava-raw/cassavaleafdata/train/cbb/train-cbb-431.jpg,0
/var/scratch/adam/cassava-raw/cassavaleafdata/train/cbb/train-cbb-432.jpg,0
/var/scratch/adam/cassava-raw/cassavaleafdata/train/cbb/train-cbb-433.jpg,0
/var/scratch/adam/cassava-raw/cassavaleafdata/train/cbb/train-cbb-434.jpg,0
/var/scratch/adam/cassava-raw/cassavaleafdata/train/cbb/train-cbb-435.jpg,0
/var/scratch/adam/cassava-raw/cassavaleafdata/train/cbb/train-cbb-436.jpg,0
/var/scratch/adam/cassava-raw/cassavaleafdata/train/cbb/train-cbb-437.jpg,0
/var/scratch/adam/cassava-raw/cassavaleafdata/train/cbb/train-cbb-438.jpg,0
/var/scratch/adam/cassava-raw/cassavaleafdata/train/cbb/train-cbb-439.jpg,0
/var/scratch/adam/cassava-raw/cassavaleafdata/train/cbb/train-cbb-44.jpg,0
/var/scratch/adam/cassava-raw/cassavaleafdata/train/cbb/train-cbb-440.jpg,0
/var/scratch/adam/cassava-raw/cassavaleafdata/train/cbb/train-cbb-441.jpg,0
/var/scratch/adam/cassava-raw/cassavaleafdata/train/cbb/train-cbb-442.jpg,0
/var/scratch/adam/cassava-raw/cassavaleafdata/train/cbb/train-cbb-443.jpg,0
/var/scratch/adam/cassava-raw/cassavaleafdata/train/cbb/train-cbb-444.jpg,0
/var/scratch/adam/cassava-raw/cassavaleafdata/train/cbb/train-cbb-445.jpg,0
/var/scratch/adam/cassava-raw/cassavaleafdata/train/cbb/train-cbb-446.jpg,0
/var/scratch/adam/cassava-raw/cassavaleafdata/train/cbb/train-cbb-447.jpg,0
/var/scratch/adam/cassava-raw/cassavaleafdata/train/cbb/train-cbb-448.jpg,0
/var/scratch/adam/cassava-raw/cassavaleafdata/train/cbb/train-cbb-449.jpg,0
/var/scratch/adam/cassava-raw/cassavaleafdata/train/cbb/train-cbb-45.jpg,0
/var/scratch/adam/cassava-raw/cassavaleafdata/train/cbb/train-cbb-450.jpg,0
/var/scratch/adam/cassava-raw/cassavaleafdata/train/cbb/train-cbb-451.jpg,0
/var/scratch/adam/cassava-raw/cassavaleafdata/train/cbb/train-cbb-452.jpg,0
/var/scratch/adam/cassava-raw/cassavaleafdata/train/cbb/train-cbb-453.jpg,0
/var/scratch/adam/cassava-raw/cassavaleafdata/train/cbb/train-cbb-454.jpg,0
/var/scratch/adam/cassava-raw/cassavaleafdata/train/cbb/train-cbb-455.jpg,0
/var/scratch/adam/cassava-raw/cassavaleafdata/train/cbb/train-cbb-456.jpg,0
/var/scratch/adam/cassava-raw/cassavaleafdata/train/cbb/train-cbb-457.jpg,0
/var/scratch/adam/cassava-raw/cassavaleafdata/train/cbb/train-cbb-458.jpg,0
/var/scratch/adam/cassava-raw/cassavaleafdata/train/cbb/train-cbb-459.jpg,0
/var/scratch/adam/cassava-raw/cassavaleafdata/train/cbb/train-cbb-46.jpg,0
/var/scratch/adam/cassava-raw/cassavaleafdata/train/cbb/train-cbb-460.jpg,0
/var/scratch/adam/cassava-raw/cassavaleafdata/train/cbb/train-cbb-461.jpg,0
/var/scratch/adam/cassava-raw/cassavaleafdata/train/cbb/train-cbb-462.jpg,0
/var/scratch/adam/cassava-raw/cassavaleafdata/train/cbb/train-cbb-463.jpg,0
/var/scratch/adam/cassava-raw/cassavaleafdata/train/cbb/train-cbb-464.jpg,0
/var/scratch/adam/cassava-raw/cassavaleafdata/train/cbb/train-cbb-465.jpg,0
/var/scratch/adam/cassava-raw/cassavaleafdata/train/cbb/train-cbb-47.jpg,0
/var/scratch/adam/cassava-raw/cassavaleafdata/train/cbb/train-cbb-48.jpg,0
/var/scratch/adam/cassava-raw/cassavaleafdata/train/cbb/train-cbb-49.jpg,0
/var/scratch/adam/cassava-raw/cassavaleafdata/train/cbb/train-cbb-5.jpg,0
/var/scratch/adam/cassava-raw/cassavaleafdata/train/cbb/train-cbb-50.jpg,0
/var/scratch/adam/cassava-raw/cassavaleafdata/train/cbb/train-cbb-51.jpg,0
/var/scratch/adam/cassava-raw/cassavaleafdata/train/cbb/train-cbb-52.jpg,0
/var/scratch/adam/cassava-raw/cassavaleafdata/train/cbb/train-cbb-53.jpg,0
/var/scratch/adam/cassava-raw/cassavaleafdata/train/cbb/train-cbb-54.jpg,0
/var/scratch/adam/cassava-raw/cassavaleafdata/train/cbb/train-cbb-55.jpg,0
/var/scratch/adam/cassava-raw/cassavaleafdata/train/cbb/train-cbb-56.jpg,0
/var/scratch/adam/cassava-raw/cassavaleafdata/train/cbb/train-cbb-57.jpg,0
/var/scratch/adam/cassava-raw/cassavaleafdata/train/cbb/train-cbb-58.jpg,0
/var/scratch/adam/cassava-raw/cassavaleafdata/train/cbb/train-cbb-59.jpg,0
/var/scratch/adam/cassava-raw/cassavaleafdata/train/cbb/train-cbb-6.jpg,0
/var/scratch/adam/cassava-raw/cassavaleafdata/train/cbb/train-cbb-60.jpg,0
/var/scratch/adam/cassava-raw/cassavaleafdata/train/cbb/train-cbb-61.jpg,0
/var/scratch/adam/cassava-raw/cassavaleafdata/train/cbb/train-cbb-62.jpg,0
/var/scratch/adam/cassava-raw/cassavaleafdata/train/cbb/train-cbb-63.jpg,0
/var/scratch/adam/cassava-raw/cassavaleafdata/train/cbb/train-cbb-64.jpg,0
/var/scratch/adam/cassava-raw/cassavaleafdata/train/cbb/train-cbb-65.jpg,0
/var/scratch/adam/cassava-raw/cassavaleafdata/train/cbb/train-cbb-66.jpg,0
/var/scratch/adam/cassava-raw/cassavaleafdata/train/cbb/train-cbb-67.jpg,0
/var/scratch/adam/cassava-raw/cassavaleafdata/train/cbb/train-cbb-68.jpg,0
/var/scratch/adam/cassava-raw/cassavaleafdata/train/cbb/train-cbb-69.jpg,0
/var/scratch/adam/cassava-raw/cassavaleafdata/train/cbb/train-cbb-7.jpg,0
/var/scratch/adam/cassava-raw/cassavaleafdata/train/cbb/train-cbb-70.jpg,0
/var/scratch/adam/cassava-raw/cassavaleafdata/train/cbb/train-cbb-71.jpg,0
/var/scratch/adam/cassava-raw/cassavaleafdata/train/cbb/train-cbb-72.jpg,0
/var/scratch/adam/cassava-raw/cassavaleafdata/train/cbb/train-cbb-73.jpg,0
/var/scratch/adam/cassava-raw/cassavaleafdata/train/cbb/train-cbb-74.jpg,0
/var/scratch/adam/cassava-raw/cassavaleafdata/train/cbb/train-cbb-75.jpg,0
/var/scratch/adam/cassava-raw/cassavaleafdata/train/cbb/train-cbb-76.jpg,0
/var/scratch/adam/cassava-raw/cassavaleafdata/train/cbb/train-cbb-77.jpg,0
/var/scratch/adam/cassava-raw/cassavaleafdata/train/cbb/train-cbb-78.jpg,0
/var/scratch/adam/cassava-raw/cassavaleafdata/train/cbb/train-cbb-79.jpg,0
/var/scratch/adam/cassava-raw/cassavaleafdata/train/cbb/train-cbb-8.jpg,0
/var/scratch/adam/cassava-raw/cassavaleafdata/train/cbb/train-cbb-80.jpg,0
/var/scratch/adam/cassava-raw/cassavaleafdata/train/cbb/train-cbb-81.jpg,0
/var/scratch/adam/cassava-raw/cassavaleafdata/train/cbb/train-cbb-82.jpg,0
/var/scratch/adam/cassava-raw/cassavaleafdata/train/cbb/train-cbb-83.jpg,0
/var/scratch/adam/cassava-raw/cassavaleafdata/train/cbb/train-cbb-84.jpg,0
/var/scratch/adam/cassava-raw/cassavaleafdata/train/cbb/train-cbb-85.jpg,0
/var/scratch/adam/cassava-raw/cassavaleafdata/train/cbb/train-cbb-86.jpg,0
/var/scratch/adam/cassava-raw/cassavaleafdata/train/cbb/train-cbb-87.jpg,0
/var/scratch/adam/cassava-raw/cassavaleafdata/train/cbb/train-cbb-88.jpg,0
/var/scratch/adam/cassava-raw/cassavaleafdata/train/cbb/train-cbb-89.jpg,0
/var/scratch/adam/cassava-raw/cassavaleafdata/train/cbb/train-cbb-9.jpg,0
/var/scratch/adam/cassava-raw/cassavaleafdata/train/cbb/train-cbb-90.jpg,0
/var/scratch/adam/cassava-raw/cassavaleafdata/train/cbb/train-cbb-91.jpg,0
/var/scratch/adam/cassava-raw/cassavaleafdata/train/cbb/train-cbb-92.jpg,0
/var/scratch/adam/cassava-raw/cassavaleafdata/train/cbb/train-cbb-93.jpg,0
/var/scratch/adam/cassava-raw/cassavaleafdata/train/cbb/train-cbb-94.jpg,0
/var/scratch/adam/cassava-raw/cassavaleafdata/train/cbb/train-cbb-95.jpg,0
/var/scratch/adam/cassava-raw/cassavaleafdata/train/cbb/train-cbb-96.jpg,0
/var/scratch/adam/cassava-raw/cassavaleafdata/train/cbb/train-cbb-97.jpg,0
/var/scratch/adam/cassava-raw/cassavaleafdata/train/cbb/train-cbb-98.jpg,0
/var/scratch/adam/cassava-raw/cassavaleafdata/train/cbb/train-cbb-99.jpg,0
/var/scratch/adam/cassava-raw/cassavaleafdata/train/cbsd/train-cbsd-0.jpg,1
/var/scratch/adam/cassava-raw/cassavaleafdata/train/cbsd/train-cbsd-1.jpg,1
/var/scratch/adam/cassava-raw/cassavaleafdata/train/cbsd/train-cbsd-10.jpg,1
/var/scratch/adam/cassava-raw/cassavaleafdata/train/cbsd/train-cbsd-100.jpg,1
/var/scratch/adam/cassava-raw/cassavaleafdata/train/cbsd/train-cbsd-1000.jpg,1
/var/scratch/adam/cassava-raw/cassavaleafdata/train/cbsd/train-cbsd-1001.jpg,1
/var/scratch/adam/cassava-raw/cassavaleafdata/train/cbsd/train-cbsd-1002.jpg,1
/var/scratch/adam/cassava-raw/cassavaleafdata/train/cbsd/train-cbsd-1003.jpg,1
/var/scratch/adam/cassava-raw/cassavaleafdata/train/cbsd/train-cbsd-1004.jpg,1
/var/scratch/adam/cassava-raw/cassavaleafdata/train/cbsd/train-cbsd-1005.jpg,1
/var/scratch/adam/cassava-raw/cassavaleafdata/train/cbsd/train-cbsd-1006.jpg,1
/var/scratch/adam/cassava-raw/cassavaleafdata/train/cbsd/train-cbsd-1007.jpg,1
/var/scratch/adam/cassava-raw/cassavaleafdata/train/cbsd/train-cbsd-1008.jpg,1
/var/scratch/adam/cassava-raw/cassavaleafdata/train/cbsd/train-cbsd-1009.jpg,1
/var/scratch/adam/cassava-raw/cassavaleafdata/train/cbsd/train-cbsd-101.jpg,1
/var/scratch/adam/cassava-raw/cassavaleafdata/train/cbsd/train-cbsd-1010.jpg,1
/var/scratch/adam/cassava-raw/cassavaleafdata/train/cbsd/train-cbsd-1011.jpg,1
/var/scratch/adam/cassava-raw/cassavaleafdata/train/cbsd/train-cbsd-1012.jpg,1
/var/scratch/adam/cassava-raw/cassavaleafdata/train/cbsd/train-cbsd-1013.jpg,1
/var/scratch/adam/cassava-raw/cassavaleafdata/train/cbsd/train-cbsd-1014.jpg,1
/var/scratch/adam/cassava-raw/cassavaleafdata/train/cbsd/train-cbsd-1015.jpg,1
/var/scratch/adam/cassava-raw/cassavaleafdata/train/cbsd/train-cbsd-1016.jpg,1
/var/scratch/adam/cassava-raw/cassavaleafdata/train/cbsd/train-cbsd-1017.jpg,1
/var/scratch/adam/cassava-raw/cassavaleafdata/train/cbsd/train-cbsd-1018.jpg,1
/var/scratch/adam/cassava-raw/cassavaleafdata/train/cbsd/train-cbsd-1019.jpg,1
/var/scratch/adam/cassava-raw/cassavaleafdata/train/cbsd/train-cbsd-102.jpg,1
/var/scratch/adam/cassava-raw/cassavaleafdata/train/cbsd/train-cbsd-1020.jpg,1
/var/scratch/adam/cassava-raw/cassavaleafdata/train/cbsd/train-cbsd-1021.jpg,1
/var/scratch/adam/cassava-raw/cassavaleafdata/train/cbsd/train-cbsd-1022.jpg,1
/var/scratch/adam/cassava-raw/cassavaleafdata/train/cbsd/train-cbsd-1023.jpg,1
/var/scratch/adam/cassava-raw/cassavaleafdata/train/cbsd/train-cbsd-1024.jpg,1
/var/scratch/adam/cassava-raw/cassavaleafdata/train/cbsd/train-cbsd-1025.jpg,1
/var/scratch/adam/cassava-raw/cassavaleafdata/train/cbsd/train-cbsd-1026.jpg,1
/var/scratch/adam/cassava-raw/cassavaleafdata/train/cbsd/train-cbsd-1027.jpg,1
/var/scratch/adam/cassava-raw/cassavaleafdata/train/cbsd/train-cbsd-1028.jpg,1
/var/scratch/adam/cassava-raw/cassavaleafdata/train/cbsd/train-cbsd-1029.jpg,1
/var/scratch/adam/cassava-raw/cassavaleafdata/train/cbsd/train-cbsd-103.jpg,1
/var/scratch/adam/cassava-raw/cassavaleafdata/train/cbsd/train-cbsd-1030.jpg,1
/var/scratch/adam/cassava-raw/cassavaleafdata/train/cbsd/train-cbsd-1031.jpg,1
/var/scratch/adam/cassava-raw/cassavaleafdata/train/cbsd/train-cbsd-1032.jpg,1
/var/scratch/adam/cassava-raw/cassavaleafdata/train/cbsd/train-cbsd-1033.jpg,1
/var/scratch/adam/cassava-raw/cassavaleafdata/train/cbsd/train-cbsd-1034.jpg,1
/var/scratch/adam/cassava-raw/cassavaleafdata/train/cbsd/train-cbsd-1035.jpg,1
/var/scratch/adam/cassava-raw/cassavaleafdata/train/cbsd/train-cbsd-1036.jpg,1
/var/scratch/adam/cassava-raw/cassavaleafdata/train/cbsd/train-cbsd-1037.jpg,1
/var/scratch/adam/cassava-raw/cassavaleafdata/train/cbsd/train-cbsd-1038.jpg,1
/var/scratch/adam/cassava-raw/cassavaleafdata/train/cbsd/train-cbsd-1039.jpg,1
/var/scratch/adam/cassava-raw/cassavaleafdata/train/cbsd/train-cbsd-104.jpg,1
/var/scratch/adam/cassava-raw/cassavaleafdata/train/cbsd/train-cbsd-1040.jpg,1
/var/scratch/adam/cassava-raw/cassavaleafdata/train/cbsd/train-cbsd-1041.jpg,1
/var/scratch/adam/cassava-raw/cassavaleafdata/train/cbsd/train-cbsd-1042.jpg,1
/var/scratch/adam/cassava-raw/cassavaleafdata/train/cbsd/train-cbsd-1043.jpg,1
/var/scratch/adam/cassava-raw/cassavaleafdata/train/cbsd/train-cbsd-1044.jpg,1
/var/scratch/adam/cassava-raw/cassavaleafdata/train/cbsd/train-cbsd-1045.jpg,1
/var/scratch/adam/cassava-raw/cassavaleafdata/train/cbsd/train-cbsd-1046.jpg,1
/var/scratch/adam/cassava-raw/cassavaleafdata/train/cbsd/train-cbsd-1047.jpg,1
/var/scratch/adam/cassava-raw/cassavaleafdata/train/cbsd/train-cbsd-1048.jpg,1
/var/scratch/adam/cassava-raw/cassavaleafdata/train/cbsd/train-cbsd-1049.jpg,1
/var/scratch/adam/cassava-raw/cassavaleafdata/train/cbsd/train-cbsd-105.jpg,1
/var/scratch/adam/cassava-raw/cassavaleafdata/train/cbsd/train-cbsd-1050.jpg,1
/var/scratch/adam/cassava-raw/cassavaleafdata/train/cbsd/train-cbsd-1051.jpg,1
/var/scratch/adam/cassava-raw/cassavaleafdata/train/cbsd/train-cbsd-1052.jpg,1
/var/scratch/adam/cassava-raw/cassavaleafdata/train/cbsd/train-cbsd-1053.jpg,1
/var/scratch/adam/cassava-raw/cassavaleafdata/train/cbsd/train-cbsd-1054.jpg,1
/var/scratch/adam/cassava-raw/cassavaleafdata/train/cbsd/train-cbsd-1055.jpg,1
/var/scratch/adam/cassava-raw/cassavaleafdata/train/cbsd/train-cbsd-1056.jpg,1
/var/scratch/adam/cassava-raw/cassavaleafdata/train/cbsd/train-cbsd-1057.jpg,1
/var/scratch/adam/cassava-raw/cassavaleafdata/train/cbsd/train-cbsd-1058.jpg,1
/var/scratch/adam/cassava-raw/cassavaleafdata/train/cbsd/train-cbsd-1059.jpg,1
/var/scratch/adam/cassava-raw/cassavaleafdata/train/cbsd/train-cbsd-106.jpg,1
/var/scratch/adam/cassava-raw/cassavaleafdata/train/cbsd/train-cbsd-1060.jpg,1
/var/scratch/adam/cassava-raw/cassavaleafdata/train/cbsd/train-cbsd-1061.jpg,1
/var/scratch/adam/cassava-raw/cassavaleafdata/train/cbsd/train-cbsd-1062.jpg,1
/var/scratch/adam/cassava-raw/cassavaleafdata/train/cbsd/train-cbsd-1063.jpg,1
/var/scratch/adam/cassava-raw/cassavaleafdata/train/cbsd/train-cbsd-1064.jpg,1
/var/scratch/adam/cassava-raw/cassavaleafdata/train/cbsd/train-cbsd-1065.jpg,1
/var/scratch/adam/cassava-raw/cassavaleafdata/train/cbsd/train-cbsd-1066.jpg,1
/var/scratch/adam/cassava-raw/cassavaleafdata/train/cbsd/train-cbsd-1067.jpg,1
/var/scratch/adam/cassava-raw/cassavaleafdata/train/cbsd/train-cbsd-1068.jpg,1
/var/scratch/adam/cassava-raw/cassavaleafdata/train/cbsd/train-cbsd-1069.jpg,1
/var/scratch/adam/cassava-raw/cassavaleafdata/train/cbsd/train-cbsd-107.jpg,1
/var/scratch/adam/cassava-raw/cassavaleafdata/train/cbsd/train-cbsd-1070.jpg,1
/var/scratch/adam/cassava-raw/cassavaleafdata/train/cbsd/train-cbsd-1071.jpg,1
/var/scratch/adam/cassava-raw/cassavaleafdata/train/cbsd/train-cbsd-1072.jpg,1
/var/scratch/adam/cassava-raw/cassavaleafdata/train/cbsd/train-cbsd-1073.jpg,1
/var/scratch/adam/cassava-raw/cassavaleafdata/train/cbsd/train-cbsd-1074.jpg,1
/var/scratch/adam/cassava-raw/cassavaleafdata/train/cbsd/train-cbsd-1075.jpg,1
/var/scratch/adam/cassava-raw/cassavaleafdata/train/cbsd/train-cbsd-1076.jpg,1
/var/scratch/adam/cassava-raw/cassavaleafdata/train/cbsd/train-cbsd-1077.jpg,1
/var/scratch/adam/cassava-raw/cassavaleafdata/train/cbsd/train-cbsd-1078.jpg,1
/var/scratch/adam/cassava-raw/cassavaleafdata/train/cbsd/train-cbsd-1079.jpg,1
/var/scratch/adam/cassava-raw/cassavaleafdata/train/cbsd/train-cbsd-108.jpg,1
/var/scratch/adam/cassava-raw/cassavaleafdata/train/cbsd/train-cbsd-1080.jpg,1
/var/scratch/adam/cassava-raw/cassavaleafdata/train/cbsd/train-cbsd-1081.jpg,1
/var/scratch/adam/cassava-raw/cassavaleafdata/train/cbsd/train-cbsd-1082.jpg,1
/var/scratch/adam/cassava-raw/cassavaleafdata/train/cbsd/train-cbsd-1083.jpg,1
/var/scratch/adam/cassava-raw/cassavaleafdata/train/cbsd/train-cbsd-1084.jpg,1
/var/scratch/adam/cassava-raw/cassavaleafdata/train/cbsd/train-cbsd-1085.jpg,1
/var/scratch/adam/cassava-raw/cassavaleafdata/train/cbsd/train-cbsd-1086.jpg,1
/var/scratch/adam/cassava-raw/cassavaleafdata/train/cbsd/train-cbsd-1087.jpg,1
/var/scratch/adam/cassava-raw/cassavaleafdata/train/cbsd/train-cbsd-1088.jpg,1
/var/scratch/adam/cassava-raw/cassavaleafdata/train/cbsd/train-cbsd-1089.jpg,1
/var/scratch/adam/cassava-raw/cassavaleafdata/train/cbsd/train-cbsd-109.jpg,1
/var/scratch/adam/cassava-raw/cassavaleafdata/train/cbsd/train-cbsd-1090.jpg,1
/var/scratch/adam/cassava-raw/cassavaleafdata/train/cbsd/train-cbsd-1091.jpg,1
/var/scratch/adam/cassava-raw/cassavaleafdata/train/cbsd/train-cbsd-1092.jpg,1
/var/scratch/adam/cassava-raw/cassavaleafdata/train/cbsd/train-cbsd-1093.jpg,1
/var/scratch/adam/cassava-raw/cassavaleafdata/train/cbsd/train-cbsd-1094.jpg,1
/var/scratch/adam/cassava-raw/cassavaleafdata/train/cbsd/train-cbsd-1095.jpg,1
/var/scratch/adam/cassava-raw/cassavaleafdata/train/cbsd/train-cbsd-1096.jpg,1
/var/scratch/adam/cassava-raw/cassavaleafdata/train/cbsd/train-cbsd-1097.jpg,1
/var/scratch/adam/cassava-raw/cassavaleafdata/train/cbsd/train-cbsd-1098.jpg,1
/var/scratch/adam/cassava-raw/cassavaleafdata/train/cbsd/train-cbsd-1099.jpg,1
/var/scratch/adam/cassava-raw/cassavaleafdata/train/cbsd/train-cbsd-11.jpg,1
/var/scratch/adam/cassava-raw/cassavaleafdata/train/cbsd/train-cbsd-110.jpg,1
/var/scratch/adam/cassava-raw/cassavaleafdata/train/cbsd/train-cbsd-1100.jpg,1
/var/scratch/adam/cassava-raw/cassavaleafdata/train/cbsd/train-cbsd-1101.jpg,1
/var/scratch/adam/cassava-raw/cassavaleafdata/train/cbsd/train-cbsd-1102.jpg,1
/var/scratch/adam/cassava-raw/cassavaleafdata/train/cbsd/train-cbsd-1103.jpg,1
/var/scratch/adam/cassava-raw/cassavaleafdata/train/cbsd/train-cbsd-1104.jpg,1
/var/scratch/adam/cassava-raw/cassavaleafdata/train/cbsd/train-cbsd-1105.jpg,1
/var/scratch/adam/cassava-raw/cassavaleafdata/train/cbsd/train-cbsd-1106.jpg,1
/var/scratch/adam/cassava-raw/cassavaleafdata/train/cbsd/train-cbsd-1107.jpg,1
/var/scratch/adam/cassava-raw/cassavaleafdata/train/cbsd/train-cbsd-1108.jpg,1
/var/scratch/adam/cassava-raw/cassavaleafdata/train/cbsd/train-cbsd-1109.jpg,1
/var/scratch/adam/cassava-raw/cassavaleafdata/train/cbsd/train-cbsd-111.jpg,1
/var/scratch/adam/cassava-raw/cassavaleafdata/train/cbsd/train-cbsd-1110.jpg,1
/var/scratch/adam/cassava-raw/cassavaleafdata/train/cbsd/train-cbsd-1111.jpg,1
/var/scratch/adam/cassava-raw/cassavaleafdata/train/cbsd/train-cbsd-1112.jpg,1
/var/scratch/adam/cassava-raw/cassavaleafdata/train/cbsd/train-cbsd-1113.jpg,1
/var/scratch/adam/cassava-raw/cassavaleafdata/train/cbsd/train-cbsd-1114.jpg,1
/var/scratch/adam/cassava-raw/cassavaleafdata/train/cbsd/train-cbsd-1115.jpg,1
/var/scratch/adam/cassava-raw/cassavaleafdata/train/cbsd/train-cbsd-1116.jpg,1
/var/scratch/adam/cassava-raw/cassavaleafdata/train/cbsd/train-cbsd-1117.jpg,1
/var/scratch/adam/cassava-raw/cassavaleafdata/train/cbsd/train-cbsd-1118.jpg,1
/var/scratch/adam/cassava-raw/cassavaleafdata/train/cbsd/train-cbsd-1119.jpg,1
/var/scratch/adam/cassava-raw/cassavaleafdata/train/cbsd/train-cbsd-112.jpg,1
/var/scratch/adam/cassava-raw/cassavaleafdata/train/cbsd/train-cbsd-1120.jpg,1
/var/scratch/adam/cassava-raw/cassavaleafdata/train/cbsd/train-cbsd-1121.jpg,1
/var/scratch/adam/cassava-raw/cassavaleafdata/train/cbsd/train-cbsd-1122.jpg,1
/var/scratch/adam/cassava-raw/cassavaleafdata/train/cbsd/train-cbsd-1123.jpg,1
/var/scratch/adam/cassava-raw/cassavaleafdata/train/cbsd/train-cbsd-1124.jpg,1
/var/scratch/adam/cassava-raw/cassavaleafdata/train/cbsd/train-cbsd-1125.jpg,1
/var/scratch/adam/cassava-raw/cassavaleafdata/train/cbsd/train-cbsd-1126.jpg,1
/var/scratch/adam/cassava-raw/cassavaleafdata/train/cbsd/train-cbsd-1127.jpg,1
/var/scratch/adam/cassava-raw/cassavaleafdata/train/cbsd/train-cbsd-1128.jpg,1
/var/scratch/adam/cassava-raw/cassavaleafdata/train/cbsd/train-cbsd-1129.jpg,1
/var/scratch/adam/cassava-raw/cassavaleafdata/train/cbsd/train-cbsd-113.jpg,1
/var/scratch/adam/cassava-raw/cassavaleafdata/train/cbsd/train-cbsd-1130.jpg,1
/var/scratch/adam/cassava-raw/cassavaleafdata/train/cbsd/train-cbsd-1131.jpg,1
/var/scratch/adam/cassava-raw/cassavaleafdata/train/cbsd/train-cbsd-1132.jpg,1
/var/scratch/adam/cassava-raw/cassavaleafdata/train/cbsd/train-cbsd-1133.jpg,1
/var/scratch/adam/cassava-raw/cassavaleafdata/train/cbsd/train-cbsd-1134.jpg,1
/var/scratch/adam/cassava-raw/cassavaleafdata/train/cbsd/train-cbsd-1135.jpg,1
/var/scratch/adam/cassava-raw/cassavaleafdata/train/cbsd/train-cbsd-1136.jpg,1
/var/scratch/adam/cassava-raw/cassavaleafdata/train/cbsd/train-cbsd-1137.jpg,1
/var/scratch/adam/cassava-raw/cassavaleafdata/train/cbsd/train-cbsd-1138.jpg,1
/var/scratch/adam/cassava-raw/cassavaleafdata/train/cbsd/train-cbsd-1139.jpg,1
/var/scratch/adam/cassava-raw/cassavaleafdata/train/cbsd/train-cbsd-114.jpg,1
/var/scratch/adam/cassava-raw/cassavaleafdata/train/cbsd/train-cbsd-1140.jpg,1
/var/scratch/adam/cassava-raw/cassavaleafdata/train/cbsd/train-cbsd-1141.jpg,1
/var/scratch/adam/cassava-raw/cassavaleafdata/train/cbsd/train-cbsd-1142.jpg,1
/var/scratch/adam/cassava-raw/cassavaleafdata/train/cbsd/train-cbsd-1143.jpg,1
/var/scratch/adam/cassava-raw/cassavaleafdata/train/cbsd/train-cbsd-1144.jpg,1
/var/scratch/adam/cassava-raw/cassavaleafdata/train/cbsd/train-cbsd-1145.jpg,1
/var/scratch/adam/cassava-raw/cassavaleafdata/train/cbsd/train-cbsd-1146.jpg,1
/var/scratch/adam/cassava-raw/cassavaleafdata/train/cbsd/train-cbsd-1147.jpg,1
/var/scratch/adam/cassava-raw/cassavaleafdata/train/cbsd/train-cbsd-1148.jpg,1
/var/scratch/adam/cassava-raw/cassavaleafdata/train/cbsd/train-cbsd-1149.jpg,1
/var/scratch/adam/cassava-raw/cassavaleafdata/train/cbsd/train-cbsd-115.jpg,1
/var/scratch/adam/cassava-raw/cassavaleafdata/train/cbsd/train-cbsd-1150.jpg,1
/var/scratch/adam/cassava-raw/cassavaleafdata/train/cbsd/train-cbsd-1151.jpg,1
/var/scratch/adam/cassava-raw/cassavaleafdata/train/cbsd/train-cbsd-1152.jpg,1
/var/scratch/adam/cassava-raw/cassavaleafdata/train/cbsd/train-cbsd-1153.jpg,1
/var/scratch/adam/cassava-raw/cassavaleafdata/train/cbsd/train-cbsd-1154.jpg,1
/var/scratch/adam/cassava-raw/cassavaleafdata/train/cbsd/train-cbsd-1155.jpg,1
/var/scratch/adam/cassava-raw/cassavaleafdata/train/cbsd/train-cbsd-1156.jpg,1
/var/scratch/adam/cassava-raw/cassavaleafdata/train/cbsd/train-cbsd-1157.jpg,1
/var/scratch/adam/cassava-raw/cassavaleafdata/train/cbsd/train-cbsd-1158.jpg,1
/var/scratch/adam/cassava-raw/cassavaleafdata/train/cbsd/train-cbsd-1159.jpg,1
/var/scratch/adam/cassava-raw/cassavaleafdata/train/cbsd/train-cbsd-116.jpg,1
/var/scratch/adam/cassava-raw/cassavaleafdata/train/cbsd/train-cbsd-1160.jpg,1
/var/scratch/adam/cassava-raw/cassavaleafdata/train/cbsd/train-cbsd-1161.jpg,1
/var/scratch/adam/cassava-raw/cassavaleafdata/train/cbsd/train-cbsd-1162.jpg,1
/var/scratch/adam/cassava-raw/cassavaleafdata/train/cbsd/train-cbsd-1163.jpg,1
/var/scratch/adam/cassava-raw/cassavaleafdata/train/cbsd/train-cbsd-1164.jpg,1
/var/scratch/adam/cassava-raw/cassavaleafdata/train/cbsd/train-cbsd-1165.jpg,1
/var/scratch/adam/cassava-raw/cassavaleafdata/train/cbsd/train-cbsd-1166.jpg,1
/var/scratch/adam/cassava-raw/cassavaleafdata/train/cbsd/train-cbsd-1167.jpg,1
/var/scratch/adam/cassava-raw/cassavaleafdata/train/cbsd/train-cbsd-1168.jpg,1
/var/scratch/adam/cassava-raw/cassavaleafdata/train/cbsd/train-cbsd-1169.jpg,1
/var/scratch/adam/cassava-raw/cassavaleafdata/train/cbsd/train-cbsd-117.jpg,1
/var/scratch/adam/cassava-raw/cassavaleafdata/train/cbsd/train-cbsd-1170.jpg,1
/var/scratch/adam/cassava-raw/cassavaleafdata/train/cbsd/train-cbsd-1171.jpg,1
/var/scratch/adam/cassava-raw/cassavaleafdata/train/cbsd/train-cbsd-1172.jpg,1
/var/scratch/adam/cassava-raw/cassavaleafdata/train/cbsd/train-cbsd-1173.jpg,1
/var/scratch/adam/cassava-raw/cassavaleafdata/train/cbsd/train-cbsd-1174.jpg,1
/var/scratch/adam/cassava-raw/cassavaleafdata/train/cbsd/train-cbsd-1175.jpg,1
/var/scratch/adam/cassava-raw/cassavaleafdata/train/cbsd/train-cbsd-1176.jpg,1
/var/scratch/adam/cassava-raw/cassavaleafdata/train/cbsd/train-cbsd-1177.jpg,1
/var/scratch/adam/cassava-raw/cassavaleafdata/train/cbsd/train-cbsd-1178.jpg,1
/var/scratch/adam/cassava-raw/cassavaleafdata/train/cbsd/train-cbsd-1179.jpg,1
/var/scratch/adam/cassava-raw/cassavaleafdata/train/cbsd/train-cbsd-118.jpg,1
/var/scratch/adam/cassava-raw/cassavaleafdata/train/cbsd/train-cbsd-1180.jpg,1
/var/scratch/adam/cassava-raw/cassavaleafdata/train/cbsd/train-cbsd-1181.jpg,1
/var/scratch/adam/cassava-raw/cassavaleafdata/train/cbsd/train-cbsd-1182.jpg,1
/var/scratch/adam/cassava-raw/cassavaleafdata/train/cbsd/train-cbsd-1183.jpg,1
/var/scratch/adam/cassava-raw/cassavaleafdata/train/cbsd/train-cbsd-1184.jpg,1
/var/scratch/adam/cassava-raw/cassavaleafdata/train/cbsd/train-cbsd-1185.jpg,1
/var/scratch/adam/cassava-raw/cassavaleafdata/train/cbsd/train-cbsd-1186.jpg,1
/var/scratch/adam/cassava-raw/cassavaleafdata/train/cbsd/train-cbsd-1187.jpg,1
/var/scratch/adam/cassava-raw/cassavaleafdata/train/cbsd/train-cbsd-1188.jpg,1
/var/scratch/adam/cassava-raw/cassavaleafdata/train/cbsd/train-cbsd-1189.jpg,1
/var/scratch/adam/cassava-raw/cassavaleafdata/train/cbsd/train-cbsd-119.jpg,1
/var/scratch/adam/cassava-raw/cassavaleafdata/train/cbsd/train-cbsd-1190.jpg,1
/var/scratch/adam/cassava-raw/cassavaleafdata/train/cbsd/train-cbsd-1191.jpg,1
/var/scratch/adam/cassava-raw/cassavaleafdata/train/cbsd/train-cbsd-1192.jpg,1
/var/scratch/adam/cassava-raw/cassavaleafdata/train/cbsd/train-cbsd-1193.jpg,1
/var/scratch/adam/cassava-raw/cassavaleafdata/train/cbsd/train-cbsd-1194.jpg,1
/var/scratch/adam/cassava-raw/cassavaleafdata/train/cbsd/train-cbsd-1195.jpg,1
/var/scratch/adam/cassava-raw/cassavaleafdata/train/cbsd/train-cbsd-1196.jpg,1
/var/scratch/adam/cassava-raw/cassavaleafdata/train/cbsd/train-cbsd-1197.jpg,1
/var/scratch/adam/cassava-raw/cassavaleafdata/train/cbsd/train-cbsd-1198.jpg,1
/var/scratch/adam/cassava-raw/cassavaleafdata/train/cbsd/train-cbsd-1199.jpg,1
/var/scratch/adam/cassava-raw/cassavaleafdata/train/cbsd/train-cbsd-12.jpg,1
/var/scratch/adam/cassava-raw/cassavaleafdata/train/cbsd/train-cbsd-120.jpg,1
/var/scratch/adam/cassava-raw/cassavaleafdata/train/cbsd/train-cbsd-1200.jpg,1
/var/scratch/adam/cassava-raw/cassavaleafdata/train/cbsd/train-cbsd-1201.jpg,1
/var/scratch/adam/cassava-raw/cassavaleafdata/train/cbsd/train-cbsd-1202.jpg,1
/var/scratch/adam/cassava-raw/cassavaleafdata/train/cbsd/train-cbsd-1203.jpg,1
/var/scratch/adam/cassava-raw/cassavaleafdata/train/cbsd/train-cbsd-1204.jpg,1
/var/scratch/adam/cassava-raw/cassavaleafdata/train/cbsd/train-cbsd-1205.jpg,1
/var/scratch/adam/cassava-raw/cassavaleafdata/train/cbsd/train-cbsd-1206.jpg,1
/var/scratch/adam/cassava-raw/cassavaleafdata/train/cbsd/train-cbsd-1207.jpg,1
/var/scratch/adam/cassava-raw/cassavaleafdata/train/cbsd/train-cbsd-1208.jpg,1
/var/scratch/adam/cassava-raw/cassavaleafdata/train/cbsd/train-cbsd-1209.jpg,1
/var/scratch/adam/cassava-raw/cassavaleafdata/train/cbsd/train-cbsd-121.jpg,1
/var/scratch/adam/cassava-raw/cassavaleafdata/train/cbsd/train-cbsd-1210.jpg,1
/var/scratch/adam/cassava-raw/cassavaleafdata/train/cbsd/train-cbsd-1211.jpg,1
/var/scratch/adam/cassava-raw/cassavaleafdata/train/cbsd/train-cbsd-1212.jpg,1
/var/scratch/adam/cassava-raw/cassavaleafdata/train/cbsd/train-cbsd-1213.jpg,1
/var/scratch/adam/cassava-raw/cassavaleafdata/train/cbsd/train-cbsd-1214.jpg,1
/var/scratch/adam/cassava-raw/cassavaleafdata/train/cbsd/train-cbsd-1215.jpg,1
/var/scratch/adam/cassava-raw/cassavaleafdata/train/cbsd/train-cbsd-1216.jpg,1
/var/scratch/adam/cassava-raw/cassavaleafdata/train/cbsd/train-cbsd-1217.jpg,1
/var/scratch/adam/cassava-raw/cassavaleafdata/train/cbsd/train-cbsd-1218.jpg,1
/var/scratch/adam/cassava-raw/cassavaleafdata/train/cbsd/train-cbsd-1219.jpg,1
/var/scratch/adam/cassava-raw/cassavaleafdata/train/cbsd/train-cbsd-122.jpg,1
/var/scratch/adam/cassava-raw/cassavaleafdata/train/cbsd/train-cbsd-1220.jpg,1
/var/scratch/adam/cassava-raw/cassavaleafdata/train/cbsd/train-cbsd-1221.jpg,1
/var/scratch/adam/cassava-raw/cassavaleafdata/train/cbsd/train-cbsd-1222.jpg,1
/var/scratch/adam/cassava-raw/cassavaleafdata/train/cbsd/train-cbsd-1223.jpg,1
/var/scratch/adam/cassava-raw/cassavaleafdata/train/cbsd/train-cbsd-1224.jpg,1
/var/scratch/adam/cassava-raw/cassavaleafdata/train/cbsd/train-cbsd-1225.jpg,1
/var/scratch/adam/cassava-raw/cassavaleafdata/train/cbsd/train-cbsd-1226.jpg,1
/var/scratch/adam/cassava-raw/cassavaleafdata/train/cbsd/train-cbsd-1227.jpg,1
/var/scratch/adam/cassava-raw/cassavaleafdata/train/cbsd/train-cbsd-1228.jpg,1
/var/scratch/adam/cassava-raw/cassavaleafdata/train/cbsd/train-cbsd-1229.jpg,1
/var/scratch/adam/cassava-raw/cassavaleafdata/train/cbsd/train-cbsd-123.jpg,1
/var/scratch/adam/cassava-raw/cassavaleafdata/train/cbsd/train-cbsd-1230.jpg,1
/var/scratch/adam/cassava-raw/cassavaleafdata/train/cbsd/train-cbsd-1231.jpg,1
/var/scratch/adam/cassava-raw/cassavaleafdata/train/cbsd/train-cbsd-1232.jpg,1
/var/scratch/adam/cassava-raw/cassavaleafdata/train/cbsd/train-cbsd-1233.jpg,1
/var/scratch/adam/cassava-raw/cassavaleafdata/train/cbsd/train-cbsd-1234.jpg,1
/var/scratch/adam/cassava-raw/cassavaleafdata/train/cbsd/train-cbsd-1235.jpg,1
/var/scratch/adam/cassava-raw/cassavaleafdata/train/cbsd/train-cbsd-1236.jpg,1
/var/scratch/adam/cassava-raw/cassavaleafdata/train/cbsd/train-cbsd-1237.jpg,1
/var/scratch/adam/cassava-raw/cassavaleafdata/train/cbsd/train-cbsd-1238.jpg,1
/var/scratch/adam/cassava-raw/cassavaleafdata/train/cbsd/train-cbsd-1239.jpg,1
/var/scratch/adam/cassava-raw/cassavaleafdata/train/cbsd/train-cbsd-124.jpg,1
/var/scratch/adam/cassava-raw/cassavaleafdata/train/cbsd/train-cbsd-1240.jpg,1
/var/scratch/adam/cassava-raw/cassavaleafdata/train/cbsd/train-cbsd-1241.jpg,1
/var/scratch/adam/cassava-raw/cassavaleafdata/train/cbsd/train-cbsd-1242.jpg,1
/var/scratch/adam/cassava-raw/cassavaleafdata/train/cbsd/train-cbsd-1243.jpg,1
/var/scratch/adam/cassava-raw/cassavaleafdata/train/cbsd/train-cbsd-1244.jpg,1
/var/scratch/adam/cassava-raw/cassavaleafdata/train/cbsd/train-cbsd-1245.jpg,1
/var/scratch/adam/cassava-raw/cassavaleafdata/train/cbsd/train-cbsd-1246.jpg,1
/var/scratch/adam/cassava-raw/cassavaleafdata/train/cbsd/train-cbsd-1247.jpg,1
/var/scratch/adam/cassava-raw/cassavaleafdata/train/cbsd/train-cbsd-1248.jpg,1
/var/scratch/adam/cassava-raw/cassavaleafdata/train/cbsd/train-cbsd-1249.jpg,1
/var/scratch/adam/cassava-raw/cassavaleafdata/train/cbsd/train-cbsd-125.jpg,1
/var/scratch/adam/cassava-raw/cassavaleafdata/train/cbsd/train-cbsd-1250.jpg,1
/var/scratch/adam/cassava-raw/cassavaleafdata/train/cbsd/train-cbsd-1251.jpg,1
/var/scratch/adam/cassava-raw/cassavaleafdata/train/cbsd/train-cbsd-1252.jpg,1
/var/scratch/adam/cassava-raw/cassavaleafdata/train/cbsd/train-cbsd-1253.jpg,1
/var/scratch/adam/cassava-raw/cassavaleafdata/train/cbsd/train-cbsd-1254.jpg,1
/var/scratch/adam/cassava-raw/cassavaleafdata/train/cbsd/train-cbsd-1255.jpg,1
/var/scratch/adam/cassava-raw/cassavaleafdata/train/cbsd/train-cbsd-1256.jpg,1
/var/scratch/adam/cassava-raw/cassavaleafdata/train/cbsd/train-cbsd-1257.jpg,1
/var/scratch/adam/cassava-raw/cassavaleafdata/train/cbsd/train-cbsd-1258.jpg,1
/var/scratch/adam/cassava-raw/cassavaleafdata/train/cbsd/train-cbsd-1259.jpg,1
/var/scratch/adam/cassava-raw/cassavaleafdata/train/cbsd/train-cbsd-126.jpg,1
/var/scratch/adam/cassava-raw/cassavaleafdata/train/cbsd/train-cbsd-1260.jpg,1
/var/scratch/adam/cassava-raw/cassavaleafdata/train/cbsd/train-cbsd-1261.jpg,1
/var/scratch/adam/cassava-raw/cassavaleafdata/train/cbsd/train-cbsd-1262.jpg,1
/var/scratch/adam/cassava-raw/cassavaleafdata/train/cbsd/train-cbsd-1263.jpg,1
/var/scratch/adam/cassava-raw/cassavaleafdata/train/cbsd/train-cbsd-1264.jpg,1
/var/scratch/adam/cassava-raw/cassavaleafdata/train/cbsd/train-cbsd-1265.jpg,1
/var/scratch/adam/cassava-raw/cassavaleafdata/train/cbsd/train-cbsd-1266.jpg,1
/var/scratch/adam/cassava-raw/cassavaleafdata/train/cbsd/train-cbsd-1267.jpg,1
/var/scratch/adam/cassava-raw/cassavaleafdata/train/cbsd/train-cbsd-1268.jpg,1
/var/scratch/adam/cassava-raw/cassavaleafdata/train/cbsd/train-cbsd-1269.jpg,1
/var/scratch/adam/cassava-raw/cassavaleafdata/train/cbsd/train-cbsd-127.jpg,1
/var/scratch/adam/cassava-raw/cassavaleafdata/train/cbsd/train-cbsd-1270.jpg,1
/var/scratch/adam/cassava-raw/cassavaleafdata/train/cbsd/train-cbsd-1271.jpg,1
/var/scratch/adam/cassava-raw/cassavaleafdata/train/cbsd/train-cbsd-1272.jpg,1
/var/scratch/adam/cassava-raw/cassavaleafdata/train/cbsd/train-cbsd-1273.jpg,1
/var/scratch/adam/cassava-raw/cassavaleafdata/train/cbsd/train-cbsd-1274.jpg,1
/var/scratch/adam/cassava-raw/cassavaleafdata/train/cbsd/train-cbsd-1275.jpg,1
/var/scratch/adam/cassava-raw/cassavaleafdata/train/cbsd/train-cbsd-1276.jpg,1
/var/scratch/adam/cassava-raw/cassavaleafdata/train/cbsd/train-cbsd-1277.jpg,1
/var/scratch/adam/cassava-raw/cassavaleafdata/train/cbsd/train-cbsd-1278.jpg,1
/var/scratch/adam/cassava-raw/cassavaleafdata/train/cbsd/train-cbsd-1279.jpg,1
/var/scratch/adam/cassava-raw/cassavaleafdata/train/cbsd/train-cbsd-128.jpg,1
/var/scratch/adam/cassava-raw/cassavaleafdata/train/cbsd/train-cbsd-1280.jpg,1
/var/scratch/adam/cassava-raw/cassavaleafdata/train/cbsd/train-cbsd-1281.jpg,1
/var/scratch/adam/cassava-raw/cassavaleafdata/train/cbsd/train-cbsd-1282.jpg,1
/var/scratch/adam/cassava-raw/cassavaleafdata/train/cbsd/train-cbsd-1283.jpg,1
/var/scratch/adam/cassava-raw/cassavaleafdata/train/cbsd/train-cbsd-1284.jpg,1
/var/scratch/adam/cassava-raw/cassavaleafdata/train/cbsd/train-cbsd-1285.jpg,1
/var/scratch/adam/cassava-raw/cassavaleafdata/train/cbsd/train-cbsd-1286.jpg,1
/var/scratch/adam/cassava-raw/cassavaleafdata/train/cbsd/train-cbsd-1287.jpg,1
/var/scratch/adam/cassava-raw/cassavaleafdata/train/cbsd/train-cbsd-1288.jpg,1
/var/scratch/adam/cassava-raw/cassavaleafdata/train/cbsd/train-cbsd-1289.jpg,1
/var/scratch/adam/cassava-raw/cassavaleafdata/train/cbsd/train-cbsd-129.jpg,1
/var/scratch/adam/cassava-raw/cassavaleafdata/train/cbsd/train-cbsd-1290.jpg,1
/var/scratch/adam/cassava-raw/cassavaleafdata/train/cbsd/train-cbsd-1291.jpg,1
/var/scratch/adam/cassava-raw/cassavaleafdata/train/cbsd/train-cbsd-1292.jpg,1
/var/scratch/adam/cassava-raw/cassavaleafdata/train/cbsd/train-cbsd-1293.jpg,1
/var/scratch/adam/cassava-raw/cassavaleafdata/train/cbsd/train-cbsd-1294.jpg,1
/var/scratch/adam/cassava-raw/cassavaleafdata/train/cbsd/train-cbsd-1295.jpg,1
/var/scratch/adam/cassava-raw/cassavaleafdata/train/cbsd/train-cbsd-1296.jpg,1
/var/scratch/adam/cassava-raw/cassavaleafdata/train/cbsd/train-cbsd-1297.jpg,1
/var/scratch/adam/cassava-raw/cassavaleafdata/train/cbsd/train-cbsd-1298.jpg,1
/var/scratch/adam/cassava-raw/cassavaleafdata/train/cbsd/train-cbsd-1299.jpg,1
/var/scratch/adam/cassava-raw/cassavaleafdata/train/cbsd/train-cbsd-13.jpg,1
/var/scratch/adam/cassava-raw/cassavaleafdata/train/cbsd/train-cbsd-130.jpg,1
/var/scratch/adam/cassava-raw/cassavaleafdata/train/cbsd/train-cbsd-1300.jpg,1
/var/scratch/adam/cassava-raw/cassavaleafdata/train/cbsd/train-cbsd-1301.jpg,1
/var/scratch/adam/cassava-raw/cassavaleafdata/train/cbsd/train-cbsd-1302.jpg,1
/var/scratch/adam/cassava-raw/cassavaleafdata/train/cbsd/train-cbsd-1303.jpg,1
/var/scratch/adam/cassava-raw/cassavaleafdata/train/cbsd/train-cbsd-1304.jpg,1
/var/scratch/adam/cassava-raw/cassavaleafdata/train/cbsd/train-cbsd-1305.jpg,1
/var/scratch/adam/cassava-raw/cassavaleafdata/train/cbsd/train-cbsd-1306.jpg,1
/var/scratch/adam/cassava-raw/cassavaleafdata/train/cbsd/train-cbsd-1307.jpg,1
/var/scratch/adam/cassava-raw/cassavaleafdata/train/cbsd/train-cbsd-1308.jpg,1
/var/scratch/adam/cassava-raw/cassavaleafdata/train/cbsd/train-cbsd-1309.jpg,1
/var/scratch/adam/cassava-raw/cassavaleafdata/train/cbsd/train-cbsd-131.jpg,1
/var/scratch/adam/cassava-raw/cassavaleafdata/train/cbsd/train-cbsd-1310.jpg,1
/var/scratch/adam/cassava-raw/cassavaleafdata/train/cbsd/train-cbsd-1311.jpg,1
/var/scratch/adam/cassava-raw/cassavaleafdata/train/cbsd/train-cbsd-1312.jpg,1
/var/scratch/adam/cassava-raw/cassavaleafdata/train/cbsd/train-cbsd-1313.jpg,1
/var/scratch/adam/cassava-raw/cassavaleafdata/train/cbsd/train-cbsd-1314.jpg,1
/var/scratch/adam/cassava-raw/cassavaleafdata/train/cbsd/train-cbsd-1315.jpg,1
/var/scratch/adam/cassava-raw/cassavaleafdata/train/cbsd/train-cbsd-1316.jpg,1
/var/scratch/adam/cassava-raw/cassavaleafdata/train/cbsd/train-cbsd-1317.jpg,1
/var/scratch/adam/cassava-raw/cassavaleafdata/train/cbsd/train-cbsd-1318.jpg,1
/var/scratch/adam/cassava-raw/cassavaleafdata/train/cbsd/train-cbsd-1319.jpg,1
/var/scratch/adam/cassava-raw/cassavaleafdata/train/cbsd/train-cbsd-132.jpg,1
/var/scratch/adam/cassava-raw/cassavaleafdata/train/cbsd/train-cbsd-1320.jpg,1
/var/scratch/adam/cassava-raw/cassavaleafdata/train/cbsd/train-cbsd-1321.jpg,1
/var/scratch/adam/cassava-raw/cassavaleafdata/train/cbsd/train-cbsd-1322.jpg,1
/var/scratch/adam/cassava-raw/cassavaleafdata/train/cbsd/train-cbsd-1323.jpg,1
/var/scratch/adam/cassava-raw/cassavaleafdata/train/cbsd/train-cbsd-1324.jpg,1
/var/scratch/adam/cassava-raw/cassavaleafdata/train/cbsd/train-cbsd-1325.jpg,1
/var/scratch/adam/cassava-raw/cassavaleafdata/train/cbsd/train-cbsd-1326.jpg,1
/var/scratch/adam/cassava-raw/cassavaleafdata/train/cbsd/train-cbsd-1327.jpg,1
/var/scratch/adam/cassava-raw/cassavaleafdata/train/cbsd/train-cbsd-1328.jpg,1
/var/scratch/adam/cassava-raw/cassavaleafdata/train/cbsd/train-cbsd-1329.jpg,1
/var/scratch/adam/cassava-raw/cassavaleafdata/train/cbsd/train-cbsd-133.jpg,1
/var/scratch/adam/cassava-raw/cassavaleafdata/train/cbsd/train-cbsd-1330.jpg,1
/var/scratch/adam/cassava-raw/cassavaleafdata/train/cbsd/train-cbsd-1331.jpg,1
/var/scratch/adam/cassava-raw/cassavaleafdata/train/cbsd/train-cbsd-1332.jpg,1
/var/scratch/adam/cassava-raw/cassavaleafdata/train/cbsd/train-cbsd-1333.jpg,1
/var/scratch/adam/cassava-raw/cassavaleafdata/train/cbsd/train-cbsd-1334.jpg,1
/var/scratch/adam/cassava-raw/cassavaleafdata/train/cbsd/train-cbsd-1335.jpg,1
/var/scratch/adam/cassava-raw/cassavaleafdata/train/cbsd/train-cbsd-1336.jpg,1
/var/scratch/adam/cassava-raw/cassavaleafdata/train/cbsd/train-cbsd-1337.jpg,1
/var/scratch/adam/cassava-raw/cassavaleafdata/train/cbsd/train-cbsd-1338.jpg,1
/var/scratch/adam/cassava-raw/cassavaleafdata/train/cbsd/train-cbsd-1339.jpg,1
/var/scratch/adam/cassava-raw/cassavaleafdata/train/cbsd/train-cbsd-134.jpg,1
/var/scratch/adam/cassava-raw/cassavaleafdata/train/cbsd/train-cbsd-1340.jpg,1
/var/scratch/adam/cassava-raw/cassavaleafdata/train/cbsd/train-cbsd-1341.jpg,1
/var/scratch/adam/cassava-raw/cassavaleafdata/train/cbsd/train-cbsd-1342.jpg,1
/var/scratch/adam/cassava-raw/cassavaleafdata/train/cbsd/train-cbsd-1343.jpg,1
/var/scratch/adam/cassava-raw/cassavaleafdata/train/cbsd/train-cbsd-1344.jpg,1
/var/scratch/adam/cassava-raw/cassavaleafdata/train/cbsd/train-cbsd-1345.jpg,1
/var/scratch/adam/cassava-raw/cassavaleafdata/train/cbsd/train-cbsd-1346.jpg,1
/var/scratch/adam/cassava-raw/cassavaleafdata/train/cbsd/train-cbsd-1347.jpg,1
/var/scratch/adam/cassava-raw/cassavaleafdata/train/cbsd/train-cbsd-1348.jpg,1
/var/scratch/adam/cassava-raw/cassavaleafdata/train/cbsd/train-cbsd-1349.jpg,1
/var/scratch/adam/cassava-raw/cassavaleafdata/train/cbsd/train-cbsd-135.jpg,1
/var/scratch/adam/cassava-raw/cassavaleafdata/train/cbsd/train-cbsd-1350.jpg,1
/var/scratch/adam/cassava-raw/cassavaleafdata/train/cbsd/train-cbsd-1351.jpg,1
/var/scratch/adam/cassava-raw/cassavaleafdata/train/cbsd/train-cbsd-1352.jpg,1
/var/scratch/adam/cassava-raw/cassavaleafdata/train/cbsd/train-cbsd-1353.jpg,1
/var/scratch/adam/cassava-raw/cassavaleafdata/train/cbsd/train-cbsd-1354.jpg,1
/var/scratch/adam/cassava-raw/cassavaleafdata/train/cbsd/train-cbsd-1355.jpg,1
/var/scratch/adam/cassava-raw/cassavaleafdata/train/cbsd/train-cbsd-1356.jpg,1
/var/scratch/adam/cassava-raw/cassavaleafdata/train/cbsd/train-cbsd-1357.jpg,1
/var/scratch/adam/cassava-raw/cassavaleafdata/train/cbsd/train-cbsd-1358.jpg,1
/var/scratch/adam/cassava-raw/cassavaleafdata/train/cbsd/train-cbsd-1359.jpg,1
/var/scratch/adam/cassava-raw/cassavaleafdata/train/cbsd/train-cbsd-136.jpg,1
/var/scratch/adam/cassava-raw/cassavaleafdata/train/cbsd/train-cbsd-1360.jpg,1
/var/scratch/adam/cassava-raw/cassavaleafdata/train/cbsd/train-cbsd-1361.jpg,1
/var/scratch/adam/cassava-raw/cassavaleafdata/train/cbsd/train-cbsd-1362.jpg,1
/var/scratch/adam/cassava-raw/cassavaleafdata/train/cbsd/train-cbsd-1363.jpg,1
/var/scratch/adam/cassava-raw/cassavaleafdata/train/cbsd/train-cbsd-1364.jpg,1
/var/scratch/adam/cassava-raw/cassavaleafdata/train/cbsd/train-cbsd-1365.jpg,1
/var/scratch/adam/cassava-raw/cassavaleafdata/train/cbsd/train-cbsd-1366.jpg,1
/var/scratch/adam/cassava-raw/cassavaleafdata/train/cbsd/train-cbsd-1367.jpg,1
/var/scratch/adam/cassava-raw/cassavaleafdata/train/cbsd/train-cbsd-1368.jpg,1
/var/scratch/adam/cassava-raw/cassavaleafdata/train/cbsd/train-cbsd-1369.jpg,1
/var/scratch/adam/cassava-raw/cassavaleafdata/train/cbsd/train-cbsd-137.jpg,1
/var/scratch/adam/cassava-raw/cassavaleafdata/train/cbsd/train-cbsd-1370.jpg,1
/var/scratch/adam/cassava-raw/cassavaleafdata/train/cbsd/train-cbsd-1371.jpg,1
/var/scratch/adam/cassava-raw/cassavaleafdata/train/cbsd/train-cbsd-1372.jpg,1
/var/scratch/adam/cassava-raw/cassavaleafdata/train/cbsd/train-cbsd-1373.jpg,1
/var/scratch/adam/cassava-raw/cassavaleafdata/train/cbsd/train-cbsd-1374.jpg,1
/var/scratch/adam/cassava-raw/cassavaleafdata/train/cbsd/train-cbsd-1375.jpg,1
/var/scratch/adam/cassava-raw/cassavaleafdata/train/cbsd/train-cbsd-1376.jpg,1
/var/scratch/adam/cassava-raw/cassavaleafdata/train/cbsd/train-cbsd-1377.jpg,1
/var/scratch/adam/cassava-raw/cassavaleafdata/train/cbsd/train-cbsd-1378.jpg,1
/var/scratch/adam/cassava-raw/cassavaleafdata/train/cbsd/train-cbsd-1379.jpg,1
/var/scratch/adam/cassava-raw/cassavaleafdata/train/cbsd/train-cbsd-138.jpg,1
/var/scratch/adam/cassava-raw/cassavaleafdata/train/cbsd/train-cbsd-1380.jpg,1
/var/scratch/adam/cassava-raw/cassavaleafdata/train/cbsd/train-cbsd-1381.jpg,1
/var/scratch/adam/cassava-raw/cassavaleafdata/train/cbsd/train-cbsd-1382.jpg,1
/var/scratch/adam/cassava-raw/cassavaleafdata/train/cbsd/train-cbsd-1383.jpg,1
/var/scratch/adam/cassava-raw/cassavaleafdata/train/cbsd/train-cbsd-1384.jpg,1
/var/scratch/adam/cassava-raw/cassavaleafdata/train/cbsd/train-cbsd-1385.jpg,1
/var/scratch/adam/cassava-raw/cassavaleafdata/train/cbsd/train-cbsd-1386.jpg,1
/var/scratch/adam/cassava-raw/cassavaleafdata/train/cbsd/train-cbsd-1387.jpg,1
/var/scratch/adam/cassava-raw/cassavaleafdata/train/cbsd/train-cbsd-1388.jpg,1
/var/scratch/adam/cassava-raw/cassavaleafdata/train/cbsd/train-cbsd-1389.jpg,1
/var/scratch/adam/cassava-raw/cassavaleafdata/train/cbsd/train-cbsd-139.jpg,1
/var/scratch/adam/cassava-raw/cassavaleafdata/train/cbsd/train-cbsd-1390.jpg,1
/var/scratch/adam/cassava-raw/cassavaleafdata/train/cbsd/train-cbsd-1391.jpg,1
/var/scratch/adam/cassava-raw/cassavaleafdata/train/cbsd/train-cbsd-1392.jpg,1
/var/scratch/adam/cassava-raw/cassavaleafdata/train/cbsd/train-cbsd-1393.jpg,1
/var/scratch/adam/cassava-raw/cassavaleafdata/train/cbsd/train-cbsd-1394.jpg,1
/var/scratch/adam/cassava-raw/cassavaleafdata/train/cbsd/train-cbsd-1395.jpg,1
/var/scratch/adam/cassava-raw/cassavaleafdata/train/cbsd/train-cbsd-1396.jpg,1
/var/scratch/adam/cassava-raw/cassavaleafdata/train/cbsd/train-cbsd-1397.jpg,1
/var/scratch/adam/cassava-raw/cassavaleafdata/train/cbsd/train-cbsd-1398.jpg,1
/var/scratch/adam/cassava-raw/cassavaleafdata/train/cbsd/train-cbsd-1399.jpg,1
/var/scratch/adam/cassava-raw/cassavaleafdata/train/cbsd/train-cbsd-14.jpg,1
/var/scratch/adam/cassava-raw/cassavaleafdata/train/cbsd/train-cbsd-140.jpg,1
/var/scratch/adam/cassava-raw/cassavaleafdata/train/cbsd/train-cbsd-1400.jpg,1
/var/scratch/adam/cassava-raw/cassavaleafdata/train/cbsd/train-cbsd-1401.jpg,1
/var/scratch/adam/cassava-raw/cassavaleafdata/train/cbsd/train-cbsd-1402.jpg,1
/var/scratch/adam/cassava-raw/cassavaleafdata/train/cbsd/train-cbsd-1403.jpg,1
/var/scratch/adam/cassava-raw/cassavaleafdata/train/cbsd/train-cbsd-1404.jpg,1
/var/scratch/adam/cassava-raw/cassavaleafdata/train/cbsd/train-cbsd-1405.jpg,1
/var/scratch/adam/cassava-raw/cassavaleafdata/train/cbsd/train-cbsd-1406.jpg,1
/var/scratch/adam/cassava-raw/cassavaleafdata/train/cbsd/train-cbsd-1407.jpg,1
/var/scratch/adam/cassava-raw/cassavaleafdata/train/cbsd/train-cbsd-1408.jpg,1
/var/scratch/adam/cassava-raw/cassavaleafdata/train/cbsd/train-cbsd-1409.jpg,1
/var/scratch/adam/cassava-raw/cassavaleafdata/train/cbsd/train-cbsd-141.jpg,1
/var/scratch/adam/cassava-raw/cassavaleafdata/train/cbsd/train-cbsd-1410.jpg,1
/var/scratch/adam/cassava-raw/cassavaleafdata/train/cbsd/train-cbsd-1411.jpg,1
/var/scratch/adam/cassava-raw/cassavaleafdata/train/cbsd/train-cbsd-1412.jpg,1
/var/scratch/adam/cassava-raw/cassavaleafdata/train/cbsd/train-cbsd-1413.jpg,1
/var/scratch/adam/cassava-raw/cassavaleafdata/train/cbsd/train-cbsd-1414.jpg,1
/var/scratch/adam/cassava-raw/cassavaleafdata/train/cbsd/train-cbsd-1415.jpg,1
/var/scratch/adam/cassava-raw/cassavaleafdata/train/cbsd/train-cbsd-1416.jpg,1
/var/scratch/adam/cassava-raw/cassavaleafdata/train/cbsd/train-cbsd-1417.jpg,1
/var/scratch/adam/cassava-raw/cassavaleafdata/train/cbsd/train-cbsd-1418.jpg,1
/var/scratch/adam/cassava-raw/cassavaleafdata/train/cbsd/train-cbsd-1419.jpg,1
/var/scratch/adam/cassava-raw/cassavaleafdata/train/cbsd/train-cbsd-142.jpg,1
/var/scratch/adam/cassava-raw/cassavaleafdata/train/cbsd/train-cbsd-1420.jpg,1
/var/scratch/adam/cassava-raw/cassavaleafdata/train/cbsd/train-cbsd-1421.jpg,1
/var/scratch/adam/cassava-raw/cassavaleafdata/train/cbsd/train-cbsd-1422.jpg,1
/var/scratch/adam/cassava-raw/cassavaleafdata/train/cbsd/train-cbsd-1423.jpg,1
/var/scratch/adam/cassava-raw/cassavaleafdata/train/cbsd/train-cbsd-1424.jpg,1
/var/scratch/adam/cassava-raw/cassavaleafdata/train/cbsd/train-cbsd-1425.jpg,1
/var/scratch/adam/cassava-raw/cassavaleafdata/train/cbsd/train-cbsd-1426.jpg,1
/var/scratch/adam/cassava-raw/cassavaleafdata/train/cbsd/train-cbsd-1427.jpg,1
/var/scratch/adam/cassava-raw/cassavaleafdata/train/cbsd/train-cbsd-1428.jpg,1
/var/scratch/adam/cassava-raw/cassavaleafdata/train/cbsd/train-cbsd-1429.jpg,1
/var/scratch/adam/cassava-raw/cassavaleafdata/train/cbsd/train-cbsd-143.jpg,1
/var/scratch/adam/cassava-raw/cassavaleafdata/train/cbsd/train-cbsd-1430.jpg,1
/var/scratch/adam/cassava-raw/cassavaleafdata/train/cbsd/train-cbsd-1431.jpg,1
/var/scratch/adam/cassava-raw/cassavaleafdata/train/cbsd/train-cbsd-1432.jpg,1
/var/scratch/adam/cassava-raw/cassavaleafdata/train/cbsd/train-cbsd-1433.jpg,1
/var/scratch/adam/cassava-raw/cassavaleafdata/train/cbsd/train-cbsd-1434.jpg,1
/var/scratch/adam/cassava-raw/cassavaleafdata/train/cbsd/train-cbsd-1435.jpg,1
/var/scratch/adam/cassava-raw/cassavaleafdata/train/cbsd/train-cbsd-1436.jpg,1
/var/scratch/adam/cassava-raw/cassavaleafdata/train/cbsd/train-cbsd-1437.jpg,1
/var/scratch/adam/cassava-raw/cassavaleafdata/train/cbsd/train-cbsd-1438.jpg,1
/var/scratch/adam/cassava-raw/cassavaleafdata/train/cbsd/train-cbsd-1439.jpg,1
/var/scratch/adam/cassava-raw/cassavaleafdata/train/cbsd/train-cbsd-144.jpg,1
/var/scratch/adam/cassava-raw/cassavaleafdata/train/cbsd/train-cbsd-1440.jpg,1
/var/scratch/adam/cassava-raw/cassavaleafdata/train/cbsd/train-cbsd-1441.jpg,1
/var/scratch/adam/cassava-raw/cassavaleafdata/train/cbsd/train-cbsd-1442.jpg,1
/var/scratch/adam/cassava-raw/cassavaleafdata/train/cbsd/train-cbsd-145.jpg,1
/var/scratch/adam/cassava-raw/cassavaleafdata/train/cbsd/train-cbsd-146.jpg,1
/var/scratch/adam/cassava-raw/cassavaleafdata/train/cbsd/train-cbsd-147.jpg,1
/var/scratch/adam/cassava-raw/cassavaleafdata/train/cbsd/train-cbsd-148.jpg,1
/var/scratch/adam/cassava-raw/cassavaleafdata/train/cbsd/train-cbsd-149.jpg,1
/var/scratch/adam/cassava-raw/cassavaleafdata/train/cbsd/train-cbsd-15.jpg,1
/var/scratch/adam/cassava-raw/cassavaleafdata/train/cbsd/train-cbsd-150.jpg,1
/var/scratch/adam/cassava-raw/cassavaleafdata/train/cbsd/train-cbsd-151.jpg,1
/var/scratch/adam/cassava-raw/cassavaleafdata/train/cbsd/train-cbsd-152.jpg,1
/var/scratch/adam/cassava-raw/cassavaleafdata/train/cbsd/train-cbsd-153.jpg,1
/var/scratch/adam/cassava-raw/cassavaleafdata/train/cbsd/train-cbsd-154.jpg,1
/var/scratch/adam/cassava-raw/cassavaleafdata/train/cbsd/train-cbsd-155.jpg,1
/var/scratch/adam/cassava-raw/cassavaleafdata/train/cbsd/train-cbsd-156.jpg,1
/var/scratch/adam/cassava-raw/cassavaleafdata/train/cbsd/train-cbsd-157.jpg,1
/var/scratch/adam/cassava-raw/cassavaleafdata/train/cbsd/train-cbsd-158.jpg,1
/var/scratch/adam/cassava-raw/cassavaleafdata/train/cbsd/train-cbsd-159.jpg,1
/var/scratch/adam/cassava-raw/cassavaleafdata/train/cbsd/train-cbsd-16.jpg,1
/var/scratch/adam/cassava-raw/cassavaleafdata/train/cbsd/train-cbsd-160.jpg,1
/var/scratch/adam/cassava-raw/cassavaleafdata/train/cbsd/train-cbsd-161.jpg,1
/var/scratch/adam/cassava-raw/cassavaleafdata/train/cbsd/train-cbsd-162.jpg,1
/var/scratch/adam/cassava-raw/cassavaleafdata/train/cbsd/train-cbsd-163.jpg,1
/var/scratch/adam/cassava-raw/cassavaleafdata/train/cbsd/train-cbsd-164.jpg,1
/var/scratch/adam/cassava-raw/cassavaleafdata/train/cbsd/train-cbsd-165.jpg,1
/var/scratch/adam/cassava-raw/cassavaleafdata/train/cbsd/train-cbsd-166.jpg,1
/var/scratch/adam/cassava-raw/cassavaleafdata/train/cbsd/train-cbsd-167.jpg,1
/var/scratch/adam/cassava-raw/cassavaleafdata/train/cbsd/train-cbsd-168.jpg,1
/var/scratch/adam/cassava-raw/cassavaleafdata/train/cbsd/train-cbsd-169.jpg,1
/var/scratch/adam/cassava-raw/cassavaleafdata/train/cbsd/train-cbsd-17.jpg,1
/var/scratch/adam/cassava-raw/cassavaleafdata/train/cbsd/train-cbsd-170.jpg,1
/var/scratch/adam/cassava-raw/cassavaleafdata/train/cbsd/train-cbsd-171.jpg,1
/var/scratch/adam/cassava-raw/cassavaleafdata/train/cbsd/train-cbsd-172.jpg,1
/var/scratch/adam/cassava-raw/cassavaleafdata/train/cbsd/train-cbsd-173.jpg,1
/var/scratch/adam/cassava-raw/cassavaleafdata/train/cbsd/train-cbsd-174.jpg,1
/var/scratch/adam/cassava-raw/cassavaleafdata/train/cbsd/train-cbsd-175.jpg,1
/var/scratch/adam/cassava-raw/cassavaleafdata/train/cbsd/train-cbsd-176.jpg,1
/var/scratch/adam/cassava-raw/cassavaleafdata/train/cbsd/train-cbsd-177.jpg,1
/var/scratch/adam/cassava-raw/cassavaleafdata/train/cbsd/train-cbsd-178.jpg,1
/var/scratch/adam/cassava-raw/cassavaleafdata/train/cbsd/train-cbsd-179.jpg,1
/var/scratch/adam/cassava-raw/cassavaleafdata/train/cbsd/train-cbsd-18.jpg,1
/var/scratch/adam/cassava-raw/cassavaleafdata/train/cbsd/train-cbsd-180.jpg,1
/var/scratch/adam/cassava-raw/cassavaleafdata/train/cbsd/train-cbsd-181.jpg,1
/var/scratch/adam/cassava-raw/cassavaleafdata/train/cbsd/train-cbsd-182.jpg,1
/var/scratch/adam/cassava-raw/cassavaleafdata/train/cbsd/train-cbsd-183.jpg,1
/var/scratch/adam/cassava-raw/cassavaleafdata/train/cbsd/train-cbsd-184.jpg,1
/var/scratch/adam/cassava-raw/cassavaleafdata/train/cbsd/train-cbsd-185.jpg,1
/var/scratch/adam/cassava-raw/cassavaleafdata/train/cbsd/train-cbsd-186.jpg,1
/var/scratch/adam/cassava-raw/cassavaleafdata/train/cbsd/train-cbsd-187.jpg,1
/var/scratch/adam/cassava-raw/cassavaleafdata/train/cbsd/train-cbsd-188.jpg,1
/var/scratch/adam/cassava-raw/cassavaleafdata/train/cbsd/train-cbsd-189.jpg,1
/var/scratch/adam/cassava-raw/cassavaleafdata/train/cbsd/train-cbsd-19.jpg,1
/var/scratch/adam/cassava-raw/cassavaleafdata/train/cbsd/train-cbsd-190.jpg,1
/var/scratch/adam/cassava-raw/cassavaleafdata/train/cbsd/train-cbsd-191.jpg,1
/var/scratch/adam/cassava-raw/cassavaleafdata/train/cbsd/train-cbsd-192.jpg,1
/var/scratch/adam/cassava-raw/cassavaleafdata/train/cbsd/train-cbsd-193.jpg,1
/var/scratch/adam/cassava-raw/cassavaleafdata/train/cbsd/train-cbsd-194.jpg,1
/var/scratch/adam/cassava-raw/cassavaleafdata/train/cbsd/train-cbsd-195.jpg,1
/var/scratch/adam/cassava-raw/cassavaleafdata/train/cbsd/train-cbsd-196.jpg,1
/var/scratch/adam/cassava-raw/cassavaleafdata/train/cbsd/train-cbsd-197.jpg,1
/var/scratch/adam/cassava-raw/cassavaleafdata/train/cbsd/train-cbsd-198.jpg,1
/var/scratch/adam/cassava-raw/cassavaleafdata/train/cbsd/train-cbsd-199.jpg,1
/var/scratch/adam/cassava-raw/cassavaleafdata/train/cbsd/train-cbsd-2.jpg,1
/var/scratch/adam/cassava-raw/cassavaleafdata/train/cbsd/train-cbsd-20.jpg,1
/var/scratch/adam/cassava-raw/cassavaleafdata/train/cbsd/train-cbsd-200.jpg,1
/var/scratch/adam/cassava-raw/cassavaleafdata/train/cbsd/train-cbsd-201.jpg,1
/var/scratch/adam/cassava-raw/cassavaleafdata/train/cbsd/train-cbsd-202.jpg,1
/var/scratch/adam/cassava-raw/cassavaleafdata/train/cbsd/train-cbsd-203.jpg,1
/var/scratch/adam/cassava-raw/cassavaleafdata/train/cbsd/train-cbsd-204.jpg,1
/var/scratch/adam/cassava-raw/cassavaleafdata/train/cbsd/train-cbsd-205.jpg,1
/var/scratch/adam/cassava-raw/cassavaleafdata/train/cbsd/train-cbsd-206.jpg,1
/var/scratch/adam/cassava-raw/cassavaleafdata/train/cbsd/train-cbsd-207.jpg,1
/var/scratch/adam/cassava-raw/cassavaleafdata/train/cbsd/train-cbsd-208.jpg,1
/var/scratch/adam/cassava-raw/cassavaleafdata/train/cbsd/train-cbsd-209.jpg,1
/var/scratch/adam/cassava-raw/cassavaleafdata/train/cbsd/train-cbsd-21.jpg,1
/var/scratch/adam/cassava-raw/cassavaleafdata/train/cbsd/train-cbsd-210.jpg,1
/var/scratch/adam/cassava-raw/cassavaleafdata/train/cbsd/train-cbsd-211.jpg,1
/var/scratch/adam/cassava-raw/cassavaleafdata/train/cbsd/train-cbsd-212.jpg,1
/var/scratch/adam/cassava-raw/cassavaleafdata/train/cbsd/train-cbsd-213.jpg,1
/var/scratch/adam/cassava-raw/cassavaleafdata/train/cbsd/train-cbsd-214.jpg,1
/var/scratch/adam/cassava-raw/cassavaleafdata/train/cbsd/train-cbsd-215.jpg,1
/var/scratch/adam/cassava-raw/cassavaleafdata/train/cbsd/train-cbsd-216.jpg,1
/var/scratch/adam/cassava-raw/cassavaleafdata/train/cbsd/train-cbsd-217.jpg,1
/var/scratch/adam/cassava-raw/cassavaleafdata/train/cbsd/train-cbsd-218.jpg,1
/var/scratch/adam/cassava-raw/cassavaleafdata/train/cbsd/train-cbsd-219.jpg,1
/var/scratch/adam/cassava-raw/cassavaleafdata/train/cbsd/train-cbsd-22.jpg,1
/var/scratch/adam/cassava-raw/cassavaleafdata/train/cbsd/train-cbsd-220.jpg,1
/var/scratch/adam/cassava-raw/cassavaleafdata/train/cbsd/train-cbsd-221.jpg,1
/var/scratch/adam/cassava-raw/cassavaleafdata/train/cbsd/train-cbsd-222.jpg,1
/var/scratch/adam/cassava-raw/cassavaleafdata/train/cbsd/train-cbsd-223.jpg,1
/var/scratch/adam/cassava-raw/cassavaleafdata/train/cbsd/train-cbsd-224.jpg,1
/var/scratch/adam/cassava-raw/cassavaleafdata/train/cbsd/train-cbsd-225.jpg,1
/var/scratch/adam/cassava-raw/cassavaleafdata/train/cbsd/train-cbsd-226.jpg,1
/var/scratch/adam/cassava-raw/cassavaleafdata/train/cbsd/train-cbsd-227.jpg,1
/var/scratch/adam/cassava-raw/cassavaleafdata/train/cbsd/train-cbsd-228.jpg,1
/var/scratch/adam/cassava-raw/cassavaleafdata/train/cbsd/train-cbsd-229.jpg,1
/var/scratch/adam/cassava-raw/cassavaleafdata/train/cbsd/train-cbsd-23.jpg,1
/var/scratch/adam/cassava-raw/cassavaleafdata/train/cbsd/train-cbsd-230.jpg,1
/var/scratch/adam/cassava-raw/cassavaleafdata/train/cbsd/train-cbsd-231.jpg,1
/var/scratch/adam/cassava-raw/cassavaleafdata/train/cbsd/train-cbsd-232.jpg,1
/var/scratch/adam/cassava-raw/cassavaleafdata/train/cbsd/train-cbsd-233.jpg,1
/var/scratch/adam/cassava-raw/cassavaleafdata/train/cbsd/train-cbsd-234.jpg,1
/var/scratch/adam/cassava-raw/cassavaleafdata/train/cbsd/train-cbsd-235.jpg,1
/var/scratch/adam/cassava-raw/cassavaleafdata/train/cbsd/train-cbsd-236.jpg,1
/var/scratch/adam/cassava-raw/cassavaleafdata/train/cbsd/train-cbsd-237.jpg,1
/var/scratch/adam/cassava-raw/cassavaleafdata/train/cbsd/train-cbsd-238.jpg,1
/var/scratch/adam/cassava-raw/cassavaleafdata/train/cbsd/train-cbsd-239.jpg,1
/var/scratch/adam/cassava-raw/cassavaleafdata/train/cbsd/train-cbsd-24.jpg,1
/var/scratch/adam/cassava-raw/cassavaleafdata/train/cbsd/train-cbsd-240.jpg,1
/var/scratch/adam/cassava-raw/cassavaleafdata/train/cbsd/train-cbsd-241.jpg,1
/var/scratch/adam/cassava-raw/cassavaleafdata/train/cbsd/train-cbsd-242.jpg,1
/var/scratch/adam/cassava-raw/cassavaleafdata/train/cbsd/train-cbsd-243.jpg,1
/var/scratch/adam/cassava-raw/cassavaleafdata/train/cbsd/train-cbsd-244.jpg,1
/var/scratch/adam/cassava-raw/cassavaleafdata/train/cbsd/train-cbsd-245.jpg,1
/var/scratch/adam/cassava-raw/cassavaleafdata/train/cbsd/train-cbsd-246.jpg,1
/var/scratch/adam/cassava-raw/cassavaleafdata/train/cbsd/train-cbsd-247.jpg,1
/var/scratch/adam/cassava-raw/cassavaleafdata/train/cbsd/train-cbsd-248.jpg,1
/var/scratch/adam/cassava-raw/cassavaleafdata/train/cbsd/train-cbsd-249.jpg,1
/var/scratch/adam/cassava-raw/cassavaleafdata/train/cbsd/train-cbsd-25.jpg,1
/var/scratch/adam/cassava-raw/cassavaleafdata/train/cbsd/train-cbsd-250.jpg,1
/var/scratch/adam/cassava-raw/cassavaleafdata/train/cbsd/train-cbsd-251.jpg,1
/var/scratch/adam/cassava-raw/cassavaleafdata/train/cbsd/train-cbsd-252.jpg,1
/var/scratch/adam/cassava-raw/cassavaleafdata/train/cbsd/train-cbsd-253.jpg,1
/var/scratch/adam/cassava-raw/cassavaleafdata/train/cbsd/train-cbsd-254.jpg,1
/var/scratch/adam/cassava-raw/cassavaleafdata/train/cbsd/train-cbsd-255.jpg,1
/var/scratch/adam/cassava-raw/cassavaleafdata/train/cbsd/train-cbsd-256.jpg,1
/var/scratch/adam/cassava-raw/cassavaleafdata/train/cbsd/train-cbsd-257.jpg,1
/var/scratch/adam/cassava-raw/cassavaleafdata/train/cbsd/train-cbsd-258.jpg,1
/var/scratch/adam/cassava-raw/cassavaleafdata/train/cbsd/train-cbsd-259.jpg,1
/var/scratch/adam/cassava-raw/cassavaleafdata/train/cbsd/train-cbsd-26.jpg,1
/var/scratch/adam/cassava-raw/cassavaleafdata/train/cbsd/train-cbsd-260.jpg,1
/var/scratch/adam/cassava-raw/cassavaleafdata/train/cbsd/train-cbsd-261.jpg,1
/var/scratch/adam/cassava-raw/cassavaleafdata/train/cbsd/train-cbsd-262.jpg,1
/var/scratch/adam/cassava-raw/cassavaleafdata/train/cbsd/train-cbsd-263.jpg,1
/var/scratch/adam/cassava-raw/cassavaleafdata/train/cbsd/train-cbsd-264.jpg,1
/var/scratch/adam/cassava-raw/cassavaleafdata/train/cbsd/train-cbsd-265.jpg,1
/var/scratch/adam/cassava-raw/cassavaleafdata/train/cbsd/train-cbsd-266.jpg,1
/var/scratch/adam/cassava-raw/cassavaleafdata/train/cbsd/train-cbsd-267.jpg,1
/var/scratch/adam/cassava-raw/cassavaleafdata/train/cbsd/train-cbsd-268.jpg,1
/var/scratch/adam/cassava-raw/cassavaleafdata/train/cbsd/train-cbsd-269.jpg,1
/var/scratch/adam/cassava-raw/cassavaleafdata/train/cbsd/train-cbsd-27.jpg,1
/var/scratch/adam/cassava-raw/cassavaleafdata/train/cbsd/train-cbsd-270.jpg,1
/var/scratch/adam/cassava-raw/cassavaleafdata/train/cbsd/train-cbsd-271.jpg,1
/var/scratch/adam/cassava-raw/cassavaleafdata/train/cbsd/train-cbsd-272.jpg,1
/var/scratch/adam/cassava-raw/cassavaleafdata/train/cbsd/train-cbsd-273.jpg,1
/var/scratch/adam/cassava-raw/cassavaleafdata/train/cbsd/train-cbsd-274.jpg,1
/var/scratch/adam/cassava-raw/cassavaleafdata/train/cbsd/train-cbsd-275.jpg,1
/var/scratch/adam/cassava-raw/cassavaleafdata/train/cbsd/train-cbsd-276.jpg,1
/var/scratch/adam/cassava-raw/cassavaleafdata/train/cbsd/train-cbsd-277.jpg,1
/var/scratch/adam/cassava-raw/cassavaleafdata/train/cbsd/train-cbsd-278.jpg,1
/var/scratch/adam/cassava-raw/cassavaleafdata/train/cbsd/train-cbsd-279.jpg,1
/var/scratch/adam/cassava-raw/cassavaleafdata/train/cbsd/train-cbsd-28.jpg,1
/var/scratch/adam/cassava-raw/cassavaleafdata/train/cbsd/train-cbsd-280.jpg,1
/var/scratch/adam/cassava-raw/cassavaleafdata/train/cbsd/train-cbsd-281.jpg,1
/var/scratch/adam/cassava-raw/cassavaleafdata/train/cbsd/train-cbsd-282.jpg,1
/var/scratch/adam/cassava-raw/cassavaleafdata/train/cbsd/train-cbsd-283.jpg,1
/var/scratch/adam/cassava-raw/cassavaleafdata/train/cbsd/train-cbsd-284.jpg,1
/var/scratch/adam/cassava-raw/cassavaleafdata/train/cbsd/train-cbsd-285.jpg,1
/var/scratch/adam/cassava-raw/cassavaleafdata/train/cbsd/train-cbsd-286.jpg,1
/var/scratch/adam/cassava-raw/cassavaleafdata/train/cbsd/train-cbsd-287.jpg,1
/var/scratch/adam/cassava-raw/cassavaleafdata/train/cbsd/train-cbsd-288.jpg,1
/var/scratch/adam/cassava-raw/cassavaleafdata/train/cbsd/train-cbsd-289.jpg,1
/var/scratch/adam/cassava-raw/cassavaleafdata/train/cbsd/train-cbsd-29.jpg,1
/var/scratch/adam/cassava-raw/cassavaleafdata/train/cbsd/train-cbsd-290.jpg,1
/var/scratch/adam/cassava-raw/cassavaleafdata/train/cbsd/train-cbsd-291.jpg,1
/var/scratch/adam/cassava-raw/cassavaleafdata/train/cbsd/train-cbsd-292.jpg,1
/var/scratch/adam/cassava-raw/cassavaleafdata/train/cbsd/train-cbsd-293.jpg,1
/var/scratch/adam/cassava-raw/cassavaleafdata/train/cbsd/train-cbsd-294.jpg,1
/var/scratch/adam/cassava-raw/cassavaleafdata/train/cbsd/train-cbsd-295.jpg,1
/var/scratch/adam/cassava-raw/cassavaleafdata/train/cbsd/train-cbsd-296.jpg,1
/var/scratch/adam/cassava-raw/cassavaleafdata/train/cbsd/train-cbsd-297.jpg,1
/var/scratch/adam/cassava-raw/cassavaleafdata/train/cbsd/train-cbsd-298.jpg,1
/var/scratch/adam/cassava-raw/cassavaleafdata/train/cbsd/train-cbsd-299.jpg,1
/var/scratch/adam/cassava-raw/cassavaleafdata/train/cbsd/train-cbsd-3.jpg,1
/var/scratch/adam/cassava-raw/cassavaleafdata/train/cbsd/train-cbsd-30.jpg,1
/var/scratch/adam/cassava-raw/cassavaleafdata/train/cbsd/train-cbsd-300.jpg,1
/var/scratch/adam/cassava-raw/cassavaleafdata/train/cbsd/train-cbsd-301.jpg,1
/var/scratch/adam/cassava-raw/cassavaleafdata/train/cbsd/train-cbsd-302.jpg,1
/var/scratch/adam/cassava-raw/cassavaleafdata/train/cbsd/train-cbsd-303.jpg,1
/var/scratch/adam/cassava-raw/cassavaleafdata/train/cbsd/train-cbsd-304.jpg,1
/var/scratch/adam/cassava-raw/cassavaleafdata/train/cbsd/train-cbsd-305.jpg,1
/var/scratch/adam/cassava-raw/cassavaleafdata/train/cbsd/train-cbsd-306.jpg,1
/var/scratch/adam/cassava-raw/cassavaleafdata/train/cbsd/train-cbsd-307.jpg,1
/var/scratch/adam/cassava-raw/cassavaleafdata/train/cbsd/train-cbsd-308.jpg,1
/var/scratch/adam/cassava-raw/cassavaleafdata/train/cbsd/train-cbsd-309.jpg,1
/var/scratch/adam/cassava-raw/cassavaleafdata/train/cbsd/train-cbsd-31.jpg,1
/var/scratch/adam/cassava-raw/cassavaleafdata/train/cbsd/train-cbsd-310.jpg,1
/var/scratch/adam/cassava-raw/cassavaleafdata/train/cbsd/train-cbsd-311.jpg,1
/var/scratch/adam/cassava-raw/cassavaleafdata/train/cbsd/train-cbsd-312.jpg,1
/var/scratch/adam/cassava-raw/cassavaleafdata/train/cbsd/train-cbsd-313.jpg,1
/var/scratch/adam/cassava-raw/cassavaleafdata/train/cbsd/train-cbsd-314.jpg,1
/var/scratch/adam/cassava-raw/cassavaleafdata/train/cbsd/train-cbsd-315.jpg,1
/var/scratch/adam/cassava-raw/cassavaleafdata/train/cbsd/train-cbsd-316.jpg,1
/var/scratch/adam/cassava-raw/cassavaleafdata/train/cbsd/train-cbsd-317.jpg,1
/var/scratch/adam/cassava-raw/cassavaleafdata/train/cbsd/train-cbsd-318.jpg,1
/var/scratch/adam/cassava-raw/cassavaleafdata/train/cbsd/train-cbsd-319.jpg,1
/var/scratch/adam/cassava-raw/cassavaleafdata/train/cbsd/train-cbsd-32.jpg,1
/var/scratch/adam/cassava-raw/cassavaleafdata/train/cbsd/train-cbsd-320.jpg,1
/var/scratch/adam/cassava-raw/cassavaleafdata/train/cbsd/train-cbsd-321.jpg,1
/var/scratch/adam/cassava-raw/cassavaleafdata/train/cbsd/train-cbsd-322.jpg,1
/var/scratch/adam/cassava-raw/cassavaleafdata/train/cbsd/train-cbsd-323.jpg,1
/var/scratch/adam/cassava-raw/cassavaleafdata/train/cbsd/train-cbsd-324.jpg,1
/var/scratch/adam/cassava-raw/cassavaleafdata/train/cbsd/train-cbsd-325.jpg,1
/var/scratch/adam/cassava-raw/cassavaleafdata/train/cbsd/train-cbsd-326.jpg,1
/var/scratch/adam/cassava-raw/cassavaleafdata/train/cbsd/train-cbsd-327.jpg,1
/var/scratch/adam/cassava-raw/cassavaleafdata/train/cbsd/train-cbsd-328.jpg,1
/var/scratch/adam/cassava-raw/cassavaleafdata/train/cbsd/train-cbsd-329.jpg,1
/var/scratch/adam/cassava-raw/cassavaleafdata/train/cbsd/train-cbsd-33.jpg,1
/var/scratch/adam/cassava-raw/cassavaleafdata/train/cbsd/train-cbsd-330.jpg,1
/var/scratch/adam/cassava-raw/cassavaleafdata/train/cbsd/train-cbsd-331.jpg,1
/var/scratch/adam/cassava-raw/cassavaleafdata/train/cbsd/train-cbsd-332.jpg,1
/var/scratch/adam/cassava-raw/cassavaleafdata/train/cbsd/train-cbsd-333.jpg,1
/var/scratch/adam/cassava-raw/cassavaleafdata/train/cbsd/train-cbsd-334.jpg,1
/var/scratch/adam/cassava-raw/cassavaleafdata/train/cbsd/train-cbsd-335.jpg,1
/var/scratch/adam/cassava-raw/cassavaleafdata/train/cbsd/train-cbsd-336.jpg,1
/var/scratch/adam/cassava-raw/cassavaleafdata/train/cbsd/train-cbsd-337.jpg,1
/var/scratch/adam/cassava-raw/cassavaleafdata/train/cbsd/train-cbsd-338.jpg,1
/var/scratch/adam/cassava-raw/cassavaleafdata/train/cbsd/train-cbsd-339.jpg,1
/var/scratch/adam/cassava-raw/cassavaleafdata/train/cbsd/train-cbsd-34.jpg,1
/var/scratch/adam/cassava-raw/cassavaleafdata/train/cbsd/train-cbsd-340.jpg,1
/var/scratch/adam/cassava-raw/cassavaleafdata/train/cbsd/train-cbsd-341.jpg,1
/var/scratch/adam/cassava-raw/cassavaleafdata/train/cbsd/train-cbsd-342.jpg,1
/var/scratch/adam/cassava-raw/cassavaleafdata/train/cbsd/train-cbsd-343.jpg,1
/var/scratch/adam/cassava-raw/cassavaleafdata/train/cbsd/train-cbsd-344.jpg,1
/var/scratch/adam/cassava-raw/cassavaleafdata/train/cbsd/train-cbsd-345.jpg,1
/var/scratch/adam/cassava-raw/cassavaleafdata/train/cbsd/train-cbsd-346.jpg,1
/var/scratch/adam/cassava-raw/cassavaleafdata/train/cbsd/train-cbsd-347.jpg,1
/var/scratch/adam/cassava-raw/cassavaleafdata/train/cbsd/train-cbsd-348.jpg,1
/var/scratch/adam/cassava-raw/cassavaleafdata/train/cbsd/train-cbsd-349.jpg,1
/var/scratch/adam/cassava-raw/cassavaleafdata/train/cbsd/train-cbsd-35.jpg,1
/var/scratch/adam/cassava-raw/cassavaleafdata/train/cbsd/train-cbsd-350.jpg,1
/var/scratch/adam/cassava-raw/cassavaleafdata/train/cbsd/train-cbsd-351.jpg,1
/var/scratch/adam/cassava-raw/cassavaleafdata/train/cbsd/train-cbsd-352.jpg,1
/var/scratch/adam/cassava-raw/cassavaleafdata/train/cbsd/train-cbsd-353.jpg,1
/var/scratch/adam/cassava-raw/cassavaleafdata/train/cbsd/train-cbsd-354.jpg,1
/var/scratch/adam/cassava-raw/cassavaleafdata/train/cbsd/train-cbsd-355.jpg,1
/var/scratch/adam/cassava-raw/cassavaleafdata/train/cbsd/train-cbsd-356.jpg,1
/var/scratch/adam/cassava-raw/cassavaleafdata/train/cbsd/train-cbsd-357.jpg,1
/var/scratch/adam/cassava-raw/cassavaleafdata/train/cbsd/train-cbsd-358.jpg,1
/var/scratch/adam/cassava-raw/cassavaleafdata/train/cbsd/train-cbsd-359.jpg,1
/var/scratch/adam/cassava-raw/cassavaleafdata/train/cbsd/train-cbsd-36.jpg,1
/var/scratch/adam/cassava-raw/cassavaleafdata/train/cbsd/train-cbsd-360.jpg,1
/var/scratch/adam/cassava-raw/cassavaleafdata/train/cbsd/train-cbsd-361.jpg,1
/var/scratch/adam/cassava-raw/cassavaleafdata/train/cbsd/train-cbsd-362.jpg,1
/var/scratch/adam/cassava-raw/cassavaleafdata/train/cbsd/train-cbsd-363.jpg,1
/var/scratch/adam/cassava-raw/cassavaleafdata/train/cbsd/train-cbsd-364.jpg,1
/var/scratch/adam/cassava-raw/cassavaleafdata/train/cbsd/train-cbsd-365.jpg,1
/var/scratch/adam/cassava-raw/cassavaleafdata/train/cbsd/train-cbsd-366.jpg,1
/var/scratch/adam/cassava-raw/cassavaleafdata/train/cbsd/train-cbsd-367.jpg,1
/var/scratch/adam/cassava-raw/cassavaleafdata/train/cbsd/train-cbsd-368.jpg,1
/var/scratch/adam/cassava-raw/cassavaleafdata/train/cbsd/train-cbsd-369.jpg,1
/var/scratch/adam/cassava-raw/cassavaleafdata/train/cbsd/train-cbsd-37.jpg,1
/var/scratch/adam/cassava-raw/cassavaleafdata/train/cbsd/train-cbsd-370.jpg,1
/var/scratch/adam/cassava-raw/cassavaleafdata/train/cbsd/train-cbsd-371.jpg,1
/var/scratch/adam/cassava-raw/cassavaleafdata/train/cbsd/train-cbsd-372.jpg,1
/var/scratch/adam/cassava-raw/cassavaleafdata/train/cbsd/train-cbsd-373.jpg,1
/var/scratch/adam/cassava-raw/cassavaleafdata/train/cbsd/train-cbsd-374.jpg,1
/var/scratch/adam/cassava-raw/cassavaleafdata/train/cbsd/train-cbsd-375.jpg,1
/var/scratch/adam/cassava-raw/cassavaleafdata/train/cbsd/train-cbsd-376.jpg,1
/var/scratch/adam/cassava-raw/cassavaleafdata/train/cbsd/train-cbsd-377.jpg,1
/var/scratch/adam/cassava-raw/cassavaleafdata/train/cbsd/train-cbsd-378.jpg,1
/var/scratch/adam/cassava-raw/cassavaleafdata/train/cbsd/train-cbsd-379.jpg,1
/var/scratch/adam/cassava-raw/cassavaleafdata/train/cbsd/train-cbsd-38.jpg,1
/var/scratch/adam/cassava-raw/cassavaleafdata/train/cbsd/train-cbsd-380.jpg,1
/var/scratch/adam/cassava-raw/cassavaleafdata/train/cbsd/train-cbsd-381.jpg,1
/var/scratch/adam/cassava-raw/cassavaleafdata/train/cbsd/train-cbsd-382.jpg,1
/var/scratch/adam/cassava-raw/cassavaleafdata/train/cbsd/train-cbsd-383.jpg,1
/var/scratch/adam/cassava-raw/cassavaleafdata/train/cbsd/train-cbsd-384.jpg,1
/var/scratch/adam/cassava-raw/cassavaleafdata/train/cbsd/train-cbsd-385.jpg,1
/var/scratch/adam/cassava-raw/cassavaleafdata/train/cbsd/train-cbsd-386.jpg,1
/var/scratch/adam/cassava-raw/cassavaleafdata/train/cbsd/train-cbsd-387.jpg,1
/var/scratch/adam/cassava-raw/cassavaleafdata/train/cbsd/train-cbsd-388.jpg,1
/var/scratch/adam/cassava-raw/cassavaleafdata/train/cbsd/train-cbsd-389.jpg,1
/var/scratch/adam/cassava-raw/cassavaleafdata/train/cbsd/train-cbsd-39.jpg,1
/var/scratch/adam/cassava-raw/cassavaleafdata/train/cbsd/train-cbsd-390.jpg,1
/var/scratch/adam/cassava-raw/cassavaleafdata/train/cbsd/train-cbsd-391.jpg,1
/var/scratch/adam/cassava-raw/cassavaleafdata/train/cbsd/train-cbsd-392.jpg,1
/var/scratch/adam/cassava-raw/cassavaleafdata/train/cbsd/train-cbsd-393.jpg,1
/var/scratch/adam/cassava-raw/cassavaleafdata/train/cbsd/train-cbsd-394.jpg,1
/var/scratch/adam/cassava-raw/cassavaleafdata/train/cbsd/train-cbsd-395.jpg,1
/var/scratch/adam/cassava-raw/cassavaleafdata/train/cbsd/train-cbsd-396.jpg,1
/var/scratch/adam/cassava-raw/cassavaleafdata/train/cbsd/train-cbsd-397.jpg,1
/var/scratch/adam/cassava-raw/cassavaleafdata/train/cbsd/train-cbsd-398.jpg,1
/var/scratch/adam/cassava-raw/cassavaleafdata/train/cbsd/train-cbsd-399.jpg,1
/var/scratch/adam/cassava-raw/cassavaleafdata/train/cbsd/train-cbsd-4.jpg,1
/var/scratch/adam/cassava-raw/cassavaleafdata/train/cbsd/train-cbsd-40.jpg,1
/var/scratch/adam/cassava-raw/cassavaleafdata/train/cbsd/train-cbsd-400.jpg,1
/var/scratch/adam/cassava-raw/cassavaleafdata/train/cbsd/train-cbsd-401.jpg,1
/var/scratch/adam/cassava-raw/cassavaleafdata/train/cbsd/train-cbsd-402.jpg,1
/var/scratch/adam/cassava-raw/cassavaleafdata/train/cbsd/train-cbsd-403.jpg,1
/var/scratch/adam/cassava-raw/cassavaleafdata/train/cbsd/train-cbsd-404.jpg,1
/var/scratch/adam/cassava-raw/cassavaleafdata/train/cbsd/train-cbsd-405.jpg,1
/var/scratch/adam/cassava-raw/cassavaleafdata/train/cbsd/train-cbsd-406.jpg,1
/var/scratch/adam/cassava-raw/cassavaleafdata/train/cbsd/train-cbsd-407.jpg,1
/var/scratch/adam/cassava-raw/cassavaleafdata/train/cbsd/train-cbsd-408.jpg,1
/var/scratch/adam/cassava-raw/cassavaleafdata/train/cbsd/train-cbsd-409.jpg,1
/var/scratch/adam/cassava-raw/cassavaleafdata/train/cbsd/train-cbsd-41.jpg,1
/var/scratch/adam/cassava-raw/cassavaleafdata/train/cbsd/train-cbsd-410.jpg,1
/var/scratch/adam/cassava-raw/cassavaleafdata/train/cbsd/train-cbsd-411.jpg,1
/var/scratch/adam/cassava-raw/cassavaleafdata/train/cbsd/train-cbsd-412.jpg,1
/var/scratch/adam/cassava-raw/cassavaleafdata/train/cbsd/train-cbsd-413.jpg,1
/var/scratch/adam/cassava-raw/cassavaleafdata/train/cbsd/train-cbsd-414.jpg,1
/var/scratch/adam/cassava-raw/cassavaleafdata/train/cbsd/train-cbsd-415.jpg,1
/var/scratch/adam/cassava-raw/cassavaleafdata/train/cbsd/train-cbsd-416.jpg,1
/var/scratch/adam/cassava-raw/cassavaleafdata/train/cbsd/train-cbsd-417.jpg,1
/var/scratch/adam/cassava-raw/cassavaleafdata/train/cbsd/train-cbsd-418.jpg,1
/var/scratch/adam/cassava-raw/cassavaleafdata/train/cbsd/train-cbsd-419.jpg,1
/var/scratch/adam/cassava-raw/cassavaleafdata/train/cbsd/train-cbsd-42.jpg,1
/var/scratch/adam/cassava-raw/cassavaleafdata/train/cbsd/train-cbsd-420.jpg,1
/var/scratch/adam/cassava-raw/cassavaleafdata/train/cbsd/train-cbsd-421.jpg,1
/var/scratch/adam/cassava-raw/cassavaleafdata/train/cbsd/train-cbsd-422.jpg,1
/var/scratch/adam/cassava-raw/cassavaleafdata/train/cbsd/train-cbsd-423.jpg,1
/var/scratch/adam/cassava-raw/cassavaleafdata/train/cbsd/train-cbsd-424.jpg,1
/var/scratch/adam/cassava-raw/cassavaleafdata/train/cbsd/train-cbsd-425.jpg,1
/var/scratch/adam/cassava-raw/cassavaleafdata/train/cbsd/train-cbsd-426.jpg,1
/var/scratch/adam/cassava-raw/cassavaleafdata/train/cbsd/train-cbsd-427.jpg,1
/var/scratch/adam/cassava-raw/cassavaleafdata/train/cbsd/train-cbsd-428.jpg,1
/var/scratch/adam/cassava-raw/cassavaleafdata/train/cbsd/train-cbsd-429.jpg,1
/var/scratch/adam/cassava-raw/cassavaleafdata/train/cbsd/train-cbsd-43.jpg,1
/var/scratch/adam/cassava-raw/cassavaleafdata/train/cbsd/train-cbsd-430.jpg,1
/var/scratch/adam/cassava-raw/cassavaleafdata/train/cbsd/train-cbsd-431.jpg,1
/var/scratch/adam/cassava-raw/cassavaleafdata/train/cbsd/train-cbsd-432.jpg,1
/var/scratch/adam/cassava-raw/cassavaleafdata/train/cbsd/train-cbsd-433.jpg,1
/var/scratch/adam/cassava-raw/cassavaleafdata/train/cbsd/train-cbsd-434.jpg,1
/var/scratch/adam/cassava-raw/cassavaleafdata/train/cbsd/train-cbsd-435.jpg,1
/var/scratch/adam/cassava-raw/cassavaleafdata/train/cbsd/train-cbsd-436.jpg,1
/var/scratch/adam/cassava-raw/cassavaleafdata/train/cbsd/train-cbsd-437.jpg,1
/var/scratch/adam/cassava-raw/cassavaleafdata/train/cbsd/train-cbsd-438.jpg,1
/var/scratch/adam/cassava-raw/cassavaleafdata/train/cbsd/train-cbsd-439.jpg,1
/var/scratch/adam/cassava-raw/cassavaleafdata/train/cbsd/train-cbsd-44.jpg,1
/var/scratch/adam/cassava-raw/cassavaleafdata/train/cbsd/train-cbsd-440.jpg,1
/var/scratch/adam/cassava-raw/cassavaleafdata/train/cbsd/train-cbsd-441.jpg,1
/var/scratch/adam/cassava-raw/cassavaleafdata/train/cbsd/train-cbsd-442.jpg,1
/var/scratch/adam/cassava-raw/cassavaleafdata/train/cbsd/train-cbsd-443.jpg,1
/var/scratch/adam/cassava-raw/cassavaleafdata/train/cbsd/train-cbsd-444.jpg,1
/var/scratch/adam/cassava-raw/cassavaleafdata/train/cbsd/train-cbsd-445.jpg,1
/var/scratch/adam/cassava-raw/cassavaleafdata/train/cbsd/train-cbsd-446.jpg,1
/var/scratch/adam/cassava-raw/cassavaleafdata/train/cbsd/train-cbsd-447.jpg,1
/var/scratch/adam/cassava-raw/cassavaleafdata/train/cbsd/train-cbsd-448.jpg,1
/var/scratch/adam/cassava-raw/cassavaleafdata/train/cbsd/train-cbsd-449.jpg,1
/var/scratch/adam/cassava-raw/cassavaleafdata/train/cbsd/train-cbsd-45.jpg,1
/var/scratch/adam/cassava-raw/cassavaleafdata/train/cbsd/train-cbsd-450.jpg,1
/var/scratch/adam/cassava-raw/cassavaleafdata/train/cbsd/train-cbsd-451.jpg,1
/var/scratch/adam/cassava-raw/cassavaleafdata/train/cbsd/train-cbsd-452.jpg,1
/var/scratch/adam/cassava-raw/cassavaleafdata/train/cbsd/train-cbsd-453.jpg,1
/var/scratch/adam/cassava-raw/cassavaleafdata/train/cbsd/train-cbsd-454.jpg,1
/var/scratch/adam/cassava-raw/cassavaleafdata/train/cbsd/train-cbsd-455.jpg,1
/var/scratch/adam/cassava-raw/cassavaleafdata/train/cbsd/train-cbsd-456.jpg,1
/var/scratch/adam/cassava-raw/cassavaleafdata/train/cbsd/train-cbsd-457.jpg,1
/var/scratch/adam/cassava-raw/cassavaleafdata/train/cbsd/train-cbsd-458.jpg,1
/var/scratch/adam/cassava-raw/cassavaleafdata/train/cbsd/train-cbsd-459.jpg,1
/var/scratch/adam/cassava-raw/cassavaleafdata/train/cbsd/train-cbsd-46.jpg,1
/var/scratch/adam/cassava-raw/cassavaleafdata/train/cbsd/train-cbsd-460.jpg,1
/var/scratch/adam/cassava-raw/cassavaleafdata/train/cbsd/train-cbsd-461.jpg,1
/var/scratch/adam/cassava-raw/cassavaleafdata/train/cbsd/train-cbsd-462.jpg,1
/var/scratch/adam/cassava-raw/cassavaleafdata/train/cbsd/train-cbsd-463.jpg,1
/var/scratch/adam/cassava-raw/cassavaleafdata/train/cbsd/train-cbsd-464.jpg,1
/var/scratch/adam/cassava-raw/cassavaleafdata/train/cbsd/train-cbsd-465.jpg,1
/var/scratch/adam/cassava-raw/cassavaleafdata/train/cbsd/train-cbsd-466.jpg,1
/var/scratch/adam/cassava-raw/cassavaleafdata/train/cbsd/train-cbsd-467.jpg,1
/var/scratch/adam/cassava-raw/cassavaleafdata/train/cbsd/train-cbsd-468.jpg,1
/var/scratch/adam/cassava-raw/cassavaleafdata/train/cbsd/train-cbsd-469.jpg,1
/var/scratch/adam/cassava-raw/cassavaleafdata/train/cbsd/train-cbsd-47.jpg,1
/var/scratch/adam/cassava-raw/cassavaleafdata/train/cbsd/train-cbsd-470.jpg,1
/var/scratch/adam/cassava-raw/cassavaleafdata/train/cbsd/train-cbsd-471.jpg,1
/var/scratch/adam/cassava-raw/cassavaleafdata/train/cbsd/train-cbsd-472.jpg,1
/var/scratch/adam/cassava-raw/cassavaleafdata/train/cbsd/train-cbsd-473.jpg,1
/var/scratch/adam/cassava-raw/cassavaleafdata/train/cbsd/train-cbsd-474.jpg,1
/var/scratch/adam/cassava-raw/cassavaleafdata/train/cbsd/train-cbsd-475.jpg,1
/var/scratch/adam/cassava-raw/cassavaleafdata/train/cbsd/train-cbsd-476.jpg,1
/var/scratch/adam/cassava-raw/cassavaleafdata/train/cbsd/train-cbsd-477.jpg,1
/var/scratch/adam/cassava-raw/cassavaleafdata/train/cbsd/train-cbsd-478.jpg,1
/var/scratch/adam/cassava-raw/cassavaleafdata/train/cbsd/train-cbsd-479.jpg,1
/var/scratch/adam/cassava-raw/cassavaleafdata/train/cbsd/train-cbsd-48.jpg,1
/var/scratch/adam/cassava-raw/cassavaleafdata/train/cbsd/train-cbsd-480.jpg,1
/var/scratch/adam/cassava-raw/cassavaleafdata/train/cbsd/train-cbsd-481.jpg,1
/var/scratch/adam/cassava-raw/cassavaleafdata/train/cbsd/train-cbsd-482.jpg,1
/var/scratch/adam/cassava-raw/cassavaleafdata/train/cbsd/train-cbsd-483.jpg,1
/var/scratch/adam/cassava-raw/cassavaleafdata/train/cbsd/train-cbsd-484.jpg,1
/var/scratch/adam/cassava-raw/cassavaleafdata/train/cbsd/train-cbsd-485.jpg,1
/var/scratch/adam/cassava-raw/cassavaleafdata/train/cbsd/train-cbsd-486.jpg,1
/var/scratch/adam/cassava-raw/cassavaleafdata/train/cbsd/train-cbsd-487.jpg,1
/var/scratch/adam/cassava-raw/cassavaleafdata/train/cbsd/train-cbsd-488.jpg,1
/var/scratch/adam/cassava-raw/cassavaleafdata/train/cbsd/train-cbsd-489.jpg,1
/var/scratch/adam/cassava-raw/cassavaleafdata/train/cbsd/train-cbsd-49.jpg,1
/var/scratch/adam/cassava-raw/cassavaleafdata/train/cbsd/train-cbsd-490.jpg,1
/var/scratch/adam/cassava-raw/cassavaleafdata/train/cbsd/train-cbsd-491.jpg,1
/var/scratch/adam/cassava-raw/cassavaleafdata/train/cbsd/train-cbsd-492.jpg,1
/var/scratch/adam/cassava-raw/cassavaleafdata/train/cbsd/train-cbsd-493.jpg,1
/var/scratch/adam/cassava-raw/cassavaleafdata/train/cbsd/train-cbsd-494.jpg,1
/var/scratch/adam/cassava-raw/cassavaleafdata/train/cbsd/train-cbsd-495.jpg,1
/var/scratch/adam/cassava-raw/cassavaleafdata/train/cbsd/train-cbsd-496.jpg,1
/var/scratch/adam/cassava-raw/cassavaleafdata/train/cbsd/train-cbsd-497.jpg,1
/var/scratch/adam/cassava-raw/cassavaleafdata/train/cbsd/train-cbsd-498.jpg,1
/var/scratch/adam/cassava-raw/cassavaleafdata/train/cbsd/train-cbsd-499.jpg,1
/var/scratch/adam/cassava-raw/cassavaleafdata/train/cbsd/train-cbsd-5.jpg,1
/var/scratch/adam/cassava-raw/cassavaleafdata/train/cbsd/train-cbsd-50.jpg,1
/var/scratch/adam/cassava-raw/cassavaleafdata/train/cbsd/train-cbsd-500.jpg,1
/var/scratch/adam/cassava-raw/cassavaleafdata/train/cbsd/train-cbsd-501.jpg,1
/var/scratch/adam/cassava-raw/cassavaleafdata/train/cbsd/train-cbsd-502.jpg,1
/var/scratch/adam/cassava-raw/cassavaleafdata/train/cbsd/train-cbsd-503.jpg,1
/var/scratch/adam/cassava-raw/cassavaleafdata/train/cbsd/train-cbsd-504.jpg,1
/var/scratch/adam/cassava-raw/cassavaleafdata/train/cbsd/train-cbsd-505.jpg,1
/var/scratch/adam/cassava-raw/cassavaleafdata/train/cbsd/train-cbsd-506.jpg,1
/var/scratch/adam/cassava-raw/cassavaleafdata/train/cbsd/train-cbsd-507.jpg,1
/var/scratch/adam/cassava-raw/cassavaleafdata/train/cbsd/train-cbsd-508.jpg,1
/var/scratch/adam/cassava-raw/cassavaleafdata/train/cbsd/train-cbsd-509.jpg,1
/var/scratch/adam/cassava-raw/cassavaleafdata/train/cbsd/train-cbsd-51.jpg,1
/var/scratch/adam/cassava-raw/cassavaleafdata/train/cbsd/train-cbsd-510.jpg,1
/var/scratch/adam/cassava-raw/cassavaleafdata/train/cbsd/train-cbsd-511.jpg,1
/var/scratch/adam/cassava-raw/cassavaleafdata/train/cbsd/train-cbsd-512.jpg,1
/var/scratch/adam/cassava-raw/cassavaleafdata/train/cbsd/train-cbsd-513.jpg,1
/var/scratch/adam/cassava-raw/cassavaleafdata/train/cbsd/train-cbsd-514.jpg,1
/var/scratch/adam/cassava-raw/cassavaleafdata/train/cbsd/train-cbsd-515.jpg,1
/var/scratch/adam/cassava-raw/cassavaleafdata/train/cbsd/train-cbsd-516.jpg,1
/var/scratch/adam/cassava-raw/cassavaleafdata/train/cbsd/train-cbsd-517.jpg,1
/var/scratch/adam/cassava-raw/cassavaleafdata/train/cbsd/train-cbsd-518.jpg,1
/var/scratch/adam/cassava-raw/cassavaleafdata/train/cbsd/train-cbsd-519.jpg,1
/var/scratch/adam/cassava-raw/cassavaleafdata/train/cbsd/train-cbsd-52.jpg,1
/var/scratch/adam/cassava-raw/cassavaleafdata/train/cbsd/train-cbsd-520.jpg,1
/var/scratch/adam/cassava-raw/cassavaleafdata/train/cbsd/train-cbsd-521.jpg,1
/var/scratch/adam/cassava-raw/cassavaleafdata/train/cbsd/train-cbsd-522.jpg,1
/var/scratch/adam/cassava-raw/cassavaleafdata/train/cbsd/train-cbsd-523.jpg,1
/var/scratch/adam/cassava-raw/cassavaleafdata/train/cbsd/train-cbsd-524.jpg,1
/var/scratch/adam/cassava-raw/cassavaleafdata/train/cbsd/train-cbsd-525.jpg,1
/var/scratch/adam/cassava-raw/cassavaleafdata/train/cbsd/train-cbsd-526.jpg,1
/var/scratch/adam/cassava-raw/cassavaleafdata/train/cbsd/train-cbsd-527.jpg,1
/var/scratch/adam/cassava-raw/cassavaleafdata/train/cbsd/train-cbsd-528.jpg,1
/var/scratch/adam/cassava-raw/cassavaleafdata/train/cbsd/train-cbsd-529.jpg,1
/var/scratch/adam/cassava-raw/cassavaleafdata/train/cbsd/train-cbsd-53.jpg,1
/var/scratch/adam/cassava-raw/cassavaleafdata/train/cbsd/train-cbsd-530.jpg,1
/var/scratch/adam/cassava-raw/cassavaleafdata/train/cbsd/train-cbsd-531.jpg,1
/var/scratch/adam/cassava-raw/cassavaleafdata/train/cbsd/train-cbsd-532.jpg,1
/var/scratch/adam/cassava-raw/cassavaleafdata/train/cbsd/train-cbsd-533.jpg,1
/var/scratch/adam/cassava-raw/cassavaleafdata/train/cbsd/train-cbsd-534.jpg,1
/var/scratch/adam/cassava-raw/cassavaleafdata/train/cbsd/train-cbsd-535.jpg,1
/var/scratch/adam/cassava-raw/cassavaleafdata/train/cbsd/train-cbsd-536.jpg,1
/var/scratch/adam/cassava-raw/cassavaleafdata/train/cbsd/train-cbsd-537.jpg,1
/var/scratch/adam/cassava-raw/cassavaleafdata/train/cbsd/train-cbsd-538.jpg,1
/var/scratch/adam/cassava-raw/cassavaleafdata/train/cbsd/train-cbsd-539.jpg,1
/var/scratch/adam/cassava-raw/cassavaleafdata/train/cbsd/train-cbsd-54.jpg,1
/var/scratch/adam/cassava-raw/cassavaleafdata/train/cbsd/train-cbsd-540.jpg,1
/var/scratch/adam/cassava-raw/cassavaleafdata/train/cbsd/train-cbsd-541.jpg,1
/var/scratch/adam/cassava-raw/cassavaleafdata/train/cbsd/train-cbsd-542.jpg,1
/var/scratch/adam/cassava-raw/cassavaleafdata/train/cbsd/train-cbsd-543.jpg,1
/var/scratch/adam/cassava-raw/cassavaleafdata/train/cbsd/train-cbsd-544.jpg,1
/var/scratch/adam/cassava-raw/cassavaleafdata/train/cbsd/train-cbsd-545.jpg,1
/var/scratch/adam/cassava-raw/cassavaleafdata/train/cbsd/train-cbsd-546.jpg,1
/var/scratch/adam/cassava-raw/cassavaleafdata/train/cbsd/train-cbsd-547.jpg,1
/var/scratch/adam/cassava-raw/cassavaleafdata/train/cbsd/train-cbsd-548.jpg,1
/var/scratch/adam/cassava-raw/cassavaleafdata/train/cbsd/train-cbsd-549.jpg,1
/var/scratch/adam/cassava-raw/cassavaleafdata/train/cbsd/train-cbsd-55.jpg,1
/var/scratch/adam/cassava-raw/cassavaleafdata/train/cbsd/train-cbsd-550.jpg,1
/var/scratch/adam/cassava-raw/cassavaleafdata/train/cbsd/train-cbsd-551.jpg,1
/var/scratch/adam/cassava-raw/cassavaleafdata/train/cbsd/train-cbsd-552.jpg,1
/var/scratch/adam/cassava-raw/cassavaleafdata/train/cbsd/train-cbsd-553.jpg,1
/var/scratch/adam/cassava-raw/cassavaleafdata/train/cbsd/train-cbsd-554.jpg,1
/var/scratch/adam/cassava-raw/cassavaleafdata/train/cbsd/train-cbsd-555.jpg,1
/var/scratch/adam/cassava-raw/cassavaleafdata/train/cbsd/train-cbsd-556.jpg,1
/var/scratch/adam/cassava-raw/cassavaleafdata/train/cbsd/train-cbsd-557.jpg,1
/var/scratch/adam/cassava-raw/cassavaleafdata/train/cbsd/train-cbsd-558.jpg,1
/var/scratch/adam/cassava-raw/cassavaleafdata/train/cbsd/train-cbsd-559.jpg,1
/var/scratch/adam/cassava-raw/cassavaleafdata/train/cbsd/train-cbsd-56.jpg,1
/var/scratch/adam/cassava-raw/cassavaleafdata/train/cbsd/train-cbsd-560.jpg,1
/var/scratch/adam/cassava-raw/cassavaleafdata/train/cbsd/train-cbsd-561.jpg,1
/var/scratch/adam/cassava-raw/cassavaleafdata/train/cbsd/train-cbsd-562.jpg,1
/var/scratch/adam/cassava-raw/cassavaleafdata/train/cbsd/train-cbsd-563.jpg,1
/var/scratch/adam/cassava-raw/cassavaleafdata/train/cbsd/train-cbsd-564.jpg,1
/var/scratch/adam/cassava-raw/cassavaleafdata/train/cbsd/train-cbsd-565.jpg,1
/var/scratch/adam/cassava-raw/cassavaleafdata/train/cbsd/train-cbsd-566.jpg,1
/var/scratch/adam/cassava-raw/cassavaleafdata/train/cbsd/train-cbsd-567.jpg,1
/var/scratch/adam/cassava-raw/cassavaleafdata/train/cbsd/train-cbsd-568.jpg,1
/var/scratch/adam/cassava-raw/cassavaleafdata/train/cbsd/train-cbsd-569.jpg,1
/var/scratch/adam/cassava-raw/cassavaleafdata/train/cbsd/train-cbsd-57.jpg,1
/var/scratch/adam/cassava-raw/cassavaleafdata/train/cbsd/train-cbsd-570.jpg,1
/var/scratch/adam/cassava-raw/cassavaleafdata/train/cbsd/train-cbsd-571.jpg,1
/var/scratch/adam/cassava-raw/cassavaleafdata/train/cbsd/train-cbsd-572.jpg,1
/var/scratch/adam/cassava-raw/cassavaleafdata/train/cbsd/train-cbsd-573.jpg,1
/var/scratch/adam/cassava-raw/cassavaleafdata/train/cbsd/train-cbsd-574.jpg,1
/var/scratch/adam/cassava-raw/cassavaleafdata/train/cbsd/train-cbsd-575.jpg,1
/var/scratch/adam/cassava-raw/cassavaleafdata/train/cbsd/train-cbsd-576.jpg,1
/var/scratch/adam/cassava-raw/cassavaleafdata/train/cbsd/train-cbsd-577.jpg,1
/var/scratch/adam/cassava-raw/cassavaleafdata/train/cbsd/train-cbsd-578.jpg,1
/var/scratch/adam/cassava-raw/cassavaleafdata/train/cbsd/train-cbsd-579.jpg,1
/var/scratch/adam/cassava-raw/cassavaleafdata/train/cbsd/train-cbsd-58.jpg,1
/var/scratch/adam/cassava-raw/cassavaleafdata/train/cbsd/train-cbsd-580.jpg,1
/var/scratch/adam/cassava-raw/cassavaleafdata/train/cbsd/train-cbsd-581.jpg,1
/var/scratch/adam/cassava-raw/cassavaleafdata/train/cbsd/train-cbsd-582.jpg,1
/var/scratch/adam/cassava-raw/cassavaleafdata/train/cbsd/train-cbsd-583.jpg,1
/var/scratch/adam/cassava-raw/cassavaleafdata/train/cbsd/train-cbsd-584.jpg,1
/var/scratch/adam/cassava-raw/cassavaleafdata/train/cbsd/train-cbsd-585.jpg,1
/var/scratch/adam/cassava-raw/cassavaleafdata/train/cbsd/train-cbsd-586.jpg,1
/var/scratch/adam/cassava-raw/cassavaleafdata/train/cbsd/train-cbsd-587.jpg,1
/var/scratch/adam/cassava-raw/cassavaleafdata/train/cbsd/train-cbsd-588.jpg,1
/var/scratch/adam/cassava-raw/cassavaleafdata/train/cbsd/train-cbsd-589.jpg,1
/var/scratch/adam/cassava-raw/cassavaleafdata/train/cbsd/train-cbsd-59.jpg,1
/var/scratch/adam/cassava-raw/cassavaleafdata/train/cbsd/train-cbsd-590.jpg,1
/var/scratch/adam/cassava-raw/cassavaleafdata/train/cbsd/train-cbsd-591.jpg,1
/var/scratch/adam/cassava-raw/cassavaleafdata/train/cbsd/train-cbsd-592.jpg,1
/var/scratch/adam/cassava-raw/cassavaleafdata/train/cbsd/train-cbsd-593.jpg,1
/var/scratch/adam/cassava-raw/cassavaleafdata/train/cbsd/train-cbsd-594.jpg,1
/var/scratch/adam/cassava-raw/cassavaleafdata/train/cbsd/train-cbsd-595.jpg,1
/var/scratch/adam/cassava-raw/cassavaleafdata/train/cbsd/train-cbsd-596.jpg,1
/var/scratch/adam/cassava-raw/cassavaleafdata/train/cbsd/train-cbsd-597.jpg,1
/var/scratch/adam/cassava-raw/cassavaleafdata/train/cbsd/train-cbsd-598.jpg,1
/var/scratch/adam/cassava-raw/cassavaleafdata/train/cbsd/train-cbsd-599.jpg,1
/var/scratch/adam/cassava-raw/cassavaleafdata/train/cbsd/train-cbsd-6.jpg,1
/var/scratch/adam/cassava-raw/cassavaleafdata/train/cbsd/train-cbsd-60.jpg,1
/var/scratch/adam/cassava-raw/cassavaleafdata/train/cbsd/train-cbsd-600.jpg,1
/var/scratch/adam/cassava-raw/cassavaleafdata/train/cbsd/train-cbsd-601.jpg,1
/var/scratch/adam/cassava-raw/cassavaleafdata/train/cbsd/train-cbsd-602.jpg,1
/var/scratch/adam/cassava-raw/cassavaleafdata/train/cbsd/train-cbsd-603.jpg,1
/var/scratch/adam/cassava-raw/cassavaleafdata/train/cbsd/train-cbsd-604.jpg,1
/var/scratch/adam/cassava-raw/cassavaleafdata/train/cbsd/train-cbsd-605.jpg,1
/var/scratch/adam/cassava-raw/cassavaleafdata/train/cbsd/train-cbsd-606.jpg,1
/var/scratch/adam/cassava-raw/cassavaleafdata/train/cbsd/train-cbsd-607.jpg,1
/var/scratch/adam/cassava-raw/cassavaleafdata/train/cbsd/train-cbsd-608.jpg,1
/var/scratch/adam/cassava-raw/cassavaleafdata/train/cbsd/train-cbsd-609.jpg,1
/var/scratch/adam/cassava-raw/cassavaleafdata/train/cbsd/train-cbsd-61.jpg,1
/var/scratch/adam/cassava-raw/cassavaleafdata/train/cbsd/train-cbsd-610.jpg,1
/var/scratch/adam/cassava-raw/cassavaleafdata/train/cbsd/train-cbsd-611.jpg,1
/var/scratch/adam/cassava-raw/cassavaleafdata/train/cbsd/train-cbsd-612.jpg,1
/var/scratch/adam/cassava-raw/cassavaleafdata/train/cbsd/train-cbsd-613.jpg,1
/var/scratch/adam/cassava-raw/cassavaleafdata/train/cbsd/train-cbsd-614.jpg,1
/var/scratch/adam/cassava-raw/cassavaleafdata/train/cbsd/train-cbsd-615.jpg,1
/var/scratch/adam/cassava-raw/cassavaleafdata/train/cbsd/train-cbsd-616.jpg,1
/var/scratch/adam/cassava-raw/cassavaleafdata/train/cbsd/train-cbsd-617.jpg,1
/var/scratch/adam/cassava-raw/cassavaleafdata/train/cbsd/train-cbsd-618.jpg,1
/var/scratch/adam/cassava-raw/cassavaleafdata/train/cbsd/train-cbsd-619.jpg,1
/var/scratch/adam/cassava-raw/cassavaleafdata/train/cbsd/train-cbsd-62.jpg,1
/var/scratch/adam/cassava-raw/cassavaleafdata/train/cbsd/train-cbsd-620.jpg,1
/var/scratch/adam/cassava-raw/cassavaleafdata/train/cbsd/train-cbsd-621.jpg,1
/var/scratch/adam/cassava-raw/cassavaleafdata/train/cbsd/train-cbsd-622.jpg,1
/var/scratch/adam/cassava-raw/cassavaleafdata/train/cbsd/train-cbsd-623.jpg,1
/var/scratch/adam/cassava-raw/cassavaleafdata/train/cbsd/train-cbsd-624.jpg,1
/var/scratch/adam/cassava-raw/cassavaleafdata/train/cbsd/train-cbsd-625.jpg,1
/var/scratch/adam/cassava-raw/cassavaleafdata/train/cbsd/train-cbsd-626.jpg,1
/var/scratch/adam/cassava-raw/cassavaleafdata/train/cbsd/train-cbsd-627.jpg,1
/var/scratch/adam/cassava-raw/cassavaleafdata/train/cbsd/train-cbsd-628.jpg,1
/var/scratch/adam/cassava-raw/cassavaleafdata/train/cbsd/train-cbsd-629.jpg,1
/var/scratch/adam/cassava-raw/cassavaleafdata/train/cbsd/train-cbsd-63.jpg,1
/var/scratch/adam/cassava-raw/cassavaleafdata/train/cbsd/train-cbsd-630.jpg,1
/var/scratch/adam/cassava-raw/cassavaleafdata/train/cbsd/train-cbsd-631.jpg,1
/var/scratch/adam/cassava-raw/cassavaleafdata/train/cbsd/train-cbsd-632.jpg,1
/var/scratch/adam/cassava-raw/cassavaleafdata/train/cbsd/train-cbsd-633.jpg,1
/var/scratch/adam/cassava-raw/cassavaleafdata/train/cbsd/train-cbsd-634.jpg,1
/var/scratch/adam/cassava-raw/cassavaleafdata/train/cbsd/train-cbsd-635.jpg,1
/var/scratch/adam/cassava-raw/cassavaleafdata/train/cbsd/train-cbsd-636.jpg,1
/var/scratch/adam/cassava-raw/cassavaleafdata/train/cbsd/train-cbsd-637.jpg,1
/var/scratch/adam/cassava-raw/cassavaleafdata/train/cbsd/train-cbsd-638.jpg,1
/var/scratch/adam/cassava-raw/cassavaleafdata/train/cbsd/train-cbsd-639.jpg,1
/var/scratch/adam/cassava-raw/cassavaleafdata/train/cbsd/train-cbsd-64.jpg,1
/var/scratch/adam/cassava-raw/cassavaleafdata/train/cbsd/train-cbsd-640.jpg,1
/var/scratch/adam/cassava-raw/cassavaleafdata/train/cbsd/train-cbsd-641.jpg,1
/var/scratch/adam/cassava-raw/cassavaleafdata/train/cbsd/train-cbsd-642.jpg,1
/var/scratch/adam/cassava-raw/cassavaleafdata/train/cbsd/train-cbsd-643.jpg,1
/var/scratch/adam/cassava-raw/cassavaleafdata/train/cbsd/train-cbsd-644.jpg,1
/var/scratch/adam/cassava-raw/cassavaleafdata/train/cbsd/train-cbsd-645.jpg,1
/var/scratch/adam/cassava-raw/cassavaleafdata/train/cbsd/train-cbsd-646.jpg,1
/var/scratch/adam/cassava-raw/cassavaleafdata/train/cbsd/train-cbsd-647.jpg,1
/var/scratch/adam/cassava-raw/cassavaleafdata/train/cbsd/train-cbsd-648.jpg,1
/var/scratch/adam/cassava-raw/cassavaleafdata/train/cbsd/train-cbsd-649.jpg,1
/var/scratch/adam/cassava-raw/cassavaleafdata/train/cbsd/train-cbsd-65.jpg,1
/var/scratch/adam/cassava-raw/cassavaleafdata/train/cbsd/train-cbsd-650.jpg,1
/var/scratch/adam/cassava-raw/cassavaleafdata/train/cbsd/train-cbsd-651.jpg,1
/var/scratch/adam/cassava-raw/cassavaleafdata/train/cbsd/train-cbsd-652.jpg,1
/var/scratch/adam/cassava-raw/cassavaleafdata/train/cbsd/train-cbsd-653.jpg,1
/var/scratch/adam/cassava-raw/cassavaleafdata/train/cbsd/train-cbsd-654.jpg,1
/var/scratch/adam/cassava-raw/cassavaleafdata/train/cbsd/train-cbsd-655.jpg,1
/var/scratch/adam/cassava-raw/cassavaleafdata/train/cbsd/train-cbsd-656.jpg,1
/var/scratch/adam/cassava-raw/cassavaleafdata/train/cbsd/train-cbsd-657.jpg,1
/var/scratch/adam/cassava-raw/cassavaleafdata/train/cbsd/train-cbsd-658.jpg,1
/var/scratch/adam/cassava-raw/cassavaleafdata/train/cbsd/train-cbsd-659.jpg,1
/var/scratch/adam/cassava-raw/cassavaleafdata/train/cbsd/train-cbsd-66.jpg,1
/var/scratch/adam/cassava-raw/cassavaleafdata/train/cbsd/train-cbsd-660.jpg,1
/var/scratch/adam/cassava-raw/cassavaleafdata/train/cbsd/train-cbsd-661.jpg,1
/var/scratch/adam/cassava-raw/cassavaleafdata/train/cbsd/train-cbsd-662.jpg,1
/var/scratch/adam/cassava-raw/cassavaleafdata/train/cbsd/train-cbsd-663.jpg,1
/var/scratch/adam/cassava-raw/cassavaleafdata/train/cbsd/train-cbsd-664.jpg,1
/var/scratch/adam/cassava-raw/cassavaleafdata/train/cbsd/train-cbsd-665.jpg,1
/var/scratch/adam/cassava-raw/cassavaleafdata/train/cbsd/train-cbsd-666.jpg,1
/var/scratch/adam/cassava-raw/cassavaleafdata/train/cbsd/train-cbsd-667.jpg,1
/var/scratch/adam/cassava-raw/cassavaleafdata/train/cbsd/train-cbsd-668.jpg,1
/var/scratch/adam/cassava-raw/cassavaleafdata/train/cbsd/train-cbsd-669.jpg,1
/var/scratch/adam/cassava-raw/cassavaleafdata/train/cbsd/train-cbsd-67.jpg,1
/var/scratch/adam/cassava-raw/cassavaleafdata/train/cbsd/train-cbsd-670.jpg,1
/var/scratch/adam/cassava-raw/cassavaleafdata/train/cbsd/train-cbsd-671.jpg,1
/var/scratch/adam/cassava-raw/cassavaleafdata/train/cbsd/train-cbsd-672.jpg,1
/var/scratch/adam/cassava-raw/cassavaleafdata/train/cbsd/train-cbsd-673.jpg,1
/var/scratch/adam/cassava-raw/cassavaleafdata/train/cbsd/train-cbsd-674.jpg,1
/var/scratch/adam/cassava-raw/cassavaleafdata/train/cbsd/train-cbsd-675.jpg,1
/var/scratch/adam/cassava-raw/cassavaleafdata/train/cbsd/train-cbsd-676.jpg,1
/var/scratch/adam/cassava-raw/cassavaleafdata/train/cbsd/train-cbsd-677.jpg,1
/var/scratch/adam/cassava-raw/cassavaleafdata/train/cbsd/train-cbsd-678.jpg,1
/var/scratch/adam/cassava-raw/cassavaleafdata/train/cbsd/train-cbsd-679.jpg,1
/var/scratch/adam/cassava-raw/cassavaleafdata/train/cbsd/train-cbsd-68.jpg,1
/var/scratch/adam/cassava-raw/cassavaleafdata/train/cbsd/train-cbsd-680.jpg,1
/var/scratch/adam/cassava-raw/cassavaleafdata/train/cbsd/train-cbsd-681.jpg,1
/var/scratch/adam/cassava-raw/cassavaleafdata/train/cbsd/train-cbsd-682.jpg,1
/var/scratch/adam/cassava-raw/cassavaleafdata/train/cbsd/train-cbsd-683.jpg,1
/var/scratch/adam/cassava-raw/cassavaleafdata/train/cbsd/train-cbsd-684.jpg,1
/var/scratch/adam/cassava-raw/cassavaleafdata/train/cbsd/train-cbsd-685.jpg,1
/var/scratch/adam/cassava-raw/cassavaleafdata/train/cbsd/train-cbsd-686.jpg,1
/var/scratch/adam/cassava-raw/cassavaleafdata/train/cbsd/train-cbsd-687.jpg,1
/var/scratch/adam/cassava-raw/cassavaleafdata/train/cbsd/train-cbsd-688.jpg,1
/var/scratch/adam/cassava-raw/cassavaleafdata/train/cbsd/train-cbsd-689.jpg,1
/var/scratch/adam/cassava-raw/cassavaleafdata/train/cbsd/train-cbsd-69.jpg,1
/var/scratch/adam/cassava-raw/cassavaleafdata/train/cbsd/train-cbsd-690.jpg,1
/var/scratch/adam/cassava-raw/cassavaleafdata/train/cbsd/train-cbsd-691.jpg,1
/var/scratch/adam/cassava-raw/cassavaleafdata/train/cbsd/train-cbsd-692.jpg,1
/var/scratch/adam/cassava-raw/cassavaleafdata/train/cbsd/train-cbsd-693.jpg,1
/var/scratch/adam/cassava-raw/cassavaleafdata/train/cbsd/train-cbsd-694.jpg,1
/var/scratch/adam/cassava-raw/cassavaleafdata/train/cbsd/train-cbsd-695.jpg,1
/var/scratch/adam/cassava-raw/cassavaleafdata/train/cbsd/train-cbsd-696.jpg,1
/var/scratch/adam/cassava-raw/cassavaleafdata/train/cbsd/train-cbsd-697.jpg,1
/var/scratch/adam/cassava-raw/cassavaleafdata/train/cbsd/train-cbsd-698.jpg,1
/var/scratch/adam/cassava-raw/cassavaleafdata/train/cbsd/train-cbsd-699.jpg,1
/var/scratch/adam/cassava-raw/cassavaleafdata/train/cbsd/train-cbsd-7.jpg,1
/var/scratch/adam/cassava-raw/cassavaleafdata/train/cbsd/train-cbsd-70.jpg,1
/var/scratch/adam/cassava-raw/cassavaleafdata/train/cbsd/train-cbsd-700.jpg,1
/var/scratch/adam/cassava-raw/cassavaleafdata/train/cbsd/train-cbsd-701.jpg,1
/var/scratch/adam/cassava-raw/cassavaleafdata/train/cbsd/train-cbsd-702.jpg,1
/var/scratch/adam/cassava-raw/cassavaleafdata/train/cbsd/train-cbsd-703.jpg,1
/var/scratch/adam/cassava-raw/cassavaleafdata/train/cbsd/train-cbsd-704.jpg,1
/var/scratch/adam/cassava-raw/cassavaleafdata/train/cbsd/train-cbsd-705.jpg,1
/var/scratch/adam/cassava-raw/cassavaleafdata/train/cbsd/train-cbsd-706.jpg,1
/var/scratch/adam/cassava-raw/cassavaleafdata/train/cbsd/train-cbsd-707.jpg,1
/var/scratch/adam/cassava-raw/cassavaleafdata/train/cbsd/train-cbsd-708.jpg,1
/var/scratch/adam/cassava-raw/cassavaleafdata/train/cbsd/train-cbsd-709.jpg,1
/var/scratch/adam/cassava-raw/cassavaleafdata/train/cbsd/train-cbsd-71.jpg,1
/var/scratch/adam/cassava-raw/cassavaleafdata/train/cbsd/train-cbsd-710.jpg,1
/var/scratch/adam/cassava-raw/cassavaleafdata/train/cbsd/train-cbsd-711.jpg,1
/var/scratch/adam/cassava-raw/cassavaleafdata/train/cbsd/train-cbsd-712.jpg,1
/var/scratch/adam/cassava-raw/cassavaleafdata/train/cbsd/train-cbsd-713.jpg,1
/var/scratch/adam/cassava-raw/cassavaleafdata/train/cbsd/train-cbsd-714.jpg,1
/var/scratch/adam/cassava-raw/cassavaleafdata/train/cbsd/train-cbsd-715.jpg,1
/var/scratch/adam/cassava-raw/cassavaleafdata/train/cbsd/train-cbsd-716.jpg,1
/var/scratch/adam/cassava-raw/cassavaleafdata/train/cbsd/train-cbsd-717.jpg,1
/var/scratch/adam/cassava-raw/cassavaleafdata/train/cbsd/train-cbsd-718.jpg,1
/var/scratch/adam/cassava-raw/cassavaleafdata/train/cbsd/train-cbsd-719.jpg,1
/var/scratch/adam/cassava-raw/cassavaleafdata/train/cbsd/train-cbsd-72.jpg,1
/var/scratch/adam/cassava-raw/cassavaleafdata/train/cbsd/train-cbsd-720.jpg,1
/var/scratch/adam/cassava-raw/cassavaleafdata/train/cbsd/train-cbsd-721.jpg,1
/var/scratch/adam/cassava-raw/cassavaleafdata/train/cbsd/train-cbsd-722.jpg,1
/var/scratch/adam/cassava-raw/cassavaleafdata/train/cbsd/train-cbsd-723.jpg,1
/var/scratch/adam/cassava-raw/cassavaleafdata/train/cbsd/train-cbsd-724.jpg,1
/var/scratch/adam/cassava-raw/cassavaleafdata/train/cbsd/train-cbsd-725.jpg,1
/var/scratch/adam/cassava-raw/cassavaleafdata/train/cbsd/train-cbsd-726.jpg,1
/var/scratch/adam/cassava-raw/cassavaleafdata/train/cbsd/train-cbsd-727.jpg,1
/var/scratch/adam/cassava-raw/cassavaleafdata/train/cbsd/train-cbsd-728.jpg,1
/var/scratch/adam/cassava-raw/cassavaleafdata/train/cbsd/train-cbsd-729.jpg,1
/var/scratch/adam/cassava-raw/cassavaleafdata/train/cbsd/train-cbsd-73.jpg,1
/var/scratch/adam/cassava-raw/cassavaleafdata/train/cbsd/train-cbsd-730.jpg,1
/var/scratch/adam/cassava-raw/cassavaleafdata/train/cbsd/train-cbsd-731.jpg,1
/var/scratch/adam/cassava-raw/cassavaleafdata/train/cbsd/train-cbsd-732.jpg,1
/var/scratch/adam/cassava-raw/cassavaleafdata/train/cbsd/train-cbsd-733.jpg,1
/var/scratch/adam/cassava-raw/cassavaleafdata/train/cbsd/train-cbsd-734.jpg,1
/var/scratch/adam/cassava-raw/cassavaleafdata/train/cbsd/train-cbsd-735.jpg,1
/var/scratch/adam/cassava-raw/cassavaleafdata/train/cbsd/train-cbsd-736.jpg,1
/var/scratch/adam/cassava-raw/cassavaleafdata/train/cbsd/train-cbsd-737.jpg,1
/var/scratch/adam/cassava-raw/cassavaleafdata/train/cbsd/train-cbsd-738.jpg,1
/var/scratch/adam/cassava-raw/cassavaleafdata/train/cbsd/train-cbsd-739.jpg,1
/var/scratch/adam/cassava-raw/cassavaleafdata/train/cbsd/train-cbsd-74.jpg,1
/var/scratch/adam/cassava-raw/cassavaleafdata/train/cbsd/train-cbsd-740.jpg,1
/var/scratch/adam/cassava-raw/cassavaleafdata/train/cbsd/train-cbsd-741.jpg,1
/var/scratch/adam/cassava-raw/cassavaleafdata/train/cbsd/train-cbsd-742.jpg,1
/var/scratch/adam/cassava-raw/cassavaleafdata/train/cbsd/train-cbsd-743.jpg,1
/var/scratch/adam/cassava-raw/cassavaleafdata/train/cbsd/train-cbsd-744.jpg,1
/var/scratch/adam/cassava-raw/cassavaleafdata/train/cbsd/train-cbsd-745.jpg,1
/var/scratch/adam/cassava-raw/cassavaleafdata/train/cbsd/train-cbsd-746.jpg,1
/var/scratch/adam/cassava-raw/cassavaleafdata/train/cbsd/train-cbsd-747.jpg,1
/var/scratch/adam/cassava-raw/cassavaleafdata/train/cbsd/train-cbsd-748.jpg,1
/var/scratch/adam/cassava-raw/cassavaleafdata/train/cbsd/train-cbsd-749.jpg,1
/var/scratch/adam/cassava-raw/cassavaleafdata/train/cbsd/train-cbsd-75.jpg,1
/var/scratch/adam/cassava-raw/cassavaleafdata/train/cbsd/train-cbsd-750.jpg,1
/var/scratch/adam/cassava-raw/cassavaleafdata/train/cbsd/train-cbsd-751.jpg,1
/var/scratch/adam/cassava-raw/cassavaleafdata/train/cbsd/train-cbsd-752.jpg,1
/var/scratch/adam/cassava-raw/cassavaleafdata/train/cbsd/train-cbsd-753.jpg,1
/var/scratch/adam/cassava-raw/cassavaleafdata/train/cbsd/train-cbsd-754.jpg,1
/var/scratch/adam/cassava-raw/cassavaleafdata/train/cbsd/train-cbsd-755.jpg,1
/var/scratch/adam/cassava-raw/cassavaleafdata/train/cbsd/train-cbsd-756.jpg,1
/var/scratch/adam/cassava-raw/cassavaleafdata/train/cbsd/train-cbsd-757.jpg,1
/var/scratch/adam/cassava-raw/cassavaleafdata/train/cbsd/train-cbsd-758.jpg,1
/var/scratch/adam/cassava-raw/cassavaleafdata/train/cbsd/train-cbsd-759.jpg,1
/var/scratch/adam/cassava-raw/cassavaleafdata/train/cbsd/train-cbsd-76.jpg,1
/var/scratch/adam/cassava-raw/cassavaleafdata/train/cbsd/train-cbsd-760.jpg,1
/var/scratch/adam/cassava-raw/cassavaleafdata/train/cbsd/train-cbsd-761.jpg,1
/var/scratch/adam/cassava-raw/cassavaleafdata/train/cbsd/train-cbsd-762.jpg,1
/var/scratch/adam/cassava-raw/cassavaleafdata/train/cbsd/train-cbsd-763.jpg,1
/var/scratch/adam/cassava-raw/cassavaleafdata/train/cbsd/train-cbsd-764.jpg,1
/var/scratch/adam/cassava-raw/cassavaleafdata/train/cbsd/train-cbsd-765.jpg,1
/var/scratch/adam/cassava-raw/cassavaleafdata/train/cbsd/train-cbsd-766.jpg,1
/var/scratch/adam/cassava-raw/cassavaleafdata/train/cbsd/train-cbsd-767.jpg,1
/var/scratch/adam/cassava-raw/cassavaleafdata/train/cbsd/train-cbsd-768.jpg,1
/var/scratch/adam/cassava-raw/cassavaleafdata/train/cbsd/train-cbsd-769.jpg,1
/var/scratch/adam/cassava-raw/cassavaleafdata/train/cbsd/train-cbsd-77.jpg,1
/var/scratch/adam/cassava-raw/cassavaleafdata/train/cbsd/train-cbsd-770.jpg,1
/var/scratch/adam/cassava-raw/cassavaleafdata/train/cbsd/train-cbsd-771.jpg,1
/var/scratch/adam/cassava-raw/cassavaleafdata/train/cbsd/train-cbsd-772.jpg,1
/var/scratch/adam/cassava-raw/cassavaleafdata/train/cbsd/train-cbsd-773.jpg,1
/var/scratch/adam/cassava-raw/cassavaleafdata/train/cbsd/train-cbsd-774.jpg,1
/var/scratch/adam/cassava-raw/cassavaleafdata/train/cbsd/train-cbsd-775.jpg,1
/var/scratch/adam/cassava-raw/cassavaleafdata/train/cbsd/train-cbsd-776.jpg,1
/var/scratch/adam/cassava-raw/cassavaleafdata/train/cbsd/train-cbsd-777.jpg,1
/var/scratch/adam/cassava-raw/cassavaleafdata/train/cbsd/train-cbsd-778.jpg,1
/var/scratch/adam/cassava-raw/cassavaleafdata/train/cbsd/train-cbsd-779.jpg,1
/var/scratch/adam/cassava-raw/cassavaleafdata/train/cbsd/train-cbsd-78.jpg,1
/var/scratch/adam/cassava-raw/cassavaleafdata/train/cbsd/train-cbsd-780.jpg,1
/var/scratch/adam/cassava-raw/cassavaleafdata/train/cbsd/train-cbsd-781.jpg,1
/var/scratch/adam/cassava-raw/cassavaleafdata/train/cbsd/train-cbsd-782.jpg,1
/var/scratch/adam/cassava-raw/cassavaleafdata/train/cbsd/train-cbsd-783.jpg,1
/var/scratch/adam/cassava-raw/cassavaleafdata/train/cbsd/train-cbsd-784.jpg,1
/var/scratch/adam/cassava-raw/cassavaleafdata/train/cbsd/train-cbsd-785.jpg,1
/var/scratch/adam/cassava-raw/cassavaleafdata/train/cbsd/train-cbsd-786.jpg,1
/var/scratch/adam/cassava-raw/cassavaleafdata/train/cbsd/train-cbsd-787.jpg,1
/var/scratch/adam/cassava-raw/cassavaleafdata/train/cbsd/train-cbsd-788.jpg,1
/var/scratch/adam/cassava-raw/cassavaleafdata/train/cbsd/train-cbsd-789.jpg,1
/var/scratch/adam/cassava-raw/cassavaleafdata/train/cbsd/train-cbsd-79.jpg,1
/var/scratch/adam/cassava-raw/cassavaleafdata/train/cbsd/train-cbsd-790.jpg,1
/var/scratch/adam/cassava-raw/cassavaleafdata/train/cbsd/train-cbsd-791.jpg,1
/var/scratch/adam/cassava-raw/cassavaleafdata/train/cbsd/train-cbsd-792.jpg,1
/var/scratch/adam/cassava-raw/cassavaleafdata/train/cbsd/train-cbsd-793.jpg,1
/var/scratch/adam/cassava-raw/cassavaleafdata/train/cbsd/train-cbsd-794.jpg,1
/var/scratch/adam/cassava-raw/cassavaleafdata/train/cbsd/train-cbsd-795.jpg,1
/var/scratch/adam/cassava-raw/cassavaleafdata/train/cbsd/train-cbsd-796.jpg,1
/var/scratch/adam/cassava-raw/cassavaleafdata/train/cbsd/train-cbsd-797.jpg,1
/var/scratch/adam/cassava-raw/cassavaleafdata/train/cbsd/train-cbsd-798.jpg,1
/var/scratch/adam/cassava-raw/cassavaleafdata/train/cbsd/train-cbsd-799.jpg,1
/var/scratch/adam/cassava-raw/cassavaleafdata/train/cbsd/train-cbsd-8.jpg,1
/var/scratch/adam/cassava-raw/cassavaleafdata/train/cbsd/train-cbsd-80.jpg,1
/var/scratch/adam/cassava-raw/cassavaleafdata/train/cbsd/train-cbsd-800.jpg,1
/var/scratch/adam/cassava-raw/cassavaleafdata/train/cbsd/train-cbsd-801.jpg,1
/var/scratch/adam/cassava-raw/cassavaleafdata/train/cbsd/train-cbsd-802.jpg,1
/var/scratch/adam/cassava-raw/cassavaleafdata/train/cbsd/train-cbsd-803.jpg,1
/var/scratch/adam/cassava-raw/cassavaleafdata/train/cbsd/train-cbsd-804.jpg,1
/var/scratch/adam/cassava-raw/cassavaleafdata/train/cbsd/train-cbsd-805.jpg,1
/var/scratch/adam/cassava-raw/cassavaleafdata/train/cbsd/train-cbsd-806.jpg,1
/var/scratch/adam/cassava-raw/cassavaleafdata/train/cbsd/train-cbsd-807.jpg,1
/var/scratch/adam/cassava-raw/cassavaleafdata/train/cbsd/train-cbsd-808.jpg,1
/var/scratch/adam/cassava-raw/cassavaleafdata/train/cbsd/train-cbsd-809.jpg,1
/var/scratch/adam/cassava-raw/cassavaleafdata/train/cbsd/train-cbsd-81.jpg,1
/var/scratch/adam/cassava-raw/cassavaleafdata/train/cbsd/train-cbsd-810.jpg,1
/var/scratch/adam/cassava-raw/cassavaleafdata/train/cbsd/train-cbsd-811.jpg,1
/var/scratch/adam/cassava-raw/cassavaleafdata/train/cbsd/train-cbsd-812.jpg,1
/var/scratch/adam/cassava-raw/cassavaleafdata/train/cbsd/train-cbsd-813.jpg,1
/var/scratch/adam/cassava-raw/cassavaleafdata/train/cbsd/train-cbsd-814.jpg,1
/var/scratch/adam/cassava-raw/cassavaleafdata/train/cbsd/train-cbsd-815.jpg,1
/var/scratch/adam/cassava-raw/cassavaleafdata/train/cbsd/train-cbsd-816.jpg,1
/var/scratch/adam/cassava-raw/cassavaleafdata/train/cbsd/train-cbsd-817.jpg,1
/var/scratch/adam/cassava-raw/cassavaleafdata/train/cbsd/train-cbsd-818.jpg,1
/var/scratch/adam/cassava-raw/cassavaleafdata/train/cbsd/train-cbsd-819.jpg,1
/var/scratch/adam/cassava-raw/cassavaleafdata/train/cbsd/train-cbsd-82.jpg,1
/var/scratch/adam/cassava-raw/cassavaleafdata/train/cbsd/train-cbsd-820.jpg,1
/var/scratch/adam/cassava-raw/cassavaleafdata/train/cbsd/train-cbsd-821.jpg,1
/var/scratch/adam/cassava-raw/cassavaleafdata/train/cbsd/train-cbsd-822.jpg,1
/var/scratch/adam/cassava-raw/cassavaleafdata/train/cbsd/train-cbsd-823.jpg,1
/var/scratch/adam/cassava-raw/cassavaleafdata/train/cbsd/train-cbsd-824.jpg,1
/var/scratch/adam/cassava-raw/cassavaleafdata/train/cbsd/train-cbsd-825.jpg,1
/var/scratch/adam/cassava-raw/cassavaleafdata/train/cbsd/train-cbsd-826.jpg,1
/var/scratch/adam/cassava-raw/cassavaleafdata/train/cbsd/train-cbsd-827.jpg,1
/var/scratch/adam/cassava-raw/cassavaleafdata/train/cbsd/train-cbsd-828.jpg,1
/var/scratch/adam/cassava-raw/cassavaleafdata/train/cbsd/train-cbsd-829.jpg,1
/var/scratch/adam/cassava-raw/cassavaleafdata/train/cbsd/train-cbsd-83.jpg,1
/var/scratch/adam/cassava-raw/cassavaleafdata/train/cbsd/train-cbsd-830.jpg,1
/var/scratch/adam/cassava-raw/cassavaleafdata/train/cbsd/train-cbsd-831.jpg,1
/var/scratch/adam/cassava-raw/cassavaleafdata/train/cbsd/train-cbsd-832.jpg,1
/var/scratch/adam/cassava-raw/cassavaleafdata/train/cbsd/train-cbsd-833.jpg,1
/var/scratch/adam/cassava-raw/cassavaleafdata/train/cbsd/train-cbsd-834.jpg,1
/var/scratch/adam/cassava-raw/cassavaleafdata/train/cbsd/train-cbsd-835.jpg,1
/var/scratch/adam/cassava-raw/cassavaleafdata/train/cbsd/train-cbsd-836.jpg,1
/var/scratch/adam/cassava-raw/cassavaleafdata/train/cbsd/train-cbsd-837.jpg,1
/var/scratch/adam/cassava-raw/cassavaleafdata/train/cbsd/train-cbsd-838.jpg,1
/var/scratch/adam/cassava-raw/cassavaleafdata/train/cbsd/train-cbsd-839.jpg,1
/var/scratch/adam/cassava-raw/cassavaleafdata/train/cbsd/train-cbsd-84.jpg,1
/var/scratch/adam/cassava-raw/cassavaleafdata/train/cbsd/train-cbsd-840.jpg,1
/var/scratch/adam/cassava-raw/cassavaleafdata/train/cbsd/train-cbsd-841.jpg,1
/var/scratch/adam/cassava-raw/cassavaleafdata/train/cbsd/train-cbsd-842.jpg,1
/var/scratch/adam/cassava-raw/cassavaleafdata/train/cbsd/train-cbsd-843.jpg,1
/var/scratch/adam/cassava-raw/cassavaleafdata/train/cbsd/train-cbsd-844.jpg,1
/var/scratch/adam/cassava-raw/cassavaleafdata/train/cbsd/train-cbsd-845.jpg,1
/var/scratch/adam/cassava-raw/cassavaleafdata/train/cbsd/train-cbsd-846.jpg,1
/var/scratch/adam/cassava-raw/cassavaleafdata/train/cbsd/train-cbsd-847.jpg,1
/var/scratch/adam/cassava-raw/cassavaleafdata/train/cbsd/train-cbsd-848.jpg,1
/var/scratch/adam/cassava-raw/cassavaleafdata/train/cbsd/train-cbsd-849.jpg,1
/var/scratch/adam/cassava-raw/cassavaleafdata/train/cbsd/train-cbsd-85.jpg,1
/var/scratch/adam/cassava-raw/cassavaleafdata/train/cbsd/train-cbsd-850.jpg,1
/var/scratch/adam/cassava-raw/cassavaleafdata/train/cbsd/train-cbsd-851.jpg,1
/var/scratch/adam/cassava-raw/cassavaleafdata/train/cbsd/train-cbsd-852.jpg,1
/var/scratch/adam/cassava-raw/cassavaleafdata/train/cbsd/train-cbsd-853.jpg,1
/var/scratch/adam/cassava-raw/cassavaleafdata/train/cbsd/train-cbsd-854.jpg,1
/var/scratch/adam/cassava-raw/cassavaleafdata/train/cbsd/train-cbsd-855.jpg,1
/var/scratch/adam/cassava-raw/cassavaleafdata/train/cbsd/train-cbsd-856.jpg,1
/var/scratch/adam/cassava-raw/cassavaleafdata/train/cbsd/train-cbsd-857.jpg,1
/var/scratch/adam/cassava-raw/cassavaleafdata/train/cbsd/train-cbsd-858.jpg,1
/var/scratch/adam/cassava-raw/cassavaleafdata/train/cbsd/train-cbsd-859.jpg,1
/var/scratch/adam/cassava-raw/cassavaleafdata/train/cbsd/train-cbsd-86.jpg,1
/var/scratch/adam/cassava-raw/cassavaleafdata/train/cbsd/train-cbsd-860.jpg,1
/var/scratch/adam/cassava-raw/cassavaleafdata/train/cbsd/train-cbsd-861.jpg,1
/var/scratch/adam/cassava-raw/cassavaleafdata/train/cbsd/train-cbsd-862.jpg,1
/var/scratch/adam/cassava-raw/cassavaleafdata/train/cbsd/train-cbsd-863.jpg,1
/var/scratch/adam/cassava-raw/cassavaleafdata/train/cbsd/train-cbsd-864.jpg,1
/var/scratch/adam/cassava-raw/cassavaleafdata/train/cbsd/train-cbsd-865.jpg,1
/var/scratch/adam/cassava-raw/cassavaleafdata/train/cbsd/train-cbsd-866.jpg,1
/var/scratch/adam/cassava-raw/cassavaleafdata/train/cbsd/train-cbsd-867.jpg,1
/var/scratch/adam/cassava-raw/cassavaleafdata/train/cbsd/train-cbsd-868.jpg,1
/var/scratch/adam/cassava-raw/cassavaleafdata/train/cbsd/train-cbsd-869.jpg,1
/var/scratch/adam/cassava-raw/cassavaleafdata/train/cbsd/train-cbsd-87.jpg,1
/var/scratch/adam/cassava-raw/cassavaleafdata/train/cbsd/train-cbsd-870.jpg,1
/var/scratch/adam/cassava-raw/cassavaleafdata/train/cbsd/train-cbsd-871.jpg,1
/var/scratch/adam/cassava-raw/cassavaleafdata/train/cbsd/train-cbsd-872.jpg,1
/var/scratch/adam/cassava-raw/cassavaleafdata/train/cbsd/train-cbsd-873.jpg,1
/var/scratch/adam/cassava-raw/cassavaleafdata/train/cbsd/train-cbsd-874.jpg,1
/var/scratch/adam/cassava-raw/cassavaleafdata/train/cbsd/train-cbsd-875.jpg,1
/var/scratch/adam/cassava-raw/cassavaleafdata/train/cbsd/train-cbsd-876.jpg,1
/var/scratch/adam/cassava-raw/cassavaleafdata/train/cbsd/train-cbsd-877.jpg,1
/var/scratch/adam/cassava-raw/cassavaleafdata/train/cbsd/train-cbsd-878.jpg,1
/var/scratch/adam/cassava-raw/cassavaleafdata/train/cbsd/train-cbsd-879.jpg,1
/var/scratch/adam/cassava-raw/cassavaleafdata/train/cbsd/train-cbsd-88.jpg,1
/var/scratch/adam/cassava-raw/cassavaleafdata/train/cbsd/train-cbsd-880.jpg,1
/var/scratch/adam/cassava-raw/cassavaleafdata/train/cbsd/train-cbsd-881.jpg,1
/var/scratch/adam/cassava-raw/cassavaleafdata/train/cbsd/train-cbsd-882.jpg,1
/var/scratch/adam/cassava-raw/cassavaleafdata/train/cbsd/train-cbsd-883.jpg,1
/var/scratch/adam/cassava-raw/cassavaleafdata/train/cbsd/train-cbsd-884.jpg,1
/var/scratch/adam/cassava-raw/cassavaleafdata/train/cbsd/train-cbsd-885.jpg,1
/var/scratch/adam/cassava-raw/cassavaleafdata/train/cbsd/train-cbsd-886.jpg,1
/var/scratch/adam/cassava-raw/cassavaleafdata/train/cbsd/train-cbsd-887.jpg,1
/var/scratch/adam/cassava-raw/cassavaleafdata/train/cbsd/train-cbsd-888.jpg,1
/var/scratch/adam/cassava-raw/cassavaleafdata/train/cbsd/train-cbsd-889.jpg,1
/var/scratch/adam/cassava-raw/cassavaleafdata/train/cbsd/train-cbsd-89.jpg,1
/var/scratch/adam/cassava-raw/cassavaleafdata/train/cbsd/train-cbsd-890.jpg,1
/var/scratch/adam/cassava-raw/cassavaleafdata/train/cbsd/train-cbsd-891.jpg,1
/var/scratch/adam/cassava-raw/cassavaleafdata/train/cbsd/train-cbsd-892.jpg,1
/var/scratch/adam/cassava-raw/cassavaleafdata/train/cbsd/train-cbsd-893.jpg,1
/var/scratch/adam/cassava-raw/cassavaleafdata/train/cbsd/train-cbsd-894.jpg,1
/var/scratch/adam/cassava-raw/cassavaleafdata/train/cbsd/train-cbsd-895.jpg,1
/var/scratch/adam/cassava-raw/cassavaleafdata/train/cbsd/train-cbsd-896.jpg,1
/var/scratch/adam/cassava-raw/cassavaleafdata/train/cbsd/train-cbsd-897.jpg,1
/var/scratch/adam/cassava-raw/cassavaleafdata/train/cbsd/train-cbsd-898.jpg,1
/var/scratch/adam/cassava-raw/cassavaleafdata/train/cbsd/train-cbsd-899.jpg,1
/var/scratch/adam/cassava-raw/cassavaleafdata/train/cbsd/train-cbsd-9.jpg,1
/var/scratch/adam/cassava-raw/cassavaleafdata/train/cbsd/train-cbsd-90.jpg,1
/var/scratch/adam/cassava-raw/cassavaleafdata/train/cbsd/train-cbsd-900.jpg,1
/var/scratch/adam/cassava-raw/cassavaleafdata/train/cbsd/train-cbsd-901.jpg,1
/var/scratch/adam/cassava-raw/cassavaleafdata/train/cbsd/train-cbsd-902.jpg,1
/var/scratch/adam/cassava-raw/cassavaleafdata/train/cbsd/train-cbsd-903.jpg,1
/var/scratch/adam/cassava-raw/cassavaleafdata/train/cbsd/train-cbsd-904.jpg,1
/var/scratch/adam/cassava-raw/cassavaleafdata/train/cbsd/train-cbsd-905.jpg,1
/var/scratch/adam/cassava-raw/cassavaleafdata/train/cbsd/train-cbsd-906.jpg,1
/var/scratch/adam/cassava-raw/cassavaleafdata/train/cbsd/train-cbsd-907.jpg,1
/var/scratch/adam/cassava-raw/cassavaleafdata/train/cbsd/train-cbsd-908.jpg,1
/var/scratch/adam/cassava-raw/cassavaleafdata/train/cbsd/train-cbsd-909.jpg,1
/var/scratch/adam/cassava-raw/cassavaleafdata/train/cbsd/train-cbsd-91.jpg,1
/var/scratch/adam/cassava-raw/cassavaleafdata/train/cbsd/train-cbsd-910.jpg,1
/var/scratch/adam/cassava-raw/cassavaleafdata/train/cbsd/train-cbsd-911.jpg,1
/var/scratch/adam/cassava-raw/cassavaleafdata/train/cbsd/train-cbsd-912.jpg,1
/var/scratch/adam/cassava-raw/cassavaleafdata/train/cbsd/train-cbsd-913.jpg,1
/var/scratch/adam/cassava-raw/cassavaleafdata/train/cbsd/train-cbsd-914.jpg,1
/var/scratch/adam/cassava-raw/cassavaleafdata/train/cbsd/train-cbsd-915.jpg,1
/var/scratch/adam/cassava-raw/cassavaleafdata/train/cbsd/train-cbsd-916.jpg,1
/var/scratch/adam/cassava-raw/cassavaleafdata/train/cbsd/train-cbsd-917.jpg,1
/var/scratch/adam/cassava-raw/cassavaleafdata/train/cbsd/train-cbsd-918.jpg,1
/var/scratch/adam/cassava-raw/cassavaleafdata/train/cbsd/train-cbsd-919.jpg,1
/var/scratch/adam/cassava-raw/cassavaleafdata/train/cbsd/train-cbsd-92.jpg,1
/var/scratch/adam/cassava-raw/cassavaleafdata/train/cbsd/train-cbsd-920.jpg,1
/var/scratch/adam/cassava-raw/cassavaleafdata/train/cbsd/train-cbsd-921.jpg,1
/var/scratch/adam/cassava-raw/cassavaleafdata/train/cbsd/train-cbsd-922.jpg,1
/var/scratch/adam/cassava-raw/cassavaleafdata/train/cbsd/train-cbsd-923.jpg,1
/var/scratch/adam/cassava-raw/cassavaleafdata/train/cbsd/train-cbsd-924.jpg,1
/var/scratch/adam/cassava-raw/cassavaleafdata/train/cbsd/train-cbsd-925.jpg,1
/var/scratch/adam/cassava-raw/cassavaleafdata/train/cbsd/train-cbsd-926.jpg,1
/var/scratch/adam/cassava-raw/cassavaleafdata/train/cbsd/train-cbsd-927.jpg,1
/var/scratch/adam/cassava-raw/cassavaleafdata/train/cbsd/train-cbsd-928.jpg,1
/var/scratch/adam/cassava-raw/cassavaleafdata/train/cbsd/train-cbsd-929.jpg,1
/var/scratch/adam/cassava-raw/cassavaleafdata/train/cbsd/train-cbsd-93.jpg,1
/var/scratch/adam/cassava-raw/cassavaleafdata/train/cbsd/train-cbsd-930.jpg,1
/var/scratch/adam/cassava-raw/cassavaleafdata/train/cbsd/train-cbsd-931.jpg,1
/var/scratch/adam/cassava-raw/cassavaleafdata/train/cbsd/train-cbsd-932.jpg,1
/var/scratch/adam/cassava-raw/cassavaleafdata/train/cbsd/train-cbsd-933.jpg,1
/var/scratch/adam/cassava-raw/cassavaleafdata/train/cbsd/train-cbsd-934.jpg,1
/var/scratch/adam/cassava-raw/cassavaleafdata/train/cbsd/train-cbsd-935.jpg,1
/var/scratch/adam/cassava-raw/cassavaleafdata/train/cbsd/train-cbsd-936.jpg,1
/var/scratch/adam/cassava-raw/cassavaleafdata/train/cbsd/train-cbsd-937.jpg,1
/var/scratch/adam/cassava-raw/cassavaleafdata/train/cbsd/train-cbsd-938.jpg,1
/var/scratch/adam/cassava-raw/cassavaleafdata/train/cbsd/train-cbsd-939.jpg,1
/var/scratch/adam/cassava-raw/cassavaleafdata/train/cbsd/train-cbsd-94.jpg,1
/var/scratch/adam/cassava-raw/cassavaleafdata/train/cbsd/train-cbsd-940.jpg,1
/var/scratch/adam/cassava-raw/cassavaleafdata/train/cbsd/train-cbsd-941.jpg,1
/var/scratch/adam/cassava-raw/cassavaleafdata/train/cbsd/train-cbsd-942.jpg,1
/var/scratch/adam/cassava-raw/cassavaleafdata/train/cbsd/train-cbsd-943.jpg,1
/var/scratch/adam/cassava-raw/cassavaleafdata/train/cbsd/train-cbsd-944.jpg,1
/var/scratch/adam/cassava-raw/cassavaleafdata/train/cbsd/train-cbsd-945.jpg,1
/var/scratch/adam/cassava-raw/cassavaleafdata/train/cbsd/train-cbsd-946.jpg,1
/var/scratch/adam/cassava-raw/cassavaleafdata/train/cbsd/train-cbsd-947.jpg,1
/var/scratch/adam/cassava-raw/cassavaleafdata/train/cbsd/train-cbsd-948.jpg,1
/var/scratch/adam/cassava-raw/cassavaleafdata/train/cbsd/train-cbsd-949.jpg,1
/var/scratch/adam/cassava-raw/cassavaleafdata/train/cbsd/train-cbsd-95.jpg,1
/var/scratch/adam/cassava-raw/cassavaleafdata/train/cbsd/train-cbsd-950.jpg,1
/var/scratch/adam/cassava-raw/cassavaleafdata/train/cbsd/train-cbsd-951.jpg,1
/var/scratch/adam/cassava-raw/cassavaleafdata/train/cbsd/train-cbsd-952.jpg,1
/var/scratch/adam/cassava-raw/cassavaleafdata/train/cbsd/train-cbsd-953.jpg,1
/var/scratch/adam/cassava-raw/cassavaleafdata/train/cbsd/train-cbsd-954.jpg,1
/var/scratch/adam/cassava-raw/cassavaleafdata/train/cbsd/train-cbsd-955.jpg,1
/var/scratch/adam/cassava-raw/cassavaleafdata/train/cbsd/train-cbsd-956.jpg,1
/var/scratch/adam/cassava-raw/cassavaleafdata/train/cbsd/train-cbsd-957.jpg,1
/var/scratch/adam/cassava-raw/cassavaleafdata/train/cbsd/train-cbsd-958.jpg,1
/var/scratch/adam/cassava-raw/cassavaleafdata/train/cbsd/train-cbsd-959.jpg,1
/var/scratch/adam/cassava-raw/cassavaleafdata/train/cbsd/train-cbsd-96.jpg,1
/var/scratch/adam/cassava-raw/cassavaleafdata/train/cbsd/train-cbsd-960.jpg,1
/var/scratch/adam/cassava-raw/cassavaleafdata/train/cbsd/train-cbsd-961.jpg,1
/var/scratch/adam/cassava-raw/cassavaleafdata/train/cbsd/train-cbsd-962.jpg,1
/var/scratch/adam/cassava-raw/cassavaleafdata/train/cbsd/train-cbsd-963.jpg,1
/var/scratch/adam/cassava-raw/cassavaleafdata/train/cbsd/train-cbsd-964.jpg,1
/var/scratch/adam/cassava-raw/cassavaleafdata/train/cbsd/train-cbsd-965.jpg,1
/var/scratch/adam/cassava-raw/cassavaleafdata/train/cbsd/train-cbsd-966.jpg,1
/var/scratch/adam/cassava-raw/cassavaleafdata/train/cbsd/train-cbsd-967.jpg,1
/var/scratch/adam/cassava-raw/cassavaleafdata/train/cbsd/train-cbsd-968.jpg,1
/var/scratch/adam/cassava-raw/cassavaleafdata/train/cbsd/train-cbsd-969.jpg,1
/var/scratch/adam/cassava-raw/cassavaleafdata/train/cbsd/train-cbsd-97.jpg,1
/var/scratch/adam/cassava-raw/cassavaleafdata/train/cbsd/train-cbsd-970.jpg,1
/var/scratch/adam/cassava-raw/cassavaleafdata/train/cbsd/train-cbsd-971.jpg,1
/var/scratch/adam/cassava-raw/cassavaleafdata/train/cbsd/train-cbsd-972.jpg,1
/var/scratch/adam/cassava-raw/cassavaleafdata/train/cbsd/train-cbsd-973.jpg,1
/var/scratch/adam/cassava-raw/cassavaleafdata/train/cbsd/train-cbsd-974.jpg,1
/var/scratch/adam/cassava-raw/cassavaleafdata/train/cbsd/train-cbsd-975.jpg,1
/var/scratch/adam/cassava-raw/cassavaleafdata/train/cbsd/train-cbsd-976.jpg,1
/var/scratch/adam/cassava-raw/cassavaleafdata/train/cbsd/train-cbsd-977.jpg,1
/var/scratch/adam/cassava-raw/cassavaleafdata/train/cbsd/train-cbsd-978.jpg,1
/var/scratch/adam/cassava-raw/cassavaleafdata/train/cbsd/train-cbsd-979.jpg,1
/var/scratch/adam/cassava-raw/cassavaleafdata/train/cbsd/train-cbsd-98.jpg,1
/var/scratch/adam/cassava-raw/cassavaleafdata/train/cbsd/train-cbsd-980.jpg,1
/var/scratch/adam/cassava-raw/cassavaleafdata/train/cbsd/train-cbsd-981.jpg,1
/var/scratch/adam/cassava-raw/cassavaleafdata/train/cbsd/train-cbsd-982.jpg,1
/var/scratch/adam/cassava-raw/cassavaleafdata/train/cbsd/train-cbsd-983.jpg,1
/var/scratch/adam/cassava-raw/cassavaleafdata/train/cbsd/train-cbsd-984.jpg,1
/var/scratch/adam/cassava-raw/cassavaleafdata/train/cbsd/train-cbsd-985.jpg,1
/var/scratch/adam/cassava-raw/cassavaleafdata/train/cbsd/train-cbsd-986.jpg,1
/var/scratch/adam/cassava-raw/cassavaleafdata/train/cbsd/train-cbsd-987.jpg,1
/var/scratch/adam/cassava-raw/cassavaleafdata/train/cbsd/train-cbsd-988.jpg,1
/var/scratch/adam/cassava-raw/cassavaleafdata/train/cbsd/train-cbsd-989.jpg,1
/var/scratch/adam/cassava-raw/cassavaleafdata/train/cbsd/train-cbsd-99.jpg,1
/var/scratch/adam/cassava-raw/cassavaleafdata/train/cbsd/train-cbsd-990.jpg,1
/var/scratch/adam/cassava-raw/cassavaleafdata/train/cbsd/train-cbsd-991.jpg,1
/var/scratch/adam/cassava-raw/cassavaleafdata/train/cbsd/train-cbsd-992.jpg,1
/var/scratch/adam/cassava-raw/cassavaleafdata/train/cbsd/train-cbsd-993.jpg,1
/var/scratch/adam/cassava-raw/cassavaleafdata/train/cbsd/train-cbsd-994.jpg,1
/var/scratch/adam/cassava-raw/cassavaleafdata/train/cbsd/train-cbsd-995.jpg,1
/var/scratch/adam/cassava-raw/cassavaleafdata/train/cbsd/train-cbsd-996.jpg,1
/var/scratch/adam/cassava-raw/cassavaleafdata/train/cbsd/train-cbsd-997.jpg,1
/var/scratch/adam/cassava-raw/cassavaleafdata/train/cbsd/train-cbsd-998.jpg,1
/var/scratch/adam/cassava-raw/cassavaleafdata/train/cbsd/train-cbsd-999.jpg,1
/var/scratch/adam/cassava-raw/cassavaleafdata/train/cgm/train-cgm-0.jpg,2
/var/scratch/adam/cassava-raw/cassavaleafdata/train/cgm/train-cgm-1.jpg,2
/var/scratch/adam/cassava-raw/cassavaleafdata/train/cgm/train-cgm-10.jpg,2
/var/scratch/adam/cassava-raw/cassavaleafdata/train/cgm/train-cgm-100.jpg,2
/var/scratch/adam/cassava-raw/cassavaleafdata/train/cgm/train-cgm-101.jpg,2
/var/scratch/adam/cassava-raw/cassavaleafdata/train/cgm/train-cgm-102.jpg,2
/var/scratch/adam/cassava-raw/cassavaleafdata/train/cgm/train-cgm-103.jpg,2
/var/scratch/adam/cassava-raw/cassavaleafdata/train/cgm/train-cgm-104.jpg,2
/var/scratch/adam/cassava-raw/cassavaleafdata/train/cgm/train-cgm-105.jpg,2
/var/scratch/adam/cassava-raw/cassavaleafdata/train/cgm/train-cgm-106.jpg,2
/var/scratch/adam/cassava-raw/cassavaleafdata/train/cgm/train-cgm-107.jpg,2
/var/scratch/adam/cassava-raw/cassavaleafdata/train/cgm/train-cgm-108.jpg,2
/var/scratch/adam/cassava-raw/cassavaleafdata/train/cgm/train-cgm-109.jpg,2
/var/scratch/adam/cassava-raw/cassavaleafdata/train/cgm/train-cgm-11.jpg,2
/var/scratch/adam/cassava-raw/cassavaleafdata/train/cgm/train-cgm-110.jpg,2
/var/scratch/adam/cassava-raw/cassavaleafdata/train/cgm/train-cgm-111.jpg,2
/var/scratch/adam/cassava-raw/cassavaleafdata/train/cgm/train-cgm-112.jpg,2
/var/scratch/adam/cassava-raw/cassavaleafdata/train/cgm/train-cgm-113.jpg,2
/var/scratch/adam/cassava-raw/cassavaleafdata/train/cgm/train-cgm-114.jpg,2
/var/scratch/adam/cassava-raw/cassavaleafdata/train/cgm/train-cgm-115.jpg,2
/var/scratch/adam/cassava-raw/cassavaleafdata/train/cgm/train-cgm-116.jpg,2
/var/scratch/adam/cassava-raw/cassavaleafdata/train/cgm/train-cgm-117.jpg,2
/var/scratch/adam/cassava-raw/cassavaleafdata/train/cgm/train-cgm-118.jpg,2
/var/scratch/adam/cassava-raw/cassavaleafdata/train/cgm/train-cgm-119.jpg,2
/var/scratch/adam/cassava-raw/cassavaleafdata/train/cgm/train-cgm-12.jpg,2
/var/scratch/adam/cassava-raw/cassavaleafdata/train/cgm/train-cgm-120.jpg,2
/var/scratch/adam/cassava-raw/cassavaleafdata/train/cgm/train-cgm-121.jpg,2
/var/scratch/adam/cassava-raw/cassavaleafdata/train/cgm/train-cgm-122.jpg,2
/var/scratch/adam/cassava-raw/cassavaleafdata/train/cgm/train-cgm-123.jpg,2
/var/scratch/adam/cassava-raw/cassavaleafdata/train/cgm/train-cgm-124.jpg,2
/var/scratch/adam/cassava-raw/cassavaleafdata/train/cgm/train-cgm-125.jpg,2
/var/scratch/adam/cassava-raw/cassavaleafdata/train/cgm/train-cgm-126.jpg,2
/var/scratch/adam/cassava-raw/cassavaleafdata/train/cgm/train-cgm-127.jpg,2
/var/scratch/adam/cassava-raw/cassavaleafdata/train/cgm/train-cgm-128.jpg,2
/var/scratch/adam/cassava-raw/cassavaleafdata/train/cgm/train-cgm-129.jpg,2
/var/scratch/adam/cassava-raw/cassavaleafdata/train/cgm/train-cgm-13.jpg,2
/var/scratch/adam/cassava-raw/cassavaleafdata/train/cgm/train-cgm-130.jpg,2
/var/scratch/adam/cassava-raw/cassavaleafdata/train/cgm/train-cgm-131.jpg,2
/var/scratch/adam/cassava-raw/cassavaleafdata/train/cgm/train-cgm-132.jpg,2
/var/scratch/adam/cassava-raw/cassavaleafdata/train/cgm/train-cgm-133.jpg,2
/var/scratch/adam/cassava-raw/cassavaleafdata/train/cgm/train-cgm-134.jpg,2
/var/scratch/adam/cassava-raw/cassavaleafdata/train/cgm/train-cgm-135.jpg,2
/var/scratch/adam/cassava-raw/cassavaleafdata/train/cgm/train-cgm-136.jpg,2
/var/scratch/adam/cassava-raw/cassavaleafdata/train/cgm/train-cgm-137.jpg,2
/var/scratch/adam/cassava-raw/cassavaleafdata/train/cgm/train-cgm-138.jpg,2
/var/scratch/adam/cassava-raw/cassavaleafdata/train/cgm/train-cgm-139.jpg,2
/var/scratch/adam/cassava-raw/cassavaleafdata/train/cgm/train-cgm-14.jpg,2
/var/scratch/adam/cassava-raw/cassavaleafdata/train/cgm/train-cgm-140.jpg,2
/var/scratch/adam/cassava-raw/cassavaleafdata/train/cgm/train-cgm-141.jpg,2
/var/scratch/adam/cassava-raw/cassavaleafdata/train/cgm/train-cgm-142.jpg,2
/var/scratch/adam/cassava-raw/cassavaleafdata/train/cgm/train-cgm-143.jpg,2
/var/scratch/adam/cassava-raw/cassavaleafdata/train/cgm/train-cgm-144.jpg,2
/var/scratch/adam/cassava-raw/cassavaleafdata/train/cgm/train-cgm-145.jpg,2
/var/scratch/adam/cassava-raw/cassavaleafdata/train/cgm/train-cgm-146.jpg,2
/var/scratch/adam/cassava-raw/cassavaleafdata/train/cgm/train-cgm-147.jpg,2
/var/scratch/adam/cassava-raw/cassavaleafdata/train/cgm/train-cgm-148.jpg,2
/var/scratch/adam/cassava-raw/cassavaleafdata/train/cgm/train-cgm-149.jpg,2
/var/scratch/adam/cassava-raw/cassavaleafdata/train/cgm/train-cgm-15.jpg,2
/var/scratch/adam/cassava-raw/cassavaleafdata/train/cgm/train-cgm-150.jpg,2
/var/scratch/adam/cassava-raw/cassavaleafdata/train/cgm/train-cgm-151.jpg,2
/var/scratch/adam/cassava-raw/cassavaleafdata/train/cgm/train-cgm-152.jpg,2
/var/scratch/adam/cassava-raw/cassavaleafdata/train/cgm/train-cgm-153.jpg,2
/var/scratch/adam/cassava-raw/cassavaleafdata/train/cgm/train-cgm-154.jpg,2
/var/scratch/adam/cassava-raw/cassavaleafdata/train/cgm/train-cgm-155.jpg,2
/var/scratch/adam/cassava-raw/cassavaleafdata/train/cgm/train-cgm-156.jpg,2
/var/scratch/adam/cassava-raw/cassavaleafdata/train/cgm/train-cgm-157.jpg,2
/var/scratch/adam/cassava-raw/cassavaleafdata/train/cgm/train-cgm-158.jpg,2
/var/scratch/adam/cassava-raw/cassavaleafdata/train/cgm/train-cgm-159.jpg,2
/var/scratch/adam/cassava-raw/cassavaleafdata/train/cgm/train-cgm-16.jpg,2
/var/scratch/adam/cassava-raw/cassavaleafdata/train/cgm/train-cgm-160.jpg,2
/var/scratch/adam/cassava-raw/cassavaleafdata/train/cgm/train-cgm-161.jpg,2
/var/scratch/adam/cassava-raw/cassavaleafdata/train/cgm/train-cgm-162.jpg,2
/var/scratch/adam/cassava-raw/cassavaleafdata/train/cgm/train-cgm-163.jpg,2
/var/scratch/adam/cassava-raw/cassavaleafdata/train/cgm/train-cgm-164.jpg,2
/var/scratch/adam/cassava-raw/cassavaleafdata/train/cgm/train-cgm-165.jpg,2
/var/scratch/adam/cassava-raw/cassavaleafdata/train/cgm/train-cgm-166.jpg,2
/var/scratch/adam/cassava-raw/cassavaleafdata/train/cgm/train-cgm-167.jpg,2
/var/scratch/adam/cassava-raw/cassavaleafdata/train/cgm/train-cgm-168.jpg,2
/var/scratch/adam/cassava-raw/cassavaleafdata/train/cgm/train-cgm-169.jpg,2
/var/scratch/adam/cassava-raw/cassavaleafdata/train/cgm/train-cgm-17.jpg,2
/var/scratch/adam/cassava-raw/cassavaleafdata/train/cgm/train-cgm-170.jpg,2
/var/scratch/adam/cassava-raw/cassavaleafdata/train/cgm/train-cgm-171.jpg,2
/var/scratch/adam/cassava-raw/cassavaleafdata/train/cgm/train-cgm-172.jpg,2
/var/scratch/adam/cassava-raw/cassavaleafdata/train/cgm/train-cgm-173.jpg,2
/var/scratch/adam/cassava-raw/cassavaleafdata/train/cgm/train-cgm-174.jpg,2
/var/scratch/adam/cassava-raw/cassavaleafdata/train/cgm/train-cgm-175.jpg,2
/var/scratch/adam/cassava-raw/cassavaleafdata/train/cgm/train-cgm-176.jpg,2
/var/scratch/adam/cassava-raw/cassavaleafdata/train/cgm/train-cgm-177.jpg,2
/var/scratch/adam/cassava-raw/cassavaleafdata/train/cgm/train-cgm-178.jpg,2
/var/scratch/adam/cassava-raw/cassavaleafdata/train/cgm/train-cgm-179.jpg,2
/var/scratch/adam/cassava-raw/cassavaleafdata/train/cgm/train-cgm-18.jpg,2
/var/scratch/adam/cassava-raw/cassavaleafdata/train/cgm/train-cgm-180.jpg,2
/var/scratch/adam/cassava-raw/cassavaleafdata/train/cgm/train-cgm-181.jpg,2
/var/scratch/adam/cassava-raw/cassavaleafdata/train/cgm/train-cgm-182.jpg,2
/var/scratch/adam/cassava-raw/cassavaleafdata/train/cgm/train-cgm-183.jpg,2
/var/scratch/adam/cassava-raw/cassavaleafdata/train/cgm/train-cgm-184.jpg,2
/var/scratch/adam/cassava-raw/cassavaleafdata/train/cgm/train-cgm-185.jpg,2
/var/scratch/adam/cassava-raw/cassavaleafdata/train/cgm/train-cgm-186.jpg,2
/var/scratch/adam/cassava-raw/cassavaleafdata/train/cgm/train-cgm-187.jpg,2
/var/scratch/adam/cassava-raw/cassavaleafdata/train/cgm/train-cgm-188.jpg,2
/var/scratch/adam/cassava-raw/cassavaleafdata/train/cgm/train-cgm-189.jpg,2
/var/scratch/adam/cassava-raw/cassavaleafdata/train/cgm/train-cgm-19.jpg,2
/var/scratch/adam/cassava-raw/cassavaleafdata/train/cgm/train-cgm-190.jpg,2
/var/scratch/adam/cassava-raw/cassavaleafdata/train/cgm/train-cgm-191.jpg,2
/var/scratch/adam/cassava-raw/cassavaleafdata/train/cgm/train-cgm-192.jpg,2
/var/scratch/adam/cassava-raw/cassavaleafdata/train/cgm/train-cgm-193.jpg,2
/var/scratch/adam/cassava-raw/cassavaleafdata/train/cgm/train-cgm-194.jpg,2
/var/scratch/adam/cassava-raw/cassavaleafdata/train/cgm/train-cgm-195.jpg,2
/var/scratch/adam/cassava-raw/cassavaleafdata/train/cgm/train-cgm-196.jpg,2
/var/scratch/adam/cassava-raw/cassavaleafdata/train/cgm/train-cgm-197.jpg,2
/var/scratch/adam/cassava-raw/cassavaleafdata/train/cgm/train-cgm-198.jpg,2
/var/scratch/adam/cassava-raw/cassavaleafdata/train/cgm/train-cgm-199.jpg,2
/var/scratch/adam/cassava-raw/cassavaleafdata/train/cgm/train-cgm-2.jpg,2
/var/scratch/adam/cassava-raw/cassavaleafdata/train/cgm/train-cgm-20.jpg,2
/var/scratch/adam/cassava-raw/cassavaleafdata/train/cgm/train-cgm-200.jpg,2
/var/scratch/adam/cassava-raw/cassavaleafdata/train/cgm/train-cgm-201.jpg,2
/var/scratch/adam/cassava-raw/cassavaleafdata/train/cgm/train-cgm-202.jpg,2
/var/scratch/adam/cassava-raw/cassavaleafdata/train/cgm/train-cgm-203.jpg,2
/var/scratch/adam/cassava-raw/cassavaleafdata/train/cgm/train-cgm-204.jpg,2
/var/scratch/adam/cassava-raw/cassavaleafdata/train/cgm/train-cgm-205.jpg,2
/var/scratch/adam/cassava-raw/cassavaleafdata/train/cgm/train-cgm-206.jpg,2
/var/scratch/adam/cassava-raw/cassavaleafdata/train/cgm/train-cgm-207.jpg,2
/var/scratch/adam/cassava-raw/cassavaleafdata/train/cgm/train-cgm-208.jpg,2
/var/scratch/adam/cassava-raw/cassavaleafdata/train/cgm/train-cgm-209.jpg,2
/var/scratch/adam/cassava-raw/cassavaleafdata/train/cgm/train-cgm-21.jpg,2
/var/scratch/adam/cassava-raw/cassavaleafdata/train/cgm/train-cgm-210.jpg,2
/var/scratch/adam/cassava-raw/cassavaleafdata/train/cgm/train-cgm-211.jpg,2
/var/scratch/adam/cassava-raw/cassavaleafdata/train/cgm/train-cgm-212.jpg,2
/var/scratch/adam/cassava-raw/cassavaleafdata/train/cgm/train-cgm-213.jpg,2
/var/scratch/adam/cassava-raw/cassavaleafdata/train/cgm/train-cgm-214.jpg,2
/var/scratch/adam/cassava-raw/cassavaleafdata/train/cgm/train-cgm-215.jpg,2
/var/scratch/adam/cassava-raw/cassavaleafdata/train/cgm/train-cgm-216.jpg,2
/var/scratch/adam/cassava-raw/cassavaleafdata/train/cgm/train-cgm-217.jpg,2
/var/scratch/adam/cassava-raw/cassavaleafdata/train/cgm/train-cgm-218.jpg,2
/var/scratch/adam/cassava-raw/cassavaleafdata/train/cgm/train-cgm-219.jpg,2
/var/scratch/adam/cassava-raw/cassavaleafdata/train/cgm/train-cgm-22.jpg,2
/var/scratch/adam/cassava-raw/cassavaleafdata/train/cgm/train-cgm-220.jpg,2
/var/scratch/adam/cassava-raw/cassavaleafdata/train/cgm/train-cgm-221.jpg,2
/var/scratch/adam/cassava-raw/cassavaleafdata/train/cgm/train-cgm-222.jpg,2
/var/scratch/adam/cassava-raw/cassavaleafdata/train/cgm/train-cgm-223.jpg,2
/var/scratch/adam/cassava-raw/cassavaleafdata/train/cgm/train-cgm-224.jpg,2
/var/scratch/adam/cassava-raw/cassavaleafdata/train/cgm/train-cgm-225.jpg,2
/var/scratch/adam/cassava-raw/cassavaleafdata/train/cgm/train-cgm-226.jpg,2
/var/scratch/adam/cassava-raw/cassavaleafdata/train/cgm/train-cgm-227.jpg,2
/var/scratch/adam/cassava-raw/cassavaleafdata/train/cgm/train-cgm-228.jpg,2
/var/scratch/adam/cassava-raw/cassavaleafdata/train/cgm/train-cgm-229.jpg,2
/var/scratch/adam/cassava-raw/cassavaleafdata/train/cgm/train-cgm-23.jpg,2
/var/scratch/adam/cassava-raw/cassavaleafdata/train/cgm/train-cgm-230.jpg,2
/var/scratch/adam/cassava-raw/cassavaleafdata/train/cgm/train-cgm-231.jpg,2
/var/scratch/adam/cassava-raw/cassavaleafdata/train/cgm/train-cgm-232.jpg,2
/var/scratch/adam/cassava-raw/cassavaleafdata/train/cgm/train-cgm-233.jpg,2
/var/scratch/adam/cassava-raw/cassavaleafdata/train/cgm/train-cgm-234.jpg,2
/var/scratch/adam/cassava-raw/cassavaleafdata/train/cgm/train-cgm-235.jpg,2
/var/scratch/adam/cassava-raw/cassavaleafdata/train/cgm/train-cgm-236.jpg,2
/var/scratch/adam/cassava-raw/cassavaleafdata/train/cgm/train-cgm-237.jpg,2
/var/scratch/adam/cassava-raw/cassavaleafdata/train/cgm/train-cgm-238.jpg,2
/var/scratch/adam/cassava-raw/cassavaleafdata/train/cgm/train-cgm-239.jpg,2
/var/scratch/adam/cassava-raw/cassavaleafdata/train/cgm/train-cgm-24.jpg,2
/var/scratch/adam/cassava-raw/cassavaleafdata/train/cgm/train-cgm-240.jpg,2
/var/scratch/adam/cassava-raw/cassavaleafdata/train/cgm/train-cgm-241.jpg,2
/var/scratch/adam/cassava-raw/cassavaleafdata/train/cgm/train-cgm-242.jpg,2
/var/scratch/adam/cassava-raw/cassavaleafdata/train/cgm/train-cgm-243.jpg,2
/var/scratch/adam/cassava-raw/cassavaleafdata/train/cgm/train-cgm-244.jpg,2
/var/scratch/adam/cassava-raw/cassavaleafdata/train/cgm/train-cgm-245.jpg,2
/var/scratch/adam/cassava-raw/cassavaleafdata/train/cgm/train-cgm-246.jpg,2
/var/scratch/adam/cassava-raw/cassavaleafdata/train/cgm/train-cgm-247.jpg,2
/var/scratch/adam/cassava-raw/cassavaleafdata/train/cgm/train-cgm-248.jpg,2
/var/scratch/adam/cassava-raw/cassavaleafdata/train/cgm/train-cgm-249.jpg,2
/var/scratch/adam/cassava-raw/cassavaleafdata/train/cgm/train-cgm-25.jpg,2
/var/scratch/adam/cassava-raw/cassavaleafdata/train/cgm/train-cgm-250.jpg,2
/var/scratch/adam/cassava-raw/cassavaleafdata/train/cgm/train-cgm-251.jpg,2
/var/scratch/adam/cassava-raw/cassavaleafdata/train/cgm/train-cgm-252.jpg,2
/var/scratch/adam/cassava-raw/cassavaleafdata/train/cgm/train-cgm-253.jpg,2
/var/scratch/adam/cassava-raw/cassavaleafdata/train/cgm/train-cgm-254.jpg,2
/var/scratch/adam/cassava-raw/cassavaleafdata/train/cgm/train-cgm-255.jpg,2
/var/scratch/adam/cassava-raw/cassavaleafdata/train/cgm/train-cgm-256.jpg,2
/var/scratch/adam/cassava-raw/cassavaleafdata/train/cgm/train-cgm-257.jpg,2
/var/scratch/adam/cassava-raw/cassavaleafdata/train/cgm/train-cgm-258.jpg,2
/var/scratch/adam/cassava-raw/cassavaleafdata/train/cgm/train-cgm-259.jpg,2
/var/scratch/adam/cassava-raw/cassavaleafdata/train/cgm/train-cgm-26.jpg,2
/var/scratch/adam/cassava-raw/cassavaleafdata/train/cgm/train-cgm-260.jpg,2
/var/scratch/adam/cassava-raw/cassavaleafdata/train/cgm/train-cgm-261.jpg,2
/var/scratch/adam/cassava-raw/cassavaleafdata/train/cgm/train-cgm-262.jpg,2
/var/scratch/adam/cassava-raw/cassavaleafdata/train/cgm/train-cgm-263.jpg,2
/var/scratch/adam/cassava-raw/cassavaleafdata/train/cgm/train-cgm-264.jpg,2
/var/scratch/adam/cassava-raw/cassavaleafdata/train/cgm/train-cgm-265.jpg,2
/var/scratch/adam/cassava-raw/cassavaleafdata/train/cgm/train-cgm-266.jpg,2
/var/scratch/adam/cassava-raw/cassavaleafdata/train/cgm/train-cgm-267.jpg,2
/var/scratch/adam/cassava-raw/cassavaleafdata/train/cgm/train-cgm-268.jpg,2
/var/scratch/adam/cassava-raw/cassavaleafdata/train/cgm/train-cgm-269.jpg,2
/var/scratch/adam/cassava-raw/cassavaleafdata/train/cgm/train-cgm-27.jpg,2
/var/scratch/adam/cassava-raw/cassavaleafdata/train/cgm/train-cgm-270.jpg,2
/var/scratch/adam/cassava-raw/cassavaleafdata/train/cgm/train-cgm-271.jpg,2
/var/scratch/adam/cassava-raw/cassavaleafdata/train/cgm/train-cgm-272.jpg,2
/var/scratch/adam/cassava-raw/cassavaleafdata/train/cgm/train-cgm-273.jpg,2
/var/scratch/adam/cassava-raw/cassavaleafdata/train/cgm/train-cgm-274.jpg,2
/var/scratch/adam/cassava-raw/cassavaleafdata/train/cgm/train-cgm-275.jpg,2
/var/scratch/adam/cassava-raw/cassavaleafdata/train/cgm/train-cgm-276.jpg,2
/var/scratch/adam/cassava-raw/cassavaleafdata/train/cgm/train-cgm-277.jpg,2
/var/scratch/adam/cassava-raw/cassavaleafdata/train/cgm/train-cgm-278.jpg,2
/var/scratch/adam/cassava-raw/cassavaleafdata/train/cgm/train-cgm-279.jpg,2
/var/scratch/adam/cassava-raw/cassavaleafdata/train/cgm/train-cgm-28.jpg,2
/var/scratch/adam/cassava-raw/cassavaleafdata/train/cgm/train-cgm-280.jpg,2
/var/scratch/adam/cassava-raw/cassavaleafdata/train/cgm/train-cgm-281.jpg,2
/var/scratch/adam/cassava-raw/cassavaleafdata/train/cgm/train-cgm-282.jpg,2
/var/scratch/adam/cassava-raw/cassavaleafdata/train/cgm/train-cgm-283.jpg,2
/var/scratch/adam/cassava-raw/cassavaleafdata/train/cgm/train-cgm-284.jpg,2
/var/scratch/adam/cassava-raw/cassavaleafdata/train/cgm/train-cgm-285.jpg,2
/var/scratch/adam/cassava-raw/cassavaleafdata/train/cgm/train-cgm-286.jpg,2
/var/scratch/adam/cassava-raw/cassavaleafdata/train/cgm/train-cgm-287.jpg,2
/var/scratch/adam/cassava-raw/cassavaleafdata/train/cgm/train-cgm-288.jpg,2
/var/scratch/adam/cassava-raw/cassavaleafdata/train/cgm/train-cgm-289.jpg,2
/var/scratch/adam/cassava-raw/cassavaleafdata/train/cgm/train-cgm-29.jpg,2
/var/scratch/adam/cassava-raw/cassavaleafdata/train/cgm/train-cgm-290.jpg,2
/var/scratch/adam/cassava-raw/cassavaleafdata/train/cgm/train-cgm-291.jpg,2
/var/scratch/adam/cassava-raw/cassavaleafdata/train/cgm/train-cgm-292.jpg,2
/var/scratch/adam/cassava-raw/cassavaleafdata/train/cgm/train-cgm-293.jpg,2
/var/scratch/adam/cassava-raw/cassavaleafdata/train/cgm/train-cgm-294.jpg,2
/var/scratch/adam/cassava-raw/cassavaleafdata/train/cgm/train-cgm-295.jpg,2
/var/scratch/adam/cassava-raw/cassavaleafdata/train/cgm/train-cgm-296.jpg,2
/var/scratch/adam/cassava-raw/cassavaleafdata/train/cgm/train-cgm-297.jpg,2
/var/scratch/adam/cassava-raw/cassavaleafdata/train/cgm/train-cgm-298.jpg,2
/var/scratch/adam/cassava-raw/cassavaleafdata/train/cgm/train-cgm-299.jpg,2
/var/scratch/adam/cassava-raw/cassavaleafdata/train/cgm/train-cgm-3.jpg,2
/var/scratch/adam/cassava-raw/cassavaleafdata/train/cgm/train-cgm-30.jpg,2
/var/scratch/adam/cassava-raw/cassavaleafdata/train/cgm/train-cgm-300.jpg,2
/var/scratch/adam/cassava-raw/cassavaleafdata/train/cgm/train-cgm-301.jpg,2
/var/scratch/adam/cassava-raw/cassavaleafdata/train/cgm/train-cgm-302.jpg,2
/var/scratch/adam/cassava-raw/cassavaleafdata/train/cgm/train-cgm-303.jpg,2
/var/scratch/adam/cassava-raw/cassavaleafdata/train/cgm/train-cgm-304.jpg,2
/var/scratch/adam/cassava-raw/cassavaleafdata/train/cgm/train-cgm-305.jpg,2
/var/scratch/adam/cassava-raw/cassavaleafdata/train/cgm/train-cgm-306.jpg,2
/var/scratch/adam/cassava-raw/cassavaleafdata/train/cgm/train-cgm-307.jpg,2
/var/scratch/adam/cassava-raw/cassavaleafdata/train/cgm/train-cgm-308.jpg,2
/var/scratch/adam/cassava-raw/cassavaleafdata/train/cgm/train-cgm-309.jpg,2
/var/scratch/adam/cassava-raw/cassavaleafdata/train/cgm/train-cgm-31.jpg,2
/var/scratch/adam/cassava-raw/cassavaleafdata/train/cgm/train-cgm-310.jpg,2
/var/scratch/adam/cassava-raw/cassavaleafdata/train/cgm/train-cgm-311.jpg,2
/var/scratch/adam/cassava-raw/cassavaleafdata/train/cgm/train-cgm-312.jpg,2
/var/scratch/adam/cassava-raw/cassavaleafdata/train/cgm/train-cgm-313.jpg,2
/var/scratch/adam/cassava-raw/cassavaleafdata/train/cgm/train-cgm-314.jpg,2
/var/scratch/adam/cassava-raw/cassavaleafdata/train/cgm/train-cgm-315.jpg,2
/var/scratch/adam/cassava-raw/cassavaleafdata/train/cgm/train-cgm-316.jpg,2
/var/scratch/adam/cassava-raw/cassavaleafdata/train/cgm/train-cgm-317.jpg,2
/var/scratch/adam/cassava-raw/cassavaleafdata/train/cgm/train-cgm-318.jpg,2
/var/scratch/adam/cassava-raw/cassavaleafdata/train/cgm/train-cgm-319.jpg,2
/var/scratch/adam/cassava-raw/cassavaleafdata/train/cgm/train-cgm-32.jpg,2
/var/scratch/adam/cassava-raw/cassavaleafdata/train/cgm/train-cgm-320.jpg,2
/var/scratch/adam/cassava-raw/cassavaleafdata/train/cgm/train-cgm-321.jpg,2
/var/scratch/adam/cassava-raw/cassavaleafdata/train/cgm/train-cgm-322.jpg,2
/var/scratch/adam/cassava-raw/cassavaleafdata/train/cgm/train-cgm-323.jpg,2
/var/scratch/adam/cassava-raw/cassavaleafdata/train/cgm/train-cgm-324.jpg,2
/var/scratch/adam/cassava-raw/cassavaleafdata/train/cgm/train-cgm-325.jpg,2
/var/scratch/adam/cassava-raw/cassavaleafdata/train/cgm/train-cgm-326.jpg,2
/var/scratch/adam/cassava-raw/cassavaleafdata/train/cgm/train-cgm-327.jpg,2
/var/scratch/adam/cassava-raw/cassavaleafdata/train/cgm/train-cgm-328.jpg,2
/var/scratch/adam/cassava-raw/cassavaleafdata/train/cgm/train-cgm-329.jpg,2
/var/scratch/adam/cassava-raw/cassavaleafdata/train/cgm/train-cgm-33.jpg,2
/var/scratch/adam/cassava-raw/cassavaleafdata/train/cgm/train-cgm-330.jpg,2
/var/scratch/adam/cassava-raw/cassavaleafdata/train/cgm/train-cgm-331.jpg,2
/var/scratch/adam/cassava-raw/cassavaleafdata/train/cgm/train-cgm-332.jpg,2
/var/scratch/adam/cassava-raw/cassavaleafdata/train/cgm/train-cgm-333.jpg,2
/var/scratch/adam/cassava-raw/cassavaleafdata/train/cgm/train-cgm-334.jpg,2
/var/scratch/adam/cassava-raw/cassavaleafdata/train/cgm/train-cgm-335.jpg,2
/var/scratch/adam/cassava-raw/cassavaleafdata/train/cgm/train-cgm-336.jpg,2
/var/scratch/adam/cassava-raw/cassavaleafdata/train/cgm/train-cgm-337.jpg,2
/var/scratch/adam/cassava-raw/cassavaleafdata/train/cgm/train-cgm-338.jpg,2
/var/scratch/adam/cassava-raw/cassavaleafdata/train/cgm/train-cgm-339.jpg,2
/var/scratch/adam/cassava-raw/cassavaleafdata/train/cgm/train-cgm-34.jpg,2
/var/scratch/adam/cassava-raw/cassavaleafdata/train/cgm/train-cgm-340.jpg,2
/var/scratch/adam/cassava-raw/cassavaleafdata/train/cgm/train-cgm-341.jpg,2
/var/scratch/adam/cassava-raw/cassavaleafdata/train/cgm/train-cgm-342.jpg,2
/var/scratch/adam/cassava-raw/cassavaleafdata/train/cgm/train-cgm-343.jpg,2
/var/scratch/adam/cassava-raw/cassavaleafdata/train/cgm/train-cgm-344.jpg,2
/var/scratch/adam/cassava-raw/cassavaleafdata/train/cgm/train-cgm-345.jpg,2
/var/scratch/adam/cassava-raw/cassavaleafdata/train/cgm/train-cgm-346.jpg,2
/var/scratch/adam/cassava-raw/cassavaleafdata/train/cgm/train-cgm-347.jpg,2
/var/scratch/adam/cassava-raw/cassavaleafdata/train/cgm/train-cgm-348.jpg,2
/var/scratch/adam/cassava-raw/cassavaleafdata/train/cgm/train-cgm-349.jpg,2
/var/scratch/adam/cassava-raw/cassavaleafdata/train/cgm/train-cgm-35.jpg,2
/var/scratch/adam/cassava-raw/cassavaleafdata/train/cgm/train-cgm-350.jpg,2
/var/scratch/adam/cassava-raw/cassavaleafdata/train/cgm/train-cgm-351.jpg,2
/var/scratch/adam/cassava-raw/cassavaleafdata/train/cgm/train-cgm-352.jpg,2
/var/scratch/adam/cassava-raw/cassavaleafdata/train/cgm/train-cgm-353.jpg,2
/var/scratch/adam/cassava-raw/cassavaleafdata/train/cgm/train-cgm-354.jpg,2
/var/scratch/adam/cassava-raw/cassavaleafdata/train/cgm/train-cgm-355.jpg,2
/var/scratch/adam/cassava-raw/cassavaleafdata/train/cgm/train-cgm-356.jpg,2
/var/scratch/adam/cassava-raw/cassavaleafdata/train/cgm/train-cgm-357.jpg,2
/var/scratch/adam/cassava-raw/cassavaleafdata/train/cgm/train-cgm-358.jpg,2
/var/scratch/adam/cassava-raw/cassavaleafdata/train/cgm/train-cgm-359.jpg,2
/var/scratch/adam/cassava-raw/cassavaleafdata/train/cgm/train-cgm-36.jpg,2
/var/scratch/adam/cassava-raw/cassavaleafdata/train/cgm/train-cgm-360.jpg,2
/var/scratch/adam/cassava-raw/cassavaleafdata/train/cgm/train-cgm-361.jpg,2
/var/scratch/adam/cassava-raw/cassavaleafdata/train/cgm/train-cgm-362.jpg,2
/var/scratch/adam/cassava-raw/cassavaleafdata/train/cgm/train-cgm-363.jpg,2
/var/scratch/adam/cassava-raw/cassavaleafdata/train/cgm/train-cgm-364.jpg,2
/var/scratch/adam/cassava-raw/cassavaleafdata/train/cgm/train-cgm-365.jpg,2
/var/scratch/adam/cassava-raw/cassavaleafdata/train/cgm/train-cgm-366.jpg,2
/var/scratch/adam/cassava-raw/cassavaleafdata/train/cgm/train-cgm-367.jpg,2
/var/scratch/adam/cassava-raw/cassavaleafdata/train/cgm/train-cgm-368.jpg,2
/var/scratch/adam/cassava-raw/cassavaleafdata/train/cgm/train-cgm-369.jpg,2
/var/scratch/adam/cassava-raw/cassavaleafdata/train/cgm/train-cgm-37.jpg,2
/var/scratch/adam/cassava-raw/cassavaleafdata/train/cgm/train-cgm-370.jpg,2
/var/scratch/adam/cassava-raw/cassavaleafdata/train/cgm/train-cgm-371.jpg,2
/var/scratch/adam/cassava-raw/cassavaleafdata/train/cgm/train-cgm-372.jpg,2
/var/scratch/adam/cassava-raw/cassavaleafdata/train/cgm/train-cgm-373.jpg,2
/var/scratch/adam/cassava-raw/cassavaleafdata/train/cgm/train-cgm-374.jpg,2
/var/scratch/adam/cassava-raw/cassavaleafdata/train/cgm/train-cgm-375.jpg,2
/var/scratch/adam/cassava-raw/cassavaleafdata/train/cgm/train-cgm-376.jpg,2
/var/scratch/adam/cassava-raw/cassavaleafdata/train/cgm/train-cgm-377.jpg,2
/var/scratch/adam/cassava-raw/cassavaleafdata/train/cgm/train-cgm-378.jpg,2
/var/scratch/adam/cassava-raw/cassavaleafdata/train/cgm/train-cgm-379.jpg,2
/var/scratch/adam/cassava-raw/cassavaleafdata/train/cgm/train-cgm-38.jpg,2
/var/scratch/adam/cassava-raw/cassavaleafdata/train/cgm/train-cgm-380.jpg,2
/var/scratch/adam/cassava-raw/cassavaleafdata/train/cgm/train-cgm-381.jpg,2
/var/scratch/adam/cassava-raw/cassavaleafdata/train/cgm/train-cgm-382.jpg,2
/var/scratch/adam/cassava-raw/cassavaleafdata/train/cgm/train-cgm-383.jpg,2
/var/scratch/adam/cassava-raw/cassavaleafdata/train/cgm/train-cgm-384.jpg,2
/var/scratch/adam/cassava-raw/cassavaleafdata/train/cgm/train-cgm-385.jpg,2
/var/scratch/adam/cassava-raw/cassavaleafdata/train/cgm/train-cgm-386.jpg,2
/var/scratch/adam/cassava-raw/cassavaleafdata/train/cgm/train-cgm-387.jpg,2
/var/scratch/adam/cassava-raw/cassavaleafdata/train/cgm/train-cgm-388.jpg,2
/var/scratch/adam/cassava-raw/cassavaleafdata/train/cgm/train-cgm-389.jpg,2
/var/scratch/adam/cassava-raw/cassavaleafdata/train/cgm/train-cgm-39.jpg,2
/var/scratch/adam/cassava-raw/cassavaleafdata/train/cgm/train-cgm-390.jpg,2
/var/scratch/adam/cassava-raw/cassavaleafdata/train/cgm/train-cgm-391.jpg,2
/var/scratch/adam/cassava-raw/cassavaleafdata/train/cgm/train-cgm-392.jpg,2
/var/scratch/adam/cassava-raw/cassavaleafdata/train/cgm/train-cgm-393.jpg,2
/var/scratch/adam/cassava-raw/cassavaleafdata/train/cgm/train-cgm-394.jpg,2
/var/scratch/adam/cassava-raw/cassavaleafdata/train/cgm/train-cgm-395.jpg,2
/var/scratch/adam/cassava-raw/cassavaleafdata/train/cgm/train-cgm-396.jpg,2
/var/scratch/adam/cassava-raw/cassavaleafdata/train/cgm/train-cgm-397.jpg,2
/var/scratch/adam/cassava-raw/cassavaleafdata/train/cgm/train-cgm-398.jpg,2
/var/scratch/adam/cassava-raw/cassavaleafdata/train/cgm/train-cgm-399.jpg,2
/var/scratch/adam/cassava-raw/cassavaleafdata/train/cgm/train-cgm-4.jpg,2
/var/scratch/adam/cassava-raw/cassavaleafdata/train/cgm/train-cgm-40.jpg,2
/var/scratch/adam/cassava-raw/cassavaleafdata/train/cgm/train-cgm-400.jpg,2
/var/scratch/adam/cassava-raw/cassavaleafdata/train/cgm/train-cgm-401.jpg,2
/var/scratch/adam/cassava-raw/cassavaleafdata/train/cgm/train-cgm-402.jpg,2
/var/scratch/adam/cassava-raw/cassavaleafdata/train/cgm/train-cgm-403.jpg,2
/var/scratch/adam/cassava-raw/cassavaleafdata/train/cgm/train-cgm-404.jpg,2
/var/scratch/adam/cassava-raw/cassavaleafdata/train/cgm/train-cgm-405.jpg,2
/var/scratch/adam/cassava-raw/cassavaleafdata/train/cgm/train-cgm-406.jpg,2
/var/scratch/adam/cassava-raw/cassavaleafdata/train/cgm/train-cgm-407.jpg,2
/var/scratch/adam/cassava-raw/cassavaleafdata/train/cgm/train-cgm-408.jpg,2
/var/scratch/adam/cassava-raw/cassavaleafdata/train/cgm/train-cgm-409.jpg,2
/var/scratch/adam/cassava-raw/cassavaleafdata/train/cgm/train-cgm-41.jpg,2
/var/scratch/adam/cassava-raw/cassavaleafdata/train/cgm/train-cgm-410.jpg,2
/var/scratch/adam/cassava-raw/cassavaleafdata/train/cgm/train-cgm-411.jpg,2
/var/scratch/adam/cassava-raw/cassavaleafdata/train/cgm/train-cgm-412.jpg,2
/var/scratch/adam/cassava-raw/cassavaleafdata/train/cgm/train-cgm-413.jpg,2
/var/scratch/adam/cassava-raw/cassavaleafdata/train/cgm/train-cgm-414.jpg,2
/var/scratch/adam/cassava-raw/cassavaleafdata/train/cgm/train-cgm-415.jpg,2
/var/scratch/adam/cassava-raw/cassavaleafdata/train/cgm/train-cgm-416.jpg,2
/var/scratch/adam/cassava-raw/cassavaleafdata/train/cgm/train-cgm-417.jpg,2
/var/scratch/adam/cassava-raw/cassavaleafdata/train/cgm/train-cgm-418.jpg,2
/var/scratch/adam/cassava-raw/cassavaleafdata/train/cgm/train-cgm-419.jpg,2
/var/scratch/adam/cassava-raw/cassavaleafdata/train/cgm/train-cgm-42.jpg,2
/var/scratch/adam/cassava-raw/cassavaleafdata/train/cgm/train-cgm-420.jpg,2
/var/scratch/adam/cassava-raw/cassavaleafdata/train/cgm/train-cgm-421.jpg,2
/var/scratch/adam/cassava-raw/cassavaleafdata/train/cgm/train-cgm-422.jpg,2
/var/scratch/adam/cassava-raw/cassavaleafdata/train/cgm/train-cgm-423.jpg,2
/var/scratch/adam/cassava-raw/cassavaleafdata/train/cgm/train-cgm-424.jpg,2
/var/scratch/adam/cassava-raw/cassavaleafdata/train/cgm/train-cgm-425.jpg,2
/var/scratch/adam/cassava-raw/cassavaleafdata/train/cgm/train-cgm-426.jpg,2
/var/scratch/adam/cassava-raw/cassavaleafdata/train/cgm/train-cgm-427.jpg,2
/var/scratch/adam/cassava-raw/cassavaleafdata/train/cgm/train-cgm-428.jpg,2
/var/scratch/adam/cassava-raw/cassavaleafdata/train/cgm/train-cgm-429.jpg,2
/var/scratch/adam/cassava-raw/cassavaleafdata/train/cgm/train-cgm-43.jpg,2
/var/scratch/adam/cassava-raw/cassavaleafdata/train/cgm/train-cgm-430.jpg,2
/var/scratch/adam/cassava-raw/cassavaleafdata/train/cgm/train-cgm-431.jpg,2
/var/scratch/adam/cassava-raw/cassavaleafdata/train/cgm/train-cgm-432.jpg,2
/var/scratch/adam/cassava-raw/cassavaleafdata/train/cgm/train-cgm-433.jpg,2
/var/scratch/adam/cassava-raw/cassavaleafdata/train/cgm/train-cgm-434.jpg,2
/var/scratch/adam/cassava-raw/cassavaleafdata/train/cgm/train-cgm-435.jpg,2
/var/scratch/adam/cassava-raw/cassavaleafdata/train/cgm/train-cgm-436.jpg,2
/var/scratch/adam/cassava-raw/cassavaleafdata/train/cgm/train-cgm-437.jpg,2
/var/scratch/adam/cassava-raw/cassavaleafdata/train/cgm/train-cgm-438.jpg,2
/var/scratch/adam/cassava-raw/cassavaleafdata/train/cgm/train-cgm-439.jpg,2
/var/scratch/adam/cassava-raw/cassavaleafdata/train/cgm/train-cgm-44.jpg,2
/var/scratch/adam/cassava-raw/cassavaleafdata/train/cgm/train-cgm-440.jpg,2
/var/scratch/adam/cassava-raw/cassavaleafdata/train/cgm/train-cgm-441.jpg,2
/var/scratch/adam/cassava-raw/cassavaleafdata/train/cgm/train-cgm-442.jpg,2
/var/scratch/adam/cassava-raw/cassavaleafdata/train/cgm/train-cgm-443.jpg,2
/var/scratch/adam/cassava-raw/cassavaleafdata/train/cgm/train-cgm-444.jpg,2
/var/scratch/adam/cassava-raw/cassavaleafdata/train/cgm/train-cgm-445.jpg,2
/var/scratch/adam/cassava-raw/cassavaleafdata/train/cgm/train-cgm-446.jpg,2
/var/scratch/adam/cassava-raw/cassavaleafdata/train/cgm/train-cgm-447.jpg,2
/var/scratch/adam/cassava-raw/cassavaleafdata/train/cgm/train-cgm-448.jpg,2
/var/scratch/adam/cassava-raw/cassavaleafdata/train/cgm/train-cgm-449.jpg,2
/var/scratch/adam/cassava-raw/cassavaleafdata/train/cgm/train-cgm-45.jpg,2
/var/scratch/adam/cassava-raw/cassavaleafdata/train/cgm/train-cgm-450.jpg,2
/var/scratch/adam/cassava-raw/cassavaleafdata/train/cgm/train-cgm-451.jpg,2
/var/scratch/adam/cassava-raw/cassavaleafdata/train/cgm/train-cgm-452.jpg,2
/var/scratch/adam/cassava-raw/cassavaleafdata/train/cgm/train-cgm-453.jpg,2
/var/scratch/adam/cassava-raw/cassavaleafdata/train/cgm/train-cgm-454.jpg,2
/var/scratch/adam/cassava-raw/cassavaleafdata/train/cgm/train-cgm-455.jpg,2
/var/scratch/adam/cassava-raw/cassavaleafdata/train/cgm/train-cgm-456.jpg,2
/var/scratch/adam/cassava-raw/cassavaleafdata/train/cgm/train-cgm-457.jpg,2
/var/scratch/adam/cassava-raw/cassavaleafdata/train/cgm/train-cgm-458.jpg,2
/var/scratch/adam/cassava-raw/cassavaleafdata/train/cgm/train-cgm-459.jpg,2
/var/scratch/adam/cassava-raw/cassavaleafdata/train/cgm/train-cgm-46.jpg,2
/var/scratch/adam/cassava-raw/cassavaleafdata/train/cgm/train-cgm-460.jpg,2
/var/scratch/adam/cassava-raw/cassavaleafdata/train/cgm/train-cgm-461.jpg,2
/var/scratch/adam/cassava-raw/cassavaleafdata/train/cgm/train-cgm-462.jpg,2
/var/scratch/adam/cassava-raw/cassavaleafdata/train/cgm/train-cgm-463.jpg,2
/var/scratch/adam/cassava-raw/cassavaleafdata/train/cgm/train-cgm-464.jpg,2
/var/scratch/adam/cassava-raw/cassavaleafdata/train/cgm/train-cgm-465.jpg,2
/var/scratch/adam/cassava-raw/cassavaleafdata/train/cgm/train-cgm-466.jpg,2
/var/scratch/adam/cassava-raw/cassavaleafdata/train/cgm/train-cgm-467.jpg,2
/var/scratch/adam/cassava-raw/cassavaleafdata/train/cgm/train-cgm-468.jpg,2
/var/scratch/adam/cassava-raw/cassavaleafdata/train/cgm/train-cgm-469.jpg,2
/var/scratch/adam/cassava-raw/cassavaleafdata/train/cgm/train-cgm-47.jpg,2
/var/scratch/adam/cassava-raw/cassavaleafdata/train/cgm/train-cgm-470.jpg,2
/var/scratch/adam/cassava-raw/cassavaleafdata/train/cgm/train-cgm-471.jpg,2
/var/scratch/adam/cassava-raw/cassavaleafdata/train/cgm/train-cgm-472.jpg,2
/var/scratch/adam/cassava-raw/cassavaleafdata/train/cgm/train-cgm-473.jpg,2
/var/scratch/adam/cassava-raw/cassavaleafdata/train/cgm/train-cgm-474.jpg,2
/var/scratch/adam/cassava-raw/cassavaleafdata/train/cgm/train-cgm-475.jpg,2
/var/scratch/adam/cassava-raw/cassavaleafdata/train/cgm/train-cgm-476.jpg,2
/var/scratch/adam/cassava-raw/cassavaleafdata/train/cgm/train-cgm-477.jpg,2
/var/scratch/adam/cassava-raw/cassavaleafdata/train/cgm/train-cgm-478.jpg,2
/var/scratch/adam/cassava-raw/cassavaleafdata/train/cgm/train-cgm-479.jpg,2
/var/scratch/adam/cassava-raw/cassavaleafdata/train/cgm/train-cgm-48.jpg,2
/var/scratch/adam/cassava-raw/cassavaleafdata/train/cgm/train-cgm-480.jpg,2
/var/scratch/adam/cassava-raw/cassavaleafdata/train/cgm/train-cgm-481.jpg,2
/var/scratch/adam/cassava-raw/cassavaleafdata/train/cgm/train-cgm-482.jpg,2
/var/scratch/adam/cassava-raw/cassavaleafdata/train/cgm/train-cgm-483.jpg,2
/var/scratch/adam/cassava-raw/cassavaleafdata/train/cgm/train-cgm-484.jpg,2
/var/scratch/adam/cassava-raw/cassavaleafdata/train/cgm/train-cgm-485.jpg,2
/var/scratch/adam/cassava-raw/cassavaleafdata/train/cgm/train-cgm-486.jpg,2
/var/scratch/adam/cassava-raw/cassavaleafdata/train/cgm/train-cgm-487.jpg,2
/var/scratch/adam/cassava-raw/cassavaleafdata/train/cgm/train-cgm-488.jpg,2
/var/scratch/adam/cassava-raw/cassavaleafdata/train/cgm/train-cgm-489.jpg,2
/var/scratch/adam/cassava-raw/cassavaleafdata/train/cgm/train-cgm-49.jpg,2
/var/scratch/adam/cassava-raw/cassavaleafdata/train/cgm/train-cgm-490.jpg,2
/var/scratch/adam/cassava-raw/cassavaleafdata/train/cgm/train-cgm-491.jpg,2
/var/scratch/adam/cassava-raw/cassavaleafdata/train/cgm/train-cgm-492.jpg,2
/var/scratch/adam/cassava-raw/cassavaleafdata/train/cgm/train-cgm-493.jpg,2
/var/scratch/adam/cassava-raw/cassavaleafdata/train/cgm/train-cgm-494.jpg,2
/var/scratch/adam/cassava-raw/cassavaleafdata/train/cgm/train-cgm-495.jpg,2
/var/scratch/adam/cassava-raw/cassavaleafdata/train/cgm/train-cgm-496.jpg,2
/var/scratch/adam/cassava-raw/cassavaleafdata/train/cgm/train-cgm-497.jpg,2
/var/scratch/adam/cassava-raw/cassavaleafdata/train/cgm/train-cgm-498.jpg,2
/var/scratch/adam/cassava-raw/cassavaleafdata/train/cgm/train-cgm-499.jpg,2
/var/scratch/adam/cassava-raw/cassavaleafdata/train/cgm/train-cgm-5.jpg,2
/var/scratch/adam/cassava-raw/cassavaleafdata/train/cgm/train-cgm-50.jpg,2
/var/scratch/adam/cassava-raw/cassavaleafdata/train/cgm/train-cgm-500.jpg,2
/var/scratch/adam/cassava-raw/cassavaleafdata/train/cgm/train-cgm-501.jpg,2
/var/scratch/adam/cassava-raw/cassavaleafdata/train/cgm/train-cgm-502.jpg,2
/var/scratch/adam/cassava-raw/cassavaleafdata/train/cgm/train-cgm-503.jpg,2
/var/scratch/adam/cassava-raw/cassavaleafdata/train/cgm/train-cgm-504.jpg,2
/var/scratch/adam/cassava-raw/cassavaleafdata/train/cgm/train-cgm-505.jpg,2
/var/scratch/adam/cassava-raw/cassavaleafdata/train/cgm/train-cgm-506.jpg,2
/var/scratch/adam/cassava-raw/cassavaleafdata/train/cgm/train-cgm-507.jpg,2
/var/scratch/adam/cassava-raw/cassavaleafdata/train/cgm/train-cgm-508.jpg,2
/var/scratch/adam/cassava-raw/cassavaleafdata/train/cgm/train-cgm-509.jpg,2
/var/scratch/adam/cassava-raw/cassavaleafdata/train/cgm/train-cgm-51.jpg,2
/var/scratch/adam/cassava-raw/cassavaleafdata/train/cgm/train-cgm-510.jpg,2
/var/scratch/adam/cassava-raw/cassavaleafdata/train/cgm/train-cgm-511.jpg,2
/var/scratch/adam/cassava-raw/cassavaleafdata/train/cgm/train-cgm-512.jpg,2
/var/scratch/adam/cassava-raw/cassavaleafdata/train/cgm/train-cgm-513.jpg,2
/var/scratch/adam/cassava-raw/cassavaleafdata/train/cgm/train-cgm-514.jpg,2
/var/scratch/adam/cassava-raw/cassavaleafdata/train/cgm/train-cgm-515.jpg,2
/var/scratch/adam/cassava-raw/cassavaleafdata/train/cgm/train-cgm-516.jpg,2
/var/scratch/adam/cassava-raw/cassavaleafdata/train/cgm/train-cgm-517.jpg,2
/var/scratch/adam/cassava-raw/cassavaleafdata/train/cgm/train-cgm-518.jpg,2
/var/scratch/adam/cassava-raw/cassavaleafdata/train/cgm/train-cgm-519.jpg,2
/var/scratch/adam/cassava-raw/cassavaleafdata/train/cgm/train-cgm-52.jpg,2
/var/scratch/adam/cassava-raw/cassavaleafdata/train/cgm/train-cgm-520.jpg,2
/var/scratch/adam/cassava-raw/cassavaleafdata/train/cgm/train-cgm-521.jpg,2
/var/scratch/adam/cassava-raw/cassavaleafdata/train/cgm/train-cgm-522.jpg,2
/var/scratch/adam/cassava-raw/cassavaleafdata/train/cgm/train-cgm-523.jpg,2
/var/scratch/adam/cassava-raw/cassavaleafdata/train/cgm/train-cgm-524.jpg,2
/var/scratch/adam/cassava-raw/cassavaleafdata/train/cgm/train-cgm-525.jpg,2
/var/scratch/adam/cassava-raw/cassavaleafdata/train/cgm/train-cgm-526.jpg,2
/var/scratch/adam/cassava-raw/cassavaleafdata/train/cgm/train-cgm-527.jpg,2
/var/scratch/adam/cassava-raw/cassavaleafdata/train/cgm/train-cgm-528.jpg,2
/var/scratch/adam/cassava-raw/cassavaleafdata/train/cgm/train-cgm-529.jpg,2
/var/scratch/adam/cassava-raw/cassavaleafdata/train/cgm/train-cgm-53.jpg,2
/var/scratch/adam/cassava-raw/cassavaleafdata/train/cgm/train-cgm-530.jpg,2
/var/scratch/adam/cassava-raw/cassavaleafdata/train/cgm/train-cgm-531.jpg,2
/var/scratch/adam/cassava-raw/cassavaleafdata/train/cgm/train-cgm-532.jpg,2
/var/scratch/adam/cassava-raw/cassavaleafdata/train/cgm/train-cgm-533.jpg,2
/var/scratch/adam/cassava-raw/cassavaleafdata/train/cgm/train-cgm-534.jpg,2
/var/scratch/adam/cassava-raw/cassavaleafdata/train/cgm/train-cgm-535.jpg,2
/var/scratch/adam/cassava-raw/cassavaleafdata/train/cgm/train-cgm-536.jpg,2
/var/scratch/adam/cassava-raw/cassavaleafdata/train/cgm/train-cgm-537.jpg,2
/var/scratch/adam/cassava-raw/cassavaleafdata/train/cgm/train-cgm-538.jpg,2
/var/scratch/adam/cassava-raw/cassavaleafdata/train/cgm/train-cgm-539.jpg,2
/var/scratch/adam/cassava-raw/cassavaleafdata/train/cgm/train-cgm-54.jpg,2
/var/scratch/adam/cassava-raw/cassavaleafdata/train/cgm/train-cgm-540.jpg,2
/var/scratch/adam/cassava-raw/cassavaleafdata/train/cgm/train-cgm-541.jpg,2
/var/scratch/adam/cassava-raw/cassavaleafdata/train/cgm/train-cgm-542.jpg,2
/var/scratch/adam/cassava-raw/cassavaleafdata/train/cgm/train-cgm-543.jpg,2
/var/scratch/adam/cassava-raw/cassavaleafdata/train/cgm/train-cgm-544.jpg,2
/var/scratch/adam/cassava-raw/cassavaleafdata/train/cgm/train-cgm-545.jpg,2
/var/scratch/adam/cassava-raw/cassavaleafdata/train/cgm/train-cgm-546.jpg,2
/var/scratch/adam/cassava-raw/cassavaleafdata/train/cgm/train-cgm-547.jpg,2
/var/scratch/adam/cassava-raw/cassavaleafdata/train/cgm/train-cgm-548.jpg,2
/var/scratch/adam/cassava-raw/cassavaleafdata/train/cgm/train-cgm-549.jpg,2
/var/scratch/adam/cassava-raw/cassavaleafdata/train/cgm/train-cgm-55.jpg,2
/var/scratch/adam/cassava-raw/cassavaleafdata/train/cgm/train-cgm-550.jpg,2
/var/scratch/adam/cassava-raw/cassavaleafdata/train/cgm/train-cgm-551.jpg,2
/var/scratch/adam/cassava-raw/cassavaleafdata/train/cgm/train-cgm-552.jpg,2
/var/scratch/adam/cassava-raw/cassavaleafdata/train/cgm/train-cgm-553.jpg,2
/var/scratch/adam/cassava-raw/cassavaleafdata/train/cgm/train-cgm-554.jpg,2
/var/scratch/adam/cassava-raw/cassavaleafdata/train/cgm/train-cgm-555.jpg,2
/var/scratch/adam/cassava-raw/cassavaleafdata/train/cgm/train-cgm-556.jpg,2
/var/scratch/adam/cassava-raw/cassavaleafdata/train/cgm/train-cgm-557.jpg,2
/var/scratch/adam/cassava-raw/cassavaleafdata/train/cgm/train-cgm-558.jpg,2
/var/scratch/adam/cassava-raw/cassavaleafdata/train/cgm/train-cgm-559.jpg,2
/var/scratch/adam/cassava-raw/cassavaleafdata/train/cgm/train-cgm-56.jpg,2
/var/scratch/adam/cassava-raw/cassavaleafdata/train/cgm/train-cgm-560.jpg,2
/var/scratch/adam/cassava-raw/cassavaleafdata/train/cgm/train-cgm-561.jpg,2
/var/scratch/adam/cassava-raw/cassavaleafdata/train/cgm/train-cgm-562.jpg,2
/var/scratch/adam/cassava-raw/cassavaleafdata/train/cgm/train-cgm-563.jpg,2
/var/scratch/adam/cassava-raw/cassavaleafdata/train/cgm/train-cgm-564.jpg,2
/var/scratch/adam/cassava-raw/cassavaleafdata/train/cgm/train-cgm-565.jpg,2
/var/scratch/adam/cassava-raw/cassavaleafdata/train/cgm/train-cgm-566.jpg,2
/var/scratch/adam/cassava-raw/cassavaleafdata/train/cgm/train-cgm-567.jpg,2
/var/scratch/adam/cassava-raw/cassavaleafdata/train/cgm/train-cgm-568.jpg,2
/var/scratch/adam/cassava-raw/cassavaleafdata/train/cgm/train-cgm-569.jpg,2
/var/scratch/adam/cassava-raw/cassavaleafdata/train/cgm/train-cgm-57.jpg,2
/var/scratch/adam/cassava-raw/cassavaleafdata/train/cgm/train-cgm-570.jpg,2
/var/scratch/adam/cassava-raw/cassavaleafdata/train/cgm/train-cgm-571.jpg,2
/var/scratch/adam/cassava-raw/cassavaleafdata/train/cgm/train-cgm-572.jpg,2
/var/scratch/adam/cassava-raw/cassavaleafdata/train/cgm/train-cgm-573.jpg,2
/var/scratch/adam/cassava-raw/cassavaleafdata/train/cgm/train-cgm-574.jpg,2
/var/scratch/adam/cassava-raw/cassavaleafdata/train/cgm/train-cgm-575.jpg,2
/var/scratch/adam/cassava-raw/cassavaleafdata/train/cgm/train-cgm-576.jpg,2
/var/scratch/adam/cassava-raw/cassavaleafdata/train/cgm/train-cgm-577.jpg,2
/var/scratch/adam/cassava-raw/cassavaleafdata/train/cgm/train-cgm-578.jpg,2
/var/scratch/adam/cassava-raw/cassavaleafdata/train/cgm/train-cgm-579.jpg,2
/var/scratch/adam/cassava-raw/cassavaleafdata/train/cgm/train-cgm-58.jpg,2
/var/scratch/adam/cassava-raw/cassavaleafdata/train/cgm/train-cgm-580.jpg,2
/var/scratch/adam/cassava-raw/cassavaleafdata/train/cgm/train-cgm-581.jpg,2
/var/scratch/adam/cassava-raw/cassavaleafdata/train/cgm/train-cgm-582.jpg,2
/var/scratch/adam/cassava-raw/cassavaleafdata/train/cgm/train-cgm-583.jpg,2
/var/scratch/adam/cassava-raw/cassavaleafdata/train/cgm/train-cgm-584.jpg,2
/var/scratch/adam/cassava-raw/cassavaleafdata/train/cgm/train-cgm-585.jpg,2
/var/scratch/adam/cassava-raw/cassavaleafdata/train/cgm/train-cgm-586.jpg,2
/var/scratch/adam/cassava-raw/cassavaleafdata/train/cgm/train-cgm-587.jpg,2
/var/scratch/adam/cassava-raw/cassavaleafdata/train/cgm/train-cgm-588.jpg,2
/var/scratch/adam/cassava-raw/cassavaleafdata/train/cgm/train-cgm-589.jpg,2
/var/scratch/adam/cassava-raw/cassavaleafdata/train/cgm/train-cgm-59.jpg,2
/var/scratch/adam/cassava-raw/cassavaleafdata/train/cgm/train-cgm-590.jpg,2
/var/scratch/adam/cassava-raw/cassavaleafdata/train/cgm/train-cgm-591.jpg,2
/var/scratch/adam/cassava-raw/cassavaleafdata/train/cgm/train-cgm-592.jpg,2
/var/scratch/adam/cassava-raw/cassavaleafdata/train/cgm/train-cgm-593.jpg,2
/var/scratch/adam/cassava-raw/cassavaleafdata/train/cgm/train-cgm-594.jpg,2
/var/scratch/adam/cassava-raw/cassavaleafdata/train/cgm/train-cgm-595.jpg,2
/var/scratch/adam/cassava-raw/cassavaleafdata/train/cgm/train-cgm-596.jpg,2
/var/scratch/adam/cassava-raw/cassavaleafdata/train/cgm/train-cgm-597.jpg,2
/var/scratch/adam/cassava-raw/cassavaleafdata/train/cgm/train-cgm-598.jpg,2
/var/scratch/adam/cassava-raw/cassavaleafdata/train/cgm/train-cgm-599.jpg,2
/var/scratch/adam/cassava-raw/cassavaleafdata/train/cgm/train-cgm-6.jpg,2
/var/scratch/adam/cassava-raw/cassavaleafdata/train/cgm/train-cgm-60.jpg,2
/var/scratch/adam/cassava-raw/cassavaleafdata/train/cgm/train-cgm-600.jpg,2
/var/scratch/adam/cassava-raw/cassavaleafdata/train/cgm/train-cgm-601.jpg,2
/var/scratch/adam/cassava-raw/cassavaleafdata/train/cgm/train-cgm-602.jpg,2
/var/scratch/adam/cassava-raw/cassavaleafdata/train/cgm/train-cgm-603.jpg,2
/var/scratch/adam/cassava-raw/cassavaleafdata/train/cgm/train-cgm-604.jpg,2
/var/scratch/adam/cassava-raw/cassavaleafdata/train/cgm/train-cgm-605.jpg,2
/var/scratch/adam/cassava-raw/cassavaleafdata/train/cgm/train-cgm-606.jpg,2
/var/scratch/adam/cassava-raw/cassavaleafdata/train/cgm/train-cgm-607.jpg,2
/var/scratch/adam/cassava-raw/cassavaleafdata/train/cgm/train-cgm-608.jpg,2
/var/scratch/adam/cassava-raw/cassavaleafdata/train/cgm/train-cgm-609.jpg,2
/var/scratch/adam/cassava-raw/cassavaleafdata/train/cgm/train-cgm-61.jpg,2
/var/scratch/adam/cassava-raw/cassavaleafdata/train/cgm/train-cgm-610.jpg,2
/var/scratch/adam/cassava-raw/cassavaleafdata/train/cgm/train-cgm-611.jpg,2
/var/scratch/adam/cassava-raw/cassavaleafdata/train/cgm/train-cgm-612.jpg,2
/var/scratch/adam/cassava-raw/cassavaleafdata/train/cgm/train-cgm-613.jpg,2
/var/scratch/adam/cassava-raw/cassavaleafdata/train/cgm/train-cgm-614.jpg,2
/var/scratch/adam/cassava-raw/cassavaleafdata/train/cgm/train-cgm-615.jpg,2
/var/scratch/adam/cassava-raw/cassavaleafdata/train/cgm/train-cgm-616.jpg,2
/var/scratch/adam/cassava-raw/cassavaleafdata/train/cgm/train-cgm-617.jpg,2
/var/scratch/adam/cassava-raw/cassavaleafdata/train/cgm/train-cgm-618.jpg,2
/var/scratch/adam/cassava-raw/cassavaleafdata/train/cgm/train-cgm-619.jpg,2
/var/scratch/adam/cassava-raw/cassavaleafdata/train/cgm/train-cgm-62.jpg,2
/var/scratch/adam/cassava-raw/cassavaleafdata/train/cgm/train-cgm-620.jpg,2
/var/scratch/adam/cassava-raw/cassavaleafdata/train/cgm/train-cgm-621.jpg,2
/var/scratch/adam/cassava-raw/cassavaleafdata/train/cgm/train-cgm-622.jpg,2
/var/scratch/adam/cassava-raw/cassavaleafdata/train/cgm/train-cgm-623.jpg,2
/var/scratch/adam/cassava-raw/cassavaleafdata/train/cgm/train-cgm-624.jpg,2
/var/scratch/adam/cassava-raw/cassavaleafdata/train/cgm/train-cgm-625.jpg,2
/var/scratch/adam/cassava-raw/cassavaleafdata/train/cgm/train-cgm-626.jpg,2
/var/scratch/adam/cassava-raw/cassavaleafdata/train/cgm/train-cgm-627.jpg,2
/var/scratch/adam/cassava-raw/cassavaleafdata/train/cgm/train-cgm-628.jpg,2
/var/scratch/adam/cassava-raw/cassavaleafdata/train/cgm/train-cgm-629.jpg,2
/var/scratch/adam/cassava-raw/cassavaleafdata/train/cgm/train-cgm-63.jpg,2
/var/scratch/adam/cassava-raw/cassavaleafdata/train/cgm/train-cgm-630.jpg,2
/var/scratch/adam/cassava-raw/cassavaleafdata/train/cgm/train-cgm-631.jpg,2
/var/scratch/adam/cassava-raw/cassavaleafdata/train/cgm/train-cgm-632.jpg,2
/var/scratch/adam/cassava-raw/cassavaleafdata/train/cgm/train-cgm-633.jpg,2
/var/scratch/adam/cassava-raw/cassavaleafdata/train/cgm/train-cgm-634.jpg,2
/var/scratch/adam/cassava-raw/cassavaleafdata/train/cgm/train-cgm-635.jpg,2
/var/scratch/adam/cassava-raw/cassavaleafdata/train/cgm/train-cgm-636.jpg,2
/var/scratch/adam/cassava-raw/cassavaleafdata/train/cgm/train-cgm-637.jpg,2
/var/scratch/adam/cassava-raw/cassavaleafdata/train/cgm/train-cgm-638.jpg,2
/var/scratch/adam/cassava-raw/cassavaleafdata/train/cgm/train-cgm-639.jpg,2
/var/scratch/adam/cassava-raw/cassavaleafdata/train/cgm/train-cgm-64.jpg,2
/var/scratch/adam/cassava-raw/cassavaleafdata/train/cgm/train-cgm-640.jpg,2
/var/scratch/adam/cassava-raw/cassavaleafdata/train/cgm/train-cgm-641.jpg,2
/var/scratch/adam/cassava-raw/cassavaleafdata/train/cgm/train-cgm-642.jpg,2
/var/scratch/adam/cassava-raw/cassavaleafdata/train/cgm/train-cgm-643.jpg,2
/var/scratch/adam/cassava-raw/cassavaleafdata/train/cgm/train-cgm-644.jpg,2
/var/scratch/adam/cassava-raw/cassavaleafdata/train/cgm/train-cgm-645.jpg,2
/var/scratch/adam/cassava-raw/cassavaleafdata/train/cgm/train-cgm-646.jpg,2
/var/scratch/adam/cassava-raw/cassavaleafdata/train/cgm/train-cgm-647.jpg,2
/var/scratch/adam/cassava-raw/cassavaleafdata/train/cgm/train-cgm-648.jpg,2
/var/scratch/adam/cassava-raw/cassavaleafdata/train/cgm/train-cgm-649.jpg,2
/var/scratch/adam/cassava-raw/cassavaleafdata/train/cgm/train-cgm-65.jpg,2
/var/scratch/adam/cassava-raw/cassavaleafdata/train/cgm/train-cgm-650.jpg,2
/var/scratch/adam/cassava-raw/cassavaleafdata/train/cgm/train-cgm-651.jpg,2
/var/scratch/adam/cassava-raw/cassavaleafdata/train/cgm/train-cgm-652.jpg,2
/var/scratch/adam/cassava-raw/cassavaleafdata/train/cgm/train-cgm-653.jpg,2
/var/scratch/adam/cassava-raw/cassavaleafdata/train/cgm/train-cgm-654.jpg,2
/var/scratch/adam/cassava-raw/cassavaleafdata/train/cgm/train-cgm-655.jpg,2
/var/scratch/adam/cassava-raw/cassavaleafdata/train/cgm/train-cgm-656.jpg,2
/var/scratch/adam/cassava-raw/cassavaleafdata/train/cgm/train-cgm-657.jpg,2
/var/scratch/adam/cassava-raw/cassavaleafdata/train/cgm/train-cgm-658.jpg,2
/var/scratch/adam/cassava-raw/cassavaleafdata/train/cgm/train-cgm-659.jpg,2
/var/scratch/adam/cassava-raw/cassavaleafdata/train/cgm/train-cgm-66.jpg,2
/var/scratch/adam/cassava-raw/cassavaleafdata/train/cgm/train-cgm-660.jpg,2
/var/scratch/adam/cassava-raw/cassavaleafdata/train/cgm/train-cgm-661.jpg,2
/var/scratch/adam/cassava-raw/cassavaleafdata/train/cgm/train-cgm-662.jpg,2
/var/scratch/adam/cassava-raw/cassavaleafdata/train/cgm/train-cgm-663.jpg,2
/var/scratch/adam/cassava-raw/cassavaleafdata/train/cgm/train-cgm-664.jpg,2
/var/scratch/adam/cassava-raw/cassavaleafdata/train/cgm/train-cgm-665.jpg,2
/var/scratch/adam/cassava-raw/cassavaleafdata/train/cgm/train-cgm-666.jpg,2
/var/scratch/adam/cassava-raw/cassavaleafdata/train/cgm/train-cgm-667.jpg,2
/var/scratch/adam/cassava-raw/cassavaleafdata/train/cgm/train-cgm-668.jpg,2
/var/scratch/adam/cassava-raw/cassavaleafdata/train/cgm/train-cgm-669.jpg,2
/var/scratch/adam/cassava-raw/cassavaleafdata/train/cgm/train-cgm-67.jpg,2
/var/scratch/adam/cassava-raw/cassavaleafdata/train/cgm/train-cgm-670.jpg,2
/var/scratch/adam/cassava-raw/cassavaleafdata/train/cgm/train-cgm-671.jpg,2
/var/scratch/adam/cassava-raw/cassavaleafdata/train/cgm/train-cgm-672.jpg,2
/var/scratch/adam/cassava-raw/cassavaleafdata/train/cgm/train-cgm-673.jpg,2
/var/scratch/adam/cassava-raw/cassavaleafdata/train/cgm/train-cgm-674.jpg,2
/var/scratch/adam/cassava-raw/cassavaleafdata/train/cgm/train-cgm-675.jpg,2
/var/scratch/adam/cassava-raw/cassavaleafdata/train/cgm/train-cgm-676.jpg,2
/var/scratch/adam/cassava-raw/cassavaleafdata/train/cgm/train-cgm-677.jpg,2
/var/scratch/adam/cassava-raw/cassavaleafdata/train/cgm/train-cgm-678.jpg,2
/var/scratch/adam/cassava-raw/cassavaleafdata/train/cgm/train-cgm-679.jpg,2
/var/scratch/adam/cassava-raw/cassavaleafdata/train/cgm/train-cgm-68.jpg,2
/var/scratch/adam/cassava-raw/cassavaleafdata/train/cgm/train-cgm-680.jpg,2
/var/scratch/adam/cassava-raw/cassavaleafdata/train/cgm/train-cgm-681.jpg,2
/var/scratch/adam/cassava-raw/cassavaleafdata/train/cgm/train-cgm-682.jpg,2
/var/scratch/adam/cassava-raw/cassavaleafdata/train/cgm/train-cgm-683.jpg,2
/var/scratch/adam/cassava-raw/cassavaleafdata/train/cgm/train-cgm-684.jpg,2
/var/scratch/adam/cassava-raw/cassavaleafdata/train/cgm/train-cgm-685.jpg,2
/var/scratch/adam/cassava-raw/cassavaleafdata/train/cgm/train-cgm-686.jpg,2
/var/scratch/adam/cassava-raw/cassavaleafdata/train/cgm/train-cgm-687.jpg,2
/var/scratch/adam/cassava-raw/cassavaleafdata/train/cgm/train-cgm-688.jpg,2
/var/scratch/adam/cassava-raw/cassavaleafdata/train/cgm/train-cgm-689.jpg,2
/var/scratch/adam/cassava-raw/cassavaleafdata/train/cgm/train-cgm-69.jpg,2
/var/scratch/adam/cassava-raw/cassavaleafdata/train/cgm/train-cgm-690.jpg,2
/var/scratch/adam/cassava-raw/cassavaleafdata/train/cgm/train-cgm-691.jpg,2
/var/scratch/adam/cassava-raw/cassavaleafdata/train/cgm/train-cgm-692.jpg,2
/var/scratch/adam/cassava-raw/cassavaleafdata/train/cgm/train-cgm-693.jpg,2
/var/scratch/adam/cassava-raw/cassavaleafdata/train/cgm/train-cgm-694.jpg,2
/var/scratch/adam/cassava-raw/cassavaleafdata/train/cgm/train-cgm-695.jpg,2
/var/scratch/adam/cassava-raw/cassavaleafdata/train/cgm/train-cgm-696.jpg,2
/var/scratch/adam/cassava-raw/cassavaleafdata/train/cgm/train-cgm-697.jpg,2
/var/scratch/adam/cassava-raw/cassavaleafdata/train/cgm/train-cgm-698.jpg,2
/var/scratch/adam/cassava-raw/cassavaleafdata/train/cgm/train-cgm-699.jpg,2
/var/scratch/adam/cassava-raw/cassavaleafdata/train/cgm/train-cgm-7.jpg,2
/var/scratch/adam/cassava-raw/cassavaleafdata/train/cgm/train-cgm-70.jpg,2
/var/scratch/adam/cassava-raw/cassavaleafdata/train/cgm/train-cgm-700.jpg,2
/var/scratch/adam/cassava-raw/cassavaleafdata/train/cgm/train-cgm-701.jpg,2
/var/scratch/adam/cassava-raw/cassavaleafdata/train/cgm/train-cgm-702.jpg,2
/var/scratch/adam/cassava-raw/cassavaleafdata/train/cgm/train-cgm-703.jpg,2
/var/scratch/adam/cassava-raw/cassavaleafdata/train/cgm/train-cgm-704.jpg,2
/var/scratch/adam/cassava-raw/cassavaleafdata/train/cgm/train-cgm-705.jpg,2
/var/scratch/adam/cassava-raw/cassavaleafdata/train/cgm/train-cgm-706.jpg,2
/var/scratch/adam/cassava-raw/cassavaleafdata/train/cgm/train-cgm-707.jpg,2
/var/scratch/adam/cassava-raw/cassavaleafdata/train/cgm/train-cgm-708.jpg,2
/var/scratch/adam/cassava-raw/cassavaleafdata/train/cgm/train-cgm-709.jpg,2
/var/scratch/adam/cassava-raw/cassavaleafdata/train/cgm/train-cgm-71.jpg,2
/var/scratch/adam/cassava-raw/cassavaleafdata/train/cgm/train-cgm-710.jpg,2
/var/scratch/adam/cassava-raw/cassavaleafdata/train/cgm/train-cgm-711.jpg,2
/var/scratch/adam/cassava-raw/cassavaleafdata/train/cgm/train-cgm-712.jpg,2
/var/scratch/adam/cassava-raw/cassavaleafdata/train/cgm/train-cgm-713.jpg,2
/var/scratch/adam/cassava-raw/cassavaleafdata/train/cgm/train-cgm-714.jpg,2
/var/scratch/adam/cassava-raw/cassavaleafdata/train/cgm/train-cgm-715.jpg,2
/var/scratch/adam/cassava-raw/cassavaleafdata/train/cgm/train-cgm-716.jpg,2
/var/scratch/adam/cassava-raw/cassavaleafdata/train/cgm/train-cgm-717.jpg,2
/var/scratch/adam/cassava-raw/cassavaleafdata/train/cgm/train-cgm-718.jpg,2
/var/scratch/adam/cassava-raw/cassavaleafdata/train/cgm/train-cgm-719.jpg,2
/var/scratch/adam/cassava-raw/cassavaleafdata/train/cgm/train-cgm-72.jpg,2
/var/scratch/adam/cassava-raw/cassavaleafdata/train/cgm/train-cgm-720.jpg,2
/var/scratch/adam/cassava-raw/cassavaleafdata/train/cgm/train-cgm-721.jpg,2
/var/scratch/adam/cassava-raw/cassavaleafdata/train/cgm/train-cgm-722.jpg,2
/var/scratch/adam/cassava-raw/cassavaleafdata/train/cgm/train-cgm-723.jpg,2
/var/scratch/adam/cassava-raw/cassavaleafdata/train/cgm/train-cgm-724.jpg,2
/var/scratch/adam/cassava-raw/cassavaleafdata/train/cgm/train-cgm-725.jpg,2
/var/scratch/adam/cassava-raw/cassavaleafdata/train/cgm/train-cgm-726.jpg,2
/var/scratch/adam/cassava-raw/cassavaleafdata/train/cgm/train-cgm-727.jpg,2
/var/scratch/adam/cassava-raw/cassavaleafdata/train/cgm/train-cgm-728.jpg,2
/var/scratch/adam/cassava-raw/cassavaleafdata/train/cgm/train-cgm-729.jpg,2
/var/scratch/adam/cassava-raw/cassavaleafdata/train/cgm/train-cgm-73.jpg,2
/var/scratch/adam/cassava-raw/cassavaleafdata/train/cgm/train-cgm-730.jpg,2
/var/scratch/adam/cassava-raw/cassavaleafdata/train/cgm/train-cgm-731.jpg,2
/var/scratch/adam/cassava-raw/cassavaleafdata/train/cgm/train-cgm-732.jpg,2
/var/scratch/adam/cassava-raw/cassavaleafdata/train/cgm/train-cgm-733.jpg,2
/var/scratch/adam/cassava-raw/cassavaleafdata/train/cgm/train-cgm-734.jpg,2
/var/scratch/adam/cassava-raw/cassavaleafdata/train/cgm/train-cgm-735.jpg,2
/var/scratch/adam/cassava-raw/cassavaleafdata/train/cgm/train-cgm-736.jpg,2
/var/scratch/adam/cassava-raw/cassavaleafdata/train/cgm/train-cgm-737.jpg,2
/var/scratch/adam/cassava-raw/cassavaleafdata/train/cgm/train-cgm-738.jpg,2
/var/scratch/adam/cassava-raw/cassavaleafdata/train/cgm/train-cgm-739.jpg,2
/var/scratch/adam/cassava-raw/cassavaleafdata/train/cgm/train-cgm-74.jpg,2
/var/scratch/adam/cassava-raw/cassavaleafdata/train/cgm/train-cgm-740.jpg,2
/var/scratch/adam/cassava-raw/cassavaleafdata/train/cgm/train-cgm-741.jpg,2
/var/scratch/adam/cassava-raw/cassavaleafdata/train/cgm/train-cgm-742.jpg,2
/var/scratch/adam/cassava-raw/cassavaleafdata/train/cgm/train-cgm-743.jpg,2
/var/scratch/adam/cassava-raw/cassavaleafdata/train/cgm/train-cgm-744.jpg,2
/var/scratch/adam/cassava-raw/cassavaleafdata/train/cgm/train-cgm-745.jpg,2
/var/scratch/adam/cassava-raw/cassavaleafdata/train/cgm/train-cgm-746.jpg,2
/var/scratch/adam/cassava-raw/cassavaleafdata/train/cgm/train-cgm-747.jpg,2
/var/scratch/adam/cassava-raw/cassavaleafdata/train/cgm/train-cgm-748.jpg,2
/var/scratch/adam/cassava-raw/cassavaleafdata/train/cgm/train-cgm-749.jpg,2
/var/scratch/adam/cassava-raw/cassavaleafdata/train/cgm/train-cgm-75.jpg,2
/var/scratch/adam/cassava-raw/cassavaleafdata/train/cgm/train-cgm-750.jpg,2
/var/scratch/adam/cassava-raw/cassavaleafdata/train/cgm/train-cgm-751.jpg,2
/var/scratch/adam/cassava-raw/cassavaleafdata/train/cgm/train-cgm-752.jpg,2
/var/scratch/adam/cassava-raw/cassavaleafdata/train/cgm/train-cgm-753.jpg,2
/var/scratch/adam/cassava-raw/cassavaleafdata/train/cgm/train-cgm-754.jpg,2
/var/scratch/adam/cassava-raw/cassavaleafdata/train/cgm/train-cgm-755.jpg,2
/var/scratch/adam/cassava-raw/cassavaleafdata/train/cgm/train-cgm-756.jpg,2
/var/scratch/adam/cassava-raw/cassavaleafdata/train/cgm/train-cgm-757.jpg,2
/var/scratch/adam/cassava-raw/cassavaleafdata/train/cgm/train-cgm-758.jpg,2
/var/scratch/adam/cassava-raw/cassavaleafdata/train/cgm/train-cgm-759.jpg,2
/var/scratch/adam/cassava-raw/cassavaleafdata/train/cgm/train-cgm-76.jpg,2
/var/scratch/adam/cassava-raw/cassavaleafdata/train/cgm/train-cgm-760.jpg,2
/var/scratch/adam/cassava-raw/cassavaleafdata/train/cgm/train-cgm-761.jpg,2
/var/scratch/adam/cassava-raw/cassavaleafdata/train/cgm/train-cgm-762.jpg,2
/var/scratch/adam/cassava-raw/cassavaleafdata/train/cgm/train-cgm-763.jpg,2
/var/scratch/adam/cassava-raw/cassavaleafdata/train/cgm/train-cgm-764.jpg,2
/var/scratch/adam/cassava-raw/cassavaleafdata/train/cgm/train-cgm-765.jpg,2
/var/scratch/adam/cassava-raw/cassavaleafdata/train/cgm/train-cgm-766.jpg,2
/var/scratch/adam/cassava-raw/cassavaleafdata/train/cgm/train-cgm-767.jpg,2
/var/scratch/adam/cassava-raw/cassavaleafdata/train/cgm/train-cgm-768.jpg,2
/var/scratch/adam/cassava-raw/cassavaleafdata/train/cgm/train-cgm-769.jpg,2
/var/scratch/adam/cassava-raw/cassavaleafdata/train/cgm/train-cgm-77.jpg,2
/var/scratch/adam/cassava-raw/cassavaleafdata/train/cgm/train-cgm-770.jpg,2
/var/scratch/adam/cassava-raw/cassavaleafdata/train/cgm/train-cgm-771.jpg,2
/var/scratch/adam/cassava-raw/cassavaleafdata/train/cgm/train-cgm-772.jpg,2
/var/scratch/adam/cassava-raw/cassavaleafdata/train/cgm/train-cgm-78.jpg,2
/var/scratch/adam/cassava-raw/cassavaleafdata/train/cgm/train-cgm-79.jpg,2
/var/scratch/adam/cassava-raw/cassavaleafdata/train/cgm/train-cgm-8.jpg,2
/var/scratch/adam/cassava-raw/cassavaleafdata/train/cgm/train-cgm-80.jpg,2
/var/scratch/adam/cassava-raw/cassavaleafdata/train/cgm/train-cgm-81.jpg,2
/var/scratch/adam/cassava-raw/cassavaleafdata/train/cgm/train-cgm-82.jpg,2
/var/scratch/adam/cassava-raw/cassavaleafdata/train/cgm/train-cgm-83.jpg,2
/var/scratch/adam/cassava-raw/cassavaleafdata/train/cgm/train-cgm-84.jpg,2
/var/scratch/adam/cassava-raw/cassavaleafdata/train/cgm/train-cgm-85.jpg,2
/var/scratch/adam/cassava-raw/cassavaleafdata/train/cgm/train-cgm-86.jpg,2
/var/scratch/adam/cassava-raw/cassavaleafdata/train/cgm/train-cgm-87.jpg,2
/var/scratch/adam/cassava-raw/cassavaleafdata/train/cgm/train-cgm-88.jpg,2
/var/scratch/adam/cassava-raw/cassavaleafdata/train/cgm/train-cgm-89.jpg,2
/var/scratch/adam/cassava-raw/cassavaleafdata/train/cgm/train-cgm-9.jpg,2
/var/scratch/adam/cassava-raw/cassavaleafdata/train/cgm/train-cgm-90.jpg,2
/var/scratch/adam/cassava-raw/cassavaleafdata/train/cgm/train-cgm-91.jpg,2
/var/scratch/adam/cassava-raw/cassavaleafdata/train/cgm/train-cgm-92.jpg,2
/var/scratch/adam/cassava-raw/cassavaleafdata/train/cgm/train-cgm-93.jpg,2
/var/scratch/adam/cassava-raw/cassavaleafdata/train/cgm/train-cgm-94.jpg,2
/var/scratch/adam/cassava-raw/cassavaleafdata/train/cgm/train-cgm-95.jpg,2
/var/scratch/adam/cassava-raw/cassavaleafdata/train/cgm/train-cgm-96.jpg,2
/var/scratch/adam/cassava-raw/cassavaleafdata/train/cgm/train-cgm-97.jpg,2
/var/scratch/adam/cassava-raw/cassavaleafdata/train/cgm/train-cgm-98.jpg,2
/var/scratch/adam/cassava-raw/cassavaleafdata/train/cgm/train-cgm-99.jpg,2
/var/scratch/adam/cassava-raw/cassavaleafdata/train/cmd/train-cmd-0.jpg,3
/var/scratch/adam/cassava-raw/cassavaleafdata/train/cmd/train-cmd-1.jpg,3
/var/scratch/adam/cassava-raw/cassavaleafdata/train/cmd/train-cmd-10.jpg,3
/var/scratch/adam/cassava-raw/cassavaleafdata/train/cmd/train-cmd-100.jpg,3
/var/scratch/adam/cassava-raw/cassavaleafdata/train/cmd/train-cmd-1000.jpg,3
/var/scratch/adam/cassava-raw/cassavaleafdata/train/cmd/train-cmd-1001.jpg,3
/var/scratch/adam/cassava-raw/cassavaleafdata/train/cmd/train-cmd-1002.jpg,3
/var/scratch/adam/cassava-raw/cassavaleafdata/train/cmd/train-cmd-1003.jpg,3
/var/scratch/adam/cassava-raw/cassavaleafdata/train/cmd/train-cmd-1004.jpg,3
/var/scratch/adam/cassava-raw/cassavaleafdata/train/cmd/train-cmd-1005.jpg,3
/var/scratch/adam/cassava-raw/cassavaleafdata/train/cmd/train-cmd-1006.jpg,3
/var/scratch/adam/cassava-raw/cassavaleafdata/train/cmd/train-cmd-1007.jpg,3
/var/scratch/adam/cassava-raw/cassavaleafdata/train/cmd/train-cmd-1008.jpg,3
/var/scratch/adam/cassava-raw/cassavaleafdata/train/cmd/train-cmd-1009.jpg,3
/var/scratch/adam/cassava-raw/cassavaleafdata/train/cmd/train-cmd-101.jpg,3
/var/scratch/adam/cassava-raw/cassavaleafdata/train/cmd/train-cmd-1010.jpg,3
/var/scratch/adam/cassava-raw/cassavaleafdata/train/cmd/train-cmd-1011.jpg,3
/var/scratch/adam/cassava-raw/cassavaleafdata/train/cmd/train-cmd-1012.jpg,3
/var/scratch/adam/cassava-raw/cassavaleafdata/train/cmd/train-cmd-1013.jpg,3
/var/scratch/adam/cassava-raw/cassavaleafdata/train/cmd/train-cmd-1014.jpg,3
/var/scratch/adam/cassava-raw/cassavaleafdata/train/cmd/train-cmd-1015.jpg,3
/var/scratch/adam/cassava-raw/cassavaleafdata/train/cmd/train-cmd-1016.jpg,3
/var/scratch/adam/cassava-raw/cassavaleafdata/train/cmd/train-cmd-1017.jpg,3
/var/scratch/adam/cassava-raw/cassavaleafdata/train/cmd/train-cmd-1018.jpg,3
/var/scratch/adam/cassava-raw/cassavaleafdata/train/cmd/train-cmd-1019.jpg,3
/var/scratch/adam/cassava-raw/cassavaleafdata/train/cmd/train-cmd-102.jpg,3
/var/scratch/adam/cassava-raw/cassavaleafdata/train/cmd/train-cmd-1020.jpg,3
/var/scratch/adam/cassava-raw/cassavaleafdata/train/cmd/train-cmd-1021.jpg,3
/var/scratch/adam/cassava-raw/cassavaleafdata/train/cmd/train-cmd-1022.jpg,3
/var/scratch/adam/cassava-raw/cassavaleafdata/train/cmd/train-cmd-1023.jpg,3
/var/scratch/adam/cassava-raw/cassavaleafdata/train/cmd/train-cmd-1024.jpg,3
/var/scratch/adam/cassava-raw/cassavaleafdata/train/cmd/train-cmd-1025.jpg,3
/var/scratch/adam/cassava-raw/cassavaleafdata/train/cmd/train-cmd-1026.jpg,3
/var/scratch/adam/cassava-raw/cassavaleafdata/train/cmd/train-cmd-1027.jpg,3
/var/scratch/adam/cassava-raw/cassavaleafdata/train/cmd/train-cmd-1028.jpg,3
/var/scratch/adam/cassava-raw/cassavaleafdata/train/cmd/train-cmd-1029.jpg,3
/var/scratch/adam/cassava-raw/cassavaleafdata/train/cmd/train-cmd-103.jpg,3
/var/scratch/adam/cassava-raw/cassavaleafdata/train/cmd/train-cmd-1030.jpg,3
/var/scratch/adam/cassava-raw/cassavaleafdata/train/cmd/train-cmd-1031.jpg,3
/var/scratch/adam/cassava-raw/cassavaleafdata/train/cmd/train-cmd-1032.jpg,3
/var/scratch/adam/cassava-raw/cassavaleafdata/train/cmd/train-cmd-1033.jpg,3
/var/scratch/adam/cassava-raw/cassavaleafdata/train/cmd/train-cmd-1034.jpg,3
/var/scratch/adam/cassava-raw/cassavaleafdata/train/cmd/train-cmd-1035.jpg,3
/var/scratch/adam/cassava-raw/cassavaleafdata/train/cmd/train-cmd-1036.jpg,3
/var/scratch/adam/cassava-raw/cassavaleafdata/train/cmd/train-cmd-1037.jpg,3
/var/scratch/adam/cassava-raw/cassavaleafdata/train/cmd/train-cmd-1038.jpg,3
/var/scratch/adam/cassava-raw/cassavaleafdata/train/cmd/train-cmd-1039.jpg,3
/var/scratch/adam/cassava-raw/cassavaleafdata/train/cmd/train-cmd-104.jpg,3
/var/scratch/adam/cassava-raw/cassavaleafdata/train/cmd/train-cmd-1040.jpg,3
/var/scratch/adam/cassava-raw/cassavaleafdata/train/cmd/train-cmd-1041.jpg,3
/var/scratch/adam/cassava-raw/cassavaleafdata/train/cmd/train-cmd-1042.jpg,3
/var/scratch/adam/cassava-raw/cassavaleafdata/train/cmd/train-cmd-1043.jpg,3
/var/scratch/adam/cassava-raw/cassavaleafdata/train/cmd/train-cmd-1044.jpg,3
/var/scratch/adam/cassava-raw/cassavaleafdata/train/cmd/train-cmd-1045.jpg,3
/var/scratch/adam/cassava-raw/cassavaleafdata/train/cmd/train-cmd-1046.jpg,3
/var/scratch/adam/cassava-raw/cassavaleafdata/train/cmd/train-cmd-1047.jpg,3
/var/scratch/adam/cassava-raw/cassavaleafdata/train/cmd/train-cmd-1048.jpg,3
/var/scratch/adam/cassava-raw/cassavaleafdata/train/cmd/train-cmd-1049.jpg,3
/var/scratch/adam/cassava-raw/cassavaleafdata/train/cmd/train-cmd-105.jpg,3
/var/scratch/adam/cassava-raw/cassavaleafdata/train/cmd/train-cmd-1050.jpg,3
/var/scratch/adam/cassava-raw/cassavaleafdata/train/cmd/train-cmd-1051.jpg,3
/var/scratch/adam/cassava-raw/cassavaleafdata/train/cmd/train-cmd-1052.jpg,3
/var/scratch/adam/cassava-raw/cassavaleafdata/train/cmd/train-cmd-1053.jpg,3
/var/scratch/adam/cassava-raw/cassavaleafdata/train/cmd/train-cmd-1054.jpg,3
/var/scratch/adam/cassava-raw/cassavaleafdata/train/cmd/train-cmd-1055.jpg,3
/var/scratch/adam/cassava-raw/cassavaleafdata/train/cmd/train-cmd-1056.jpg,3
/var/scratch/adam/cassava-raw/cassavaleafdata/train/cmd/train-cmd-1057.jpg,3
/var/scratch/adam/cassava-raw/cassavaleafdata/train/cmd/train-cmd-1058.jpg,3
/var/scratch/adam/cassava-raw/cassavaleafdata/train/cmd/train-cmd-1059.jpg,3
/var/scratch/adam/cassava-raw/cassavaleafdata/train/cmd/train-cmd-106.jpg,3
/var/scratch/adam/cassava-raw/cassavaleafdata/train/cmd/train-cmd-1060.jpg,3
/var/scratch/adam/cassava-raw/cassavaleafdata/train/cmd/train-cmd-1061.jpg,3
/var/scratch/adam/cassava-raw/cassavaleafdata/train/cmd/train-cmd-1062.jpg,3
/var/scratch/adam/cassava-raw/cassavaleafdata/train/cmd/train-cmd-1063.jpg,3
/var/scratch/adam/cassava-raw/cassavaleafdata/train/cmd/train-cmd-1064.jpg,3
/var/scratch/adam/cassava-raw/cassavaleafdata/train/cmd/train-cmd-1065.jpg,3
/var/scratch/adam/cassava-raw/cassavaleafdata/train/cmd/train-cmd-1066.jpg,3
/var/scratch/adam/cassava-raw/cassavaleafdata/train/cmd/train-cmd-1067.jpg,3
/var/scratch/adam/cassava-raw/cassavaleafdata/train/cmd/train-cmd-1068.jpg,3
/var/scratch/adam/cassava-raw/cassavaleafdata/train/cmd/train-cmd-1069.jpg,3
/var/scratch/adam/cassava-raw/cassavaleafdata/train/cmd/train-cmd-107.jpg,3
/var/scratch/adam/cassava-raw/cassavaleafdata/train/cmd/train-cmd-1070.jpg,3
/var/scratch/adam/cassava-raw/cassavaleafdata/train/cmd/train-cmd-1071.jpg,3
/var/scratch/adam/cassava-raw/cassavaleafdata/train/cmd/train-cmd-1072.jpg,3
/var/scratch/adam/cassava-raw/cassavaleafdata/train/cmd/train-cmd-1073.jpg,3
/var/scratch/adam/cassava-raw/cassavaleafdata/train/cmd/train-cmd-1074.jpg,3
/var/scratch/adam/cassava-raw/cassavaleafdata/train/cmd/train-cmd-1075.jpg,3
/var/scratch/adam/cassava-raw/cassavaleafdata/train/cmd/train-cmd-1076.jpg,3
/var/scratch/adam/cassava-raw/cassavaleafdata/train/cmd/train-cmd-1077.jpg,3
/var/scratch/adam/cassava-raw/cassavaleafdata/train/cmd/train-cmd-1078.jpg,3
/var/scratch/adam/cassava-raw/cassavaleafdata/train/cmd/train-cmd-1079.jpg,3
/var/scratch/adam/cassava-raw/cassavaleafdata/train/cmd/train-cmd-108.jpg,3
/var/scratch/adam/cassava-raw/cassavaleafdata/train/cmd/train-cmd-1080.jpg,3
/var/scratch/adam/cassava-raw/cassavaleafdata/train/cmd/train-cmd-1081.jpg,3
/var/scratch/adam/cassava-raw/cassavaleafdata/train/cmd/train-cmd-1082.jpg,3
/var/scratch/adam/cassava-raw/cassavaleafdata/train/cmd/train-cmd-1083.jpg,3
/var/scratch/adam/cassava-raw/cassavaleafdata/train/cmd/train-cmd-1084.jpg,3
/var/scratch/adam/cassava-raw/cassavaleafdata/train/cmd/train-cmd-1085.jpg,3
/var/scratch/adam/cassava-raw/cassavaleafdata/train/cmd/train-cmd-1086.jpg,3
/var/scratch/adam/cassava-raw/cassavaleafdata/train/cmd/train-cmd-1087.jpg,3
/var/scratch/adam/cassava-raw/cassavaleafdata/train/cmd/train-cmd-1088.jpg,3
/var/scratch/adam/cassava-raw/cassavaleafdata/train/cmd/train-cmd-1089.jpg,3
/var/scratch/adam/cassava-raw/cassavaleafdata/train/cmd/train-cmd-109.jpg,3
/var/scratch/adam/cassava-raw/cassavaleafdata/train/cmd/train-cmd-1090.jpg,3
/var/scratch/adam/cassava-raw/cassavaleafdata/train/cmd/train-cmd-1091.jpg,3
/var/scratch/adam/cassava-raw/cassavaleafdata/train/cmd/train-cmd-1092.jpg,3
/var/scratch/adam/cassava-raw/cassavaleafdata/train/cmd/train-cmd-1093.jpg,3
/var/scratch/adam/cassava-raw/cassavaleafdata/train/cmd/train-cmd-1094.jpg,3
/var/scratch/adam/cassava-raw/cassavaleafdata/train/cmd/train-cmd-1095.jpg,3
/var/scratch/adam/cassava-raw/cassavaleafdata/train/cmd/train-cmd-1096.jpg,3
/var/scratch/adam/cassava-raw/cassavaleafdata/train/cmd/train-cmd-1097.jpg,3
/var/scratch/adam/cassava-raw/cassavaleafdata/train/cmd/train-cmd-1098.jpg,3
/var/scratch/adam/cassava-raw/cassavaleafdata/train/cmd/train-cmd-1099.jpg,3
/var/scratch/adam/cassava-raw/cassavaleafdata/train/cmd/train-cmd-11.jpg,3
/var/scratch/adam/cassava-raw/cassavaleafdata/train/cmd/train-cmd-110.jpg,3
/var/scratch/adam/cassava-raw/cassavaleafdata/train/cmd/train-cmd-1100.jpg,3
/var/scratch/adam/cassava-raw/cassavaleafdata/train/cmd/train-cmd-1101.jpg,3
/var/scratch/adam/cassava-raw/cassavaleafdata/train/cmd/train-cmd-1102.jpg,3
/var/scratch/adam/cassava-raw/cassavaleafdata/train/cmd/train-cmd-1103.jpg,3
/var/scratch/adam/cassava-raw/cassavaleafdata/train/cmd/train-cmd-1104.jpg,3
/var/scratch/adam/cassava-raw/cassavaleafdata/train/cmd/train-cmd-1105.jpg,3
/var/scratch/adam/cassava-raw/cassavaleafdata/train/cmd/train-cmd-1106.jpg,3
/var/scratch/adam/cassava-raw/cassavaleafdata/train/cmd/train-cmd-1107.jpg,3
/var/scratch/adam/cassava-raw/cassavaleafdata/train/cmd/train-cmd-1108.jpg,3
/var/scratch/adam/cassava-raw/cassavaleafdata/train/cmd/train-cmd-1109.jpg,3
/var/scratch/adam/cassava-raw/cassavaleafdata/train/cmd/train-cmd-111.jpg,3
/var/scratch/adam/cassava-raw/cassavaleafdata/train/cmd/train-cmd-1110.jpg,3
/var/scratch/adam/cassava-raw/cassavaleafdata/train/cmd/train-cmd-1111.jpg,3
/var/scratch/adam/cassava-raw/cassavaleafdata/train/cmd/train-cmd-1112.jpg,3
/var/scratch/adam/cassava-raw/cassavaleafdata/train/cmd/train-cmd-1113.jpg,3
/var/scratch/adam/cassava-raw/cassavaleafdata/train/cmd/train-cmd-1114.jpg,3
/var/scratch/adam/cassava-raw/cassavaleafdata/train/cmd/train-cmd-1115.jpg,3
/var/scratch/adam/cassava-raw/cassavaleafdata/train/cmd/train-cmd-1116.jpg,3
/var/scratch/adam/cassava-raw/cassavaleafdata/train/cmd/train-cmd-1117.jpg,3
/var/scratch/adam/cassava-raw/cassavaleafdata/train/cmd/train-cmd-1118.jpg,3
/var/scratch/adam/cassava-raw/cassavaleafdata/train/cmd/train-cmd-1119.jpg,3
/var/scratch/adam/cassava-raw/cassavaleafdata/train/cmd/train-cmd-112.jpg,3
/var/scratch/adam/cassava-raw/cassavaleafdata/train/cmd/train-cmd-1120.jpg,3
/var/scratch/adam/cassava-raw/cassavaleafdata/train/cmd/train-cmd-1121.jpg,3
/var/scratch/adam/cassava-raw/cassavaleafdata/train/cmd/train-cmd-1122.jpg,3
/var/scratch/adam/cassava-raw/cassavaleafdata/train/cmd/train-cmd-1123.jpg,3
/var/scratch/adam/cassava-raw/cassavaleafdata/train/cmd/train-cmd-1124.jpg,3
/var/scratch/adam/cassava-raw/cassavaleafdata/train/cmd/train-cmd-1125.jpg,3
/var/scratch/adam/cassava-raw/cassavaleafdata/train/cmd/train-cmd-1126.jpg,3
/var/scratch/adam/cassava-raw/cassavaleafdata/train/cmd/train-cmd-1127.jpg,3
/var/scratch/adam/cassava-raw/cassavaleafdata/train/cmd/train-cmd-1128.jpg,3
/var/scratch/adam/cassava-raw/cassavaleafdata/train/cmd/train-cmd-1129.jpg,3
/var/scratch/adam/cassava-raw/cassavaleafdata/train/cmd/train-cmd-113.jpg,3
/var/scratch/adam/cassava-raw/cassavaleafdata/train/cmd/train-cmd-1130.jpg,3
/var/scratch/adam/cassava-raw/cassavaleafdata/train/cmd/train-cmd-1131.jpg,3
/var/scratch/adam/cassava-raw/cassavaleafdata/train/cmd/train-cmd-1132.jpg,3
/var/scratch/adam/cassava-raw/cassavaleafdata/train/cmd/train-cmd-1133.jpg,3
/var/scratch/adam/cassava-raw/cassavaleafdata/train/cmd/train-cmd-1134.jpg,3
/var/scratch/adam/cassava-raw/cassavaleafdata/train/cmd/train-cmd-1135.jpg,3
/var/scratch/adam/cassava-raw/cassavaleafdata/train/cmd/train-cmd-1136.jpg,3
/var/scratch/adam/cassava-raw/cassavaleafdata/train/cmd/train-cmd-1137.jpg,3
/var/scratch/adam/cassava-raw/cassavaleafdata/train/cmd/train-cmd-1138.jpg,3
/var/scratch/adam/cassava-raw/cassavaleafdata/train/cmd/train-cmd-1139.jpg,3
/var/scratch/adam/cassava-raw/cassavaleafdata/train/cmd/train-cmd-114.jpg,3
/var/scratch/adam/cassava-raw/cassavaleafdata/train/cmd/train-cmd-1140.jpg,3
/var/scratch/adam/cassava-raw/cassavaleafdata/train/cmd/train-cmd-1141.jpg,3
/var/scratch/adam/cassava-raw/cassavaleafdata/train/cmd/train-cmd-1142.jpg,3
/var/scratch/adam/cassava-raw/cassavaleafdata/train/cmd/train-cmd-1143.jpg,3
/var/scratch/adam/cassava-raw/cassavaleafdata/train/cmd/train-cmd-1144.jpg,3
/var/scratch/adam/cassava-raw/cassavaleafdata/train/cmd/train-cmd-1145.jpg,3
/var/scratch/adam/cassava-raw/cassavaleafdata/train/cmd/train-cmd-1146.jpg,3
/var/scratch/adam/cassava-raw/cassavaleafdata/train/cmd/train-cmd-1147.jpg,3
/var/scratch/adam/cassava-raw/cassavaleafdata/train/cmd/train-cmd-1148.jpg,3
/var/scratch/adam/cassava-raw/cassavaleafdata/train/cmd/train-cmd-1149.jpg,3
/var/scratch/adam/cassava-raw/cassavaleafdata/train/cmd/train-cmd-115.jpg,3
/var/scratch/adam/cassava-raw/cassavaleafdata/train/cmd/train-cmd-1150.jpg,3
/var/scratch/adam/cassava-raw/cassavaleafdata/train/cmd/train-cmd-1151.jpg,3
/var/scratch/adam/cassava-raw/cassavaleafdata/train/cmd/train-cmd-1152.jpg,3
/var/scratch/adam/cassava-raw/cassavaleafdata/train/cmd/train-cmd-1153.jpg,3
/var/scratch/adam/cassava-raw/cassavaleafdata/train/cmd/train-cmd-1154.jpg,3
/var/scratch/adam/cassava-raw/cassavaleafdata/train/cmd/train-cmd-1155.jpg,3
/var/scratch/adam/cassava-raw/cassavaleafdata/train/cmd/train-cmd-1156.jpg,3
/var/scratch/adam/cassava-raw/cassavaleafdata/train/cmd/train-cmd-1157.jpg,3
/var/scratch/adam/cassava-raw/cassavaleafdata/train/cmd/train-cmd-1158.jpg,3
/var/scratch/adam/cassava-raw/cassavaleafdata/train/cmd/train-cmd-1159.jpg,3
/var/scratch/adam/cassava-raw/cassavaleafdata/train/cmd/train-cmd-116.jpg,3
/var/scratch/adam/cassava-raw/cassavaleafdata/train/cmd/train-cmd-1160.jpg,3
/var/scratch/adam/cassava-raw/cassavaleafdata/train/cmd/train-cmd-1161.jpg,3
/var/scratch/adam/cassava-raw/cassavaleafdata/train/cmd/train-cmd-1162.jpg,3
/var/scratch/adam/cassava-raw/cassavaleafdata/train/cmd/train-cmd-1163.jpg,3
/var/scratch/adam/cassava-raw/cassavaleafdata/train/cmd/train-cmd-1164.jpg,3
/var/scratch/adam/cassava-raw/cassavaleafdata/train/cmd/train-cmd-1165.jpg,3
/var/scratch/adam/cassava-raw/cassavaleafdata/train/cmd/train-cmd-1166.jpg,3
/var/scratch/adam/cassava-raw/cassavaleafdata/train/cmd/train-cmd-1167.jpg,3
/var/scratch/adam/cassava-raw/cassavaleafdata/train/cmd/train-cmd-1168.jpg,3
/var/scratch/adam/cassava-raw/cassavaleafdata/train/cmd/train-cmd-1169.jpg,3
/var/scratch/adam/cassava-raw/cassavaleafdata/train/cmd/train-cmd-117.jpg,3
/var/scratch/adam/cassava-raw/cassavaleafdata/train/cmd/train-cmd-1170.jpg,3
/var/scratch/adam/cassava-raw/cassavaleafdata/train/cmd/train-cmd-1171.jpg,3
/var/scratch/adam/cassava-raw/cassavaleafdata/train/cmd/train-cmd-1172.jpg,3
/var/scratch/adam/cassava-raw/cassavaleafdata/train/cmd/train-cmd-1173.jpg,3
/var/scratch/adam/cassava-raw/cassavaleafdata/train/cmd/train-cmd-1174.jpg,3
/var/scratch/adam/cassava-raw/cassavaleafdata/train/cmd/train-cmd-1175.jpg,3
/var/scratch/adam/cassava-raw/cassavaleafdata/train/cmd/train-cmd-1176.jpg,3
/var/scratch/adam/cassava-raw/cassavaleafdata/train/cmd/train-cmd-1177.jpg,3
/var/scratch/adam/cassava-raw/cassavaleafdata/train/cmd/train-cmd-1178.jpg,3
/var/scratch/adam/cassava-raw/cassavaleafdata/train/cmd/train-cmd-1179.jpg,3
/var/scratch/adam/cassava-raw/cassavaleafdata/train/cmd/train-cmd-118.jpg,3
/var/scratch/adam/cassava-raw/cassavaleafdata/train/cmd/train-cmd-1180.jpg,3
/var/scratch/adam/cassava-raw/cassavaleafdata/train/cmd/train-cmd-1181.jpg,3
/var/scratch/adam/cassava-raw/cassavaleafdata/train/cmd/train-cmd-1182.jpg,3
/var/scratch/adam/cassava-raw/cassavaleafdata/train/cmd/train-cmd-1183.jpg,3
/var/scratch/adam/cassava-raw/cassavaleafdata/train/cmd/train-cmd-1184.jpg,3
/var/scratch/adam/cassava-raw/cassavaleafdata/train/cmd/train-cmd-1185.jpg,3
/var/scratch/adam/cassava-raw/cassavaleafdata/train/cmd/train-cmd-1186.jpg,3
/var/scratch/adam/cassava-raw/cassavaleafdata/train/cmd/train-cmd-1187.jpg,3
/var/scratch/adam/cassava-raw/cassavaleafdata/train/cmd/train-cmd-1188.jpg,3
/var/scratch/adam/cassava-raw/cassavaleafdata/train/cmd/train-cmd-1189.jpg,3
/var/scratch/adam/cassava-raw/cassavaleafdata/train/cmd/train-cmd-119.jpg,3
/var/scratch/adam/cassava-raw/cassavaleafdata/train/cmd/train-cmd-1190.jpg,3
/var/scratch/adam/cassava-raw/cassavaleafdata/train/cmd/train-cmd-1191.jpg,3
/var/scratch/adam/cassava-raw/cassavaleafdata/train/cmd/train-cmd-1192.jpg,3
/var/scratch/adam/cassava-raw/cassavaleafdata/train/cmd/train-cmd-1193.jpg,3
/var/scratch/adam/cassava-raw/cassavaleafdata/train/cmd/train-cmd-1194.jpg,3
/var/scratch/adam/cassava-raw/cassavaleafdata/train/cmd/train-cmd-1195.jpg,3
/var/scratch/adam/cassava-raw/cassavaleafdata/train/cmd/train-cmd-1196.jpg,3
/var/scratch/adam/cassava-raw/cassavaleafdata/train/cmd/train-cmd-1197.jpg,3
/var/scratch/adam/cassava-raw/cassavaleafdata/train/cmd/train-cmd-1198.jpg,3
/var/scratch/adam/cassava-raw/cassavaleafdata/train/cmd/train-cmd-1199.jpg,3
/var/scratch/adam/cassava-raw/cassavaleafdata/train/cmd/train-cmd-12.jpg,3
/var/scratch/adam/cassava-raw/cassavaleafdata/train/cmd/train-cmd-120.jpg,3
/var/scratch/adam/cassava-raw/cassavaleafdata/train/cmd/train-cmd-1200.jpg,3
/var/scratch/adam/cassava-raw/cassavaleafdata/train/cmd/train-cmd-1201.jpg,3
/var/scratch/adam/cassava-raw/cassavaleafdata/train/cmd/train-cmd-1202.jpg,3
/var/scratch/adam/cassava-raw/cassavaleafdata/train/cmd/train-cmd-1203.jpg,3
/var/scratch/adam/cassava-raw/cassavaleafdata/train/cmd/train-cmd-1204.jpg,3
/var/scratch/adam/cassava-raw/cassavaleafdata/train/cmd/train-cmd-1205.jpg,3
/var/scratch/adam/cassava-raw/cassavaleafdata/train/cmd/train-cmd-1206.jpg,3
/var/scratch/adam/cassava-raw/cassavaleafdata/train/cmd/train-cmd-1207.jpg,3
/var/scratch/adam/cassava-raw/cassavaleafdata/train/cmd/train-cmd-1208.jpg,3
/var/scratch/adam/cassava-raw/cassavaleafdata/train/cmd/train-cmd-1209.jpg,3
/var/scratch/adam/cassava-raw/cassavaleafdata/train/cmd/train-cmd-121.jpg,3
/var/scratch/adam/cassava-raw/cassavaleafdata/train/cmd/train-cmd-1210.jpg,3
/var/scratch/adam/cassava-raw/cassavaleafdata/train/cmd/train-cmd-1211.jpg,3
/var/scratch/adam/cassava-raw/cassavaleafdata/train/cmd/train-cmd-1212.jpg,3
/var/scratch/adam/cassava-raw/cassavaleafdata/train/cmd/train-cmd-1213.jpg,3
/var/scratch/adam/cassava-raw/cassavaleafdata/train/cmd/train-cmd-1214.jpg,3
/var/scratch/adam/cassava-raw/cassavaleafdata/train/cmd/train-cmd-1215.jpg,3
/var/scratch/adam/cassava-raw/cassavaleafdata/train/cmd/train-cmd-1216.jpg,3
/var/scratch/adam/cassava-raw/cassavaleafdata/train/cmd/train-cmd-1217.jpg,3
/var/scratch/adam/cassava-raw/cassavaleafdata/train/cmd/train-cmd-1218.jpg,3
/var/scratch/adam/cassava-raw/cassavaleafdata/train/cmd/train-cmd-1219.jpg,3
/var/scratch/adam/cassava-raw/cassavaleafdata/train/cmd/train-cmd-122.jpg,3
/var/scratch/adam/cassava-raw/cassavaleafdata/train/cmd/train-cmd-1220.jpg,3
/var/scratch/adam/cassava-raw/cassavaleafdata/train/cmd/train-cmd-1221.jpg,3
/var/scratch/adam/cassava-raw/cassavaleafdata/train/cmd/train-cmd-1222.jpg,3
/var/scratch/adam/cassava-raw/cassavaleafdata/train/cmd/train-cmd-1223.jpg,3
/var/scratch/adam/cassava-raw/cassavaleafdata/train/cmd/train-cmd-1224.jpg,3
/var/scratch/adam/cassava-raw/cassavaleafdata/train/cmd/train-cmd-1225.jpg,3
/var/scratch/adam/cassava-raw/cassavaleafdata/train/cmd/train-cmd-1226.jpg,3
/var/scratch/adam/cassava-raw/cassavaleafdata/train/cmd/train-cmd-1227.jpg,3
/var/scratch/adam/cassava-raw/cassavaleafdata/train/cmd/train-cmd-1228.jpg,3
/var/scratch/adam/cassava-raw/cassavaleafdata/train/cmd/train-cmd-1229.jpg,3
/var/scratch/adam/cassava-raw/cassavaleafdata/train/cmd/train-cmd-123.jpg,3
/var/scratch/adam/cassava-raw/cassavaleafdata/train/cmd/train-cmd-1230.jpg,3
/var/scratch/adam/cassava-raw/cassavaleafdata/train/cmd/train-cmd-1231.jpg,3
/var/scratch/adam/cassava-raw/cassavaleafdata/train/cmd/train-cmd-1232.jpg,3
/var/scratch/adam/cassava-raw/cassavaleafdata/train/cmd/train-cmd-1233.jpg,3
/var/scratch/adam/cassava-raw/cassavaleafdata/train/cmd/train-cmd-1234.jpg,3
/var/scratch/adam/cassava-raw/cassavaleafdata/train/cmd/train-cmd-1235.jpg,3
/var/scratch/adam/cassava-raw/cassavaleafdata/train/cmd/train-cmd-1236.jpg,3
/var/scratch/adam/cassava-raw/cassavaleafdata/train/cmd/train-cmd-1237.jpg,3
/var/scratch/adam/cassava-raw/cassavaleafdata/train/cmd/train-cmd-1238.jpg,3
/var/scratch/adam/cassava-raw/cassavaleafdata/train/cmd/train-cmd-1239.jpg,3
/var/scratch/adam/cassava-raw/cassavaleafdata/train/cmd/train-cmd-124.jpg,3
/var/scratch/adam/cassava-raw/cassavaleafdata/train/cmd/train-cmd-1240.jpg,3
/var/scratch/adam/cassava-raw/cassavaleafdata/train/cmd/train-cmd-1241.jpg,3
/var/scratch/adam/cassava-raw/cassavaleafdata/train/cmd/train-cmd-1242.jpg,3
/var/scratch/adam/cassava-raw/cassavaleafdata/train/cmd/train-cmd-1243.jpg,3
/var/scratch/adam/cassava-raw/cassavaleafdata/train/cmd/train-cmd-1244.jpg,3
/var/scratch/adam/cassava-raw/cassavaleafdata/train/cmd/train-cmd-1245.jpg,3
/var/scratch/adam/cassava-raw/cassavaleafdata/train/cmd/train-cmd-1246.jpg,3
/var/scratch/adam/cassava-raw/cassavaleafdata/train/cmd/train-cmd-1247.jpg,3
/var/scratch/adam/cassava-raw/cassavaleafdata/train/cmd/train-cmd-1248.jpg,3
/var/scratch/adam/cassava-raw/cassavaleafdata/train/cmd/train-cmd-1249.jpg,3
/var/scratch/adam/cassava-raw/cassavaleafdata/train/cmd/train-cmd-125.jpg,3
/var/scratch/adam/cassava-raw/cassavaleafdata/train/cmd/train-cmd-1250.jpg,3
/var/scratch/adam/cassava-raw/cassavaleafdata/train/cmd/train-cmd-1251.jpg,3
/var/scratch/adam/cassava-raw/cassavaleafdata/train/cmd/train-cmd-1252.jpg,3
/var/scratch/adam/cassava-raw/cassavaleafdata/train/cmd/train-cmd-1253.jpg,3
/var/scratch/adam/cassava-raw/cassavaleafdata/train/cmd/train-cmd-1254.jpg,3
/var/scratch/adam/cassava-raw/cassavaleafdata/train/cmd/train-cmd-1255.jpg,3
/var/scratch/adam/cassava-raw/cassavaleafdata/train/cmd/train-cmd-1256.jpg,3
/var/scratch/adam/cassava-raw/cassavaleafdata/train/cmd/train-cmd-1257.jpg,3
/var/scratch/adam/cassava-raw/cassavaleafdata/train/cmd/train-cmd-1258.jpg,3
/var/scratch/adam/cassava-raw/cassavaleafdata/train/cmd/train-cmd-1259.jpg,3
/var/scratch/adam/cassava-raw/cassavaleafdata/train/cmd/train-cmd-126.jpg,3
/var/scratch/adam/cassava-raw/cassavaleafdata/train/cmd/train-cmd-1260.jpg,3
/var/scratch/adam/cassava-raw/cassavaleafdata/train/cmd/train-cmd-1261.jpg,3
/var/scratch/adam/cassava-raw/cassavaleafdata/train/cmd/train-cmd-1262.jpg,3
/var/scratch/adam/cassava-raw/cassavaleafdata/train/cmd/train-cmd-1263.jpg,3
/var/scratch/adam/cassava-raw/cassavaleafdata/train/cmd/train-cmd-1264.jpg,3
/var/scratch/adam/cassava-raw/cassavaleafdata/train/cmd/train-cmd-1265.jpg,3
/var/scratch/adam/cassava-raw/cassavaleafdata/train/cmd/train-cmd-1266.jpg,3
/var/scratch/adam/cassava-raw/cassavaleafdata/train/cmd/train-cmd-1267.jpg,3
/var/scratch/adam/cassava-raw/cassavaleafdata/train/cmd/train-cmd-1268.jpg,3
/var/scratch/adam/cassava-raw/cassavaleafdata/train/cmd/train-cmd-1269.jpg,3
/var/scratch/adam/cassava-raw/cassavaleafdata/train/cmd/train-cmd-127.jpg,3
/var/scratch/adam/cassava-raw/cassavaleafdata/train/cmd/train-cmd-1270.jpg,3
/var/scratch/adam/cassava-raw/cassavaleafdata/train/cmd/train-cmd-1271.jpg,3
/var/scratch/adam/cassava-raw/cassavaleafdata/train/cmd/train-cmd-1272.jpg,3
/var/scratch/adam/cassava-raw/cassavaleafdata/train/cmd/train-cmd-1273.jpg,3
/var/scratch/adam/cassava-raw/cassavaleafdata/train/cmd/train-cmd-1274.jpg,3
/var/scratch/adam/cassava-raw/cassavaleafdata/train/cmd/train-cmd-1275.jpg,3
/var/scratch/adam/cassava-raw/cassavaleafdata/train/cmd/train-cmd-1276.jpg,3
/var/scratch/adam/cassava-raw/cassavaleafdata/train/cmd/train-cmd-1277.jpg,3
/var/scratch/adam/cassava-raw/cassavaleafdata/train/cmd/train-cmd-1278.jpg,3
/var/scratch/adam/cassava-raw/cassavaleafdata/train/cmd/train-cmd-1279.jpg,3
/var/scratch/adam/cassava-raw/cassavaleafdata/train/cmd/train-cmd-128.jpg,3
/var/scratch/adam/cassava-raw/cassavaleafdata/train/cmd/train-cmd-1280.jpg,3
/var/scratch/adam/cassava-raw/cassavaleafdata/train/cmd/train-cmd-1281.jpg,3
/var/scratch/adam/cassava-raw/cassavaleafdata/train/cmd/train-cmd-1282.jpg,3
/var/scratch/adam/cassava-raw/cassavaleafdata/train/cmd/train-cmd-1283.jpg,3
/var/scratch/adam/cassava-raw/cassavaleafdata/train/cmd/train-cmd-1284.jpg,3
/var/scratch/adam/cassava-raw/cassavaleafdata/train/cmd/train-cmd-1285.jpg,3
/var/scratch/adam/cassava-raw/cassavaleafdata/train/cmd/train-cmd-1286.jpg,3
/var/scratch/adam/cassava-raw/cassavaleafdata/train/cmd/train-cmd-1287.jpg,3
/var/scratch/adam/cassava-raw/cassavaleafdata/train/cmd/train-cmd-1288.jpg,3
/var/scratch/adam/cassava-raw/cassavaleafdata/train/cmd/train-cmd-1289.jpg,3
/var/scratch/adam/cassava-raw/cassavaleafdata/train/cmd/train-cmd-129.jpg,3
/var/scratch/adam/cassava-raw/cassavaleafdata/train/cmd/train-cmd-1290.jpg,3
/var/scratch/adam/cassava-raw/cassavaleafdata/train/cmd/train-cmd-1291.jpg,3
/var/scratch/adam/cassava-raw/cassavaleafdata/train/cmd/train-cmd-1292.jpg,3
/var/scratch/adam/cassava-raw/cassavaleafdata/train/cmd/train-cmd-1293.jpg,3
/var/scratch/adam/cassava-raw/cassavaleafdata/train/cmd/train-cmd-1294.jpg,3
/var/scratch/adam/cassava-raw/cassavaleafdata/train/cmd/train-cmd-1295.jpg,3
/var/scratch/adam/cassava-raw/cassavaleafdata/train/cmd/train-cmd-1296.jpg,3
/var/scratch/adam/cassava-raw/cassavaleafdata/train/cmd/train-cmd-1297.jpg,3
/var/scratch/adam/cassava-raw/cassavaleafdata/train/cmd/train-cmd-1298.jpg,3
/var/scratch/adam/cassava-raw/cassavaleafdata/train/cmd/train-cmd-1299.jpg,3
/var/scratch/adam/cassava-raw/cassavaleafdata/train/cmd/train-cmd-13.jpg,3
/var/scratch/adam/cassava-raw/cassavaleafdata/train/cmd/train-cmd-130.jpg,3
/var/scratch/adam/cassava-raw/cassavaleafdata/train/cmd/train-cmd-1300.jpg,3
/var/scratch/adam/cassava-raw/cassavaleafdata/train/cmd/train-cmd-1301.jpg,3
/var/scratch/adam/cassava-raw/cassavaleafdata/train/cmd/train-cmd-1302.jpg,3
/var/scratch/adam/cassava-raw/cassavaleafdata/train/cmd/train-cmd-1303.jpg,3
/var/scratch/adam/cassava-raw/cassavaleafdata/train/cmd/train-cmd-1304.jpg,3
/var/scratch/adam/cassava-raw/cassavaleafdata/train/cmd/train-cmd-1305.jpg,3
/var/scratch/adam/cassava-raw/cassavaleafdata/train/cmd/train-cmd-1306.jpg,3
/var/scratch/adam/cassava-raw/cassavaleafdata/train/cmd/train-cmd-1307.jpg,3
/var/scratch/adam/cassava-raw/cassavaleafdata/train/cmd/train-cmd-1308.jpg,3
/var/scratch/adam/cassava-raw/cassavaleafdata/train/cmd/train-cmd-1309.jpg,3
/var/scratch/adam/cassava-raw/cassavaleafdata/train/cmd/train-cmd-131.jpg,3
/var/scratch/adam/cassava-raw/cassavaleafdata/train/cmd/train-cmd-1310.jpg,3
/var/scratch/adam/cassava-raw/cassavaleafdata/train/cmd/train-cmd-1311.jpg,3
/var/scratch/adam/cassava-raw/cassavaleafdata/train/cmd/train-cmd-1312.jpg,3
/var/scratch/adam/cassava-raw/cassavaleafdata/train/cmd/train-cmd-1313.jpg,3
/var/scratch/adam/cassava-raw/cassavaleafdata/train/cmd/train-cmd-1314.jpg,3
/var/scratch/adam/cassava-raw/cassavaleafdata/train/cmd/train-cmd-1315.jpg,3
/var/scratch/adam/cassava-raw/cassavaleafdata/train/cmd/train-cmd-1316.jpg,3
/var/scratch/adam/cassava-raw/cassavaleafdata/train/cmd/train-cmd-1317.jpg,3
/var/scratch/adam/cassava-raw/cassavaleafdata/train/cmd/train-cmd-1318.jpg,3
/var/scratch/adam/cassava-raw/cassavaleafdata/train/cmd/train-cmd-1319.jpg,3
/var/scratch/adam/cassava-raw/cassavaleafdata/train/cmd/train-cmd-132.jpg,3
/var/scratch/adam/cassava-raw/cassavaleafdata/train/cmd/train-cmd-1320.jpg,3
/var/scratch/adam/cassava-raw/cassavaleafdata/train/cmd/train-cmd-1321.jpg,3
/var/scratch/adam/cassava-raw/cassavaleafdata/train/cmd/train-cmd-1322.jpg,3
/var/scratch/adam/cassava-raw/cassavaleafdata/train/cmd/train-cmd-1323.jpg,3
/var/scratch/adam/cassava-raw/cassavaleafdata/train/cmd/train-cmd-1324.jpg,3
/var/scratch/adam/cassava-raw/cassavaleafdata/train/cmd/train-cmd-1325.jpg,3
/var/scratch/adam/cassava-raw/cassavaleafdata/train/cmd/train-cmd-1326.jpg,3
/var/scratch/adam/cassava-raw/cassavaleafdata/train/cmd/train-cmd-1327.jpg,3
/var/scratch/adam/cassava-raw/cassavaleafdata/train/cmd/train-cmd-1328.jpg,3
/var/scratch/adam/cassava-raw/cassavaleafdata/train/cmd/train-cmd-1329.jpg,3
/var/scratch/adam/cassava-raw/cassavaleafdata/train/cmd/train-cmd-133.jpg,3
/var/scratch/adam/cassava-raw/cassavaleafdata/train/cmd/train-cmd-1330.jpg,3
/var/scratch/adam/cassava-raw/cassavaleafdata/train/cmd/train-cmd-1331.jpg,3
/var/scratch/adam/cassava-raw/cassavaleafdata/train/cmd/train-cmd-1332.jpg,3
/var/scratch/adam/cassava-raw/cassavaleafdata/train/cmd/train-cmd-1333.jpg,3
/var/scratch/adam/cassava-raw/cassavaleafdata/train/cmd/train-cmd-1334.jpg,3
/var/scratch/adam/cassava-raw/cassavaleafdata/train/cmd/train-cmd-1335.jpg,3
/var/scratch/adam/cassava-raw/cassavaleafdata/train/cmd/train-cmd-1336.jpg,3
/var/scratch/adam/cassava-raw/cassavaleafdata/train/cmd/train-cmd-1337.jpg,3
/var/scratch/adam/cassava-raw/cassavaleafdata/train/cmd/train-cmd-1338.jpg,3
/var/scratch/adam/cassava-raw/cassavaleafdata/train/cmd/train-cmd-1339.jpg,3
/var/scratch/adam/cassava-raw/cassavaleafdata/train/cmd/train-cmd-134.jpg,3
/var/scratch/adam/cassava-raw/cassavaleafdata/train/cmd/train-cmd-1340.jpg,3
/var/scratch/adam/cassava-raw/cassavaleafdata/train/cmd/train-cmd-1341.jpg,3
/var/scratch/adam/cassava-raw/cassavaleafdata/train/cmd/train-cmd-1342.jpg,3
/var/scratch/adam/cassava-raw/cassavaleafdata/train/cmd/train-cmd-1343.jpg,3
/var/scratch/adam/cassava-raw/cassavaleafdata/train/cmd/train-cmd-1344.jpg,3
/var/scratch/adam/cassava-raw/cassavaleafdata/train/cmd/train-cmd-1345.jpg,3
/var/scratch/adam/cassava-raw/cassavaleafdata/train/cmd/train-cmd-1346.jpg,3
/var/scratch/adam/cassava-raw/cassavaleafdata/train/cmd/train-cmd-1347.jpg,3
/var/scratch/adam/cassava-raw/cassavaleafdata/train/cmd/train-cmd-1348.jpg,3
/var/scratch/adam/cassava-raw/cassavaleafdata/train/cmd/train-cmd-1349.jpg,3
/var/scratch/adam/cassava-raw/cassavaleafdata/train/cmd/train-cmd-135.jpg,3
/var/scratch/adam/cassava-raw/cassavaleafdata/train/cmd/train-cmd-1350.jpg,3
/var/scratch/adam/cassava-raw/cassavaleafdata/train/cmd/train-cmd-1351.jpg,3
/var/scratch/adam/cassava-raw/cassavaleafdata/train/cmd/train-cmd-1352.jpg,3
/var/scratch/adam/cassava-raw/cassavaleafdata/train/cmd/train-cmd-1353.jpg,3
/var/scratch/adam/cassava-raw/cassavaleafdata/train/cmd/train-cmd-1354.jpg,3
/var/scratch/adam/cassava-raw/cassavaleafdata/train/cmd/train-cmd-1355.jpg,3
/var/scratch/adam/cassava-raw/cassavaleafdata/train/cmd/train-cmd-1356.jpg,3
/var/scratch/adam/cassava-raw/cassavaleafdata/train/cmd/train-cmd-1357.jpg,3
/var/scratch/adam/cassava-raw/cassavaleafdata/train/cmd/train-cmd-1358.jpg,3
/var/scratch/adam/cassava-raw/cassavaleafdata/train/cmd/train-cmd-1359.jpg,3
/var/scratch/adam/cassava-raw/cassavaleafdata/train/cmd/train-cmd-136.jpg,3
/var/scratch/adam/cassava-raw/cassavaleafdata/train/cmd/train-cmd-1360.jpg,3
/var/scratch/adam/cassava-raw/cassavaleafdata/train/cmd/train-cmd-1361.jpg,3
/var/scratch/adam/cassava-raw/cassavaleafdata/train/cmd/train-cmd-1362.jpg,3
/var/scratch/adam/cassava-raw/cassavaleafdata/train/cmd/train-cmd-1363.jpg,3
/var/scratch/adam/cassava-raw/cassavaleafdata/train/cmd/train-cmd-1364.jpg,3
/var/scratch/adam/cassava-raw/cassavaleafdata/train/cmd/train-cmd-1365.jpg,3
/var/scratch/adam/cassava-raw/cassavaleafdata/train/cmd/train-cmd-1366.jpg,3
/var/scratch/adam/cassava-raw/cassavaleafdata/train/cmd/train-cmd-1367.jpg,3
/var/scratch/adam/cassava-raw/cassavaleafdata/train/cmd/train-cmd-1368.jpg,3
/var/scratch/adam/cassava-raw/cassavaleafdata/train/cmd/train-cmd-1369.jpg,3
/var/scratch/adam/cassava-raw/cassavaleafdata/train/cmd/train-cmd-137.jpg,3
/var/scratch/adam/cassava-raw/cassavaleafdata/train/cmd/train-cmd-1370.jpg,3
/var/scratch/adam/cassava-raw/cassavaleafdata/train/cmd/train-cmd-1371.jpg,3
/var/scratch/adam/cassava-raw/cassavaleafdata/train/cmd/train-cmd-1372.jpg,3
/var/scratch/adam/cassava-raw/cassavaleafdata/train/cmd/train-cmd-1373.jpg,3
/var/scratch/adam/cassava-raw/cassavaleafdata/train/cmd/train-cmd-1374.jpg,3
/var/scratch/adam/cassava-raw/cassavaleafdata/train/cmd/train-cmd-1375.jpg,3
/var/scratch/adam/cassava-raw/cassavaleafdata/train/cmd/train-cmd-1376.jpg,3
/var/scratch/adam/cassava-raw/cassavaleafdata/train/cmd/train-cmd-1377.jpg,3
/var/scratch/adam/cassava-raw/cassavaleafdata/train/cmd/train-cmd-1378.jpg,3
/var/scratch/adam/cassava-raw/cassavaleafdata/train/cmd/train-cmd-1379.jpg,3
/var/scratch/adam/cassava-raw/cassavaleafdata/train/cmd/train-cmd-138.jpg,3
/var/scratch/adam/cassava-raw/cassavaleafdata/train/cmd/train-cmd-1380.jpg,3
/var/scratch/adam/cassava-raw/cassavaleafdata/train/cmd/train-cmd-1381.jpg,3
/var/scratch/adam/cassava-raw/cassavaleafdata/train/cmd/train-cmd-1382.jpg,3
/var/scratch/adam/cassava-raw/cassavaleafdata/train/cmd/train-cmd-1383.jpg,3
/var/scratch/adam/cassava-raw/cassavaleafdata/train/cmd/train-cmd-1384.jpg,3
/var/scratch/adam/cassava-raw/cassavaleafdata/train/cmd/train-cmd-1385.jpg,3
/var/scratch/adam/cassava-raw/cassavaleafdata/train/cmd/train-cmd-1386.jpg,3
/var/scratch/adam/cassava-raw/cassavaleafdata/train/cmd/train-cmd-1387.jpg,3
/var/scratch/adam/cassava-raw/cassavaleafdata/train/cmd/train-cmd-1388.jpg,3
/var/scratch/adam/cassava-raw/cassavaleafdata/train/cmd/train-cmd-1389.jpg,3
/var/scratch/adam/cassava-raw/cassavaleafdata/train/cmd/train-cmd-139.jpg,3
/var/scratch/adam/cassava-raw/cassavaleafdata/train/cmd/train-cmd-1390.jpg,3
/var/scratch/adam/cassava-raw/cassavaleafdata/train/cmd/train-cmd-1391.jpg,3
/var/scratch/adam/cassava-raw/cassavaleafdata/train/cmd/train-cmd-1392.jpg,3
/var/scratch/adam/cassava-raw/cassavaleafdata/train/cmd/train-cmd-1393.jpg,3
/var/scratch/adam/cassava-raw/cassavaleafdata/train/cmd/train-cmd-1394.jpg,3
/var/scratch/adam/cassava-raw/cassavaleafdata/train/cmd/train-cmd-1395.jpg,3
/var/scratch/adam/cassava-raw/cassavaleafdata/train/cmd/train-cmd-1396.jpg,3
/var/scratch/adam/cassava-raw/cassavaleafdata/train/cmd/train-cmd-1397.jpg,3
/var/scratch/adam/cassava-raw/cassavaleafdata/train/cmd/train-cmd-1398.jpg,3
/var/scratch/adam/cassava-raw/cassavaleafdata/train/cmd/train-cmd-1399.jpg,3
/var/scratch/adam/cassava-raw/cassavaleafdata/train/cmd/train-cmd-14.jpg,3
/var/scratch/adam/cassava-raw/cassavaleafdata/train/cmd/train-cmd-140.jpg,3
/var/scratch/adam/cassava-raw/cassavaleafdata/train/cmd/train-cmd-1400.jpg,3
/var/scratch/adam/cassava-raw/cassavaleafdata/train/cmd/train-cmd-1401.jpg,3
/var/scratch/adam/cassava-raw/cassavaleafdata/train/cmd/train-cmd-1402.jpg,3
/var/scratch/adam/cassava-raw/cassavaleafdata/train/cmd/train-cmd-1403.jpg,3
/var/scratch/adam/cassava-raw/cassavaleafdata/train/cmd/train-cmd-1404.jpg,3
/var/scratch/adam/cassava-raw/cassavaleafdata/train/cmd/train-cmd-1405.jpg,3
/var/scratch/adam/cassava-raw/cassavaleafdata/train/cmd/train-cmd-1406.jpg,3
/var/scratch/adam/cassava-raw/cassavaleafdata/train/cmd/train-cmd-1407.jpg,3
/var/scratch/adam/cassava-raw/cassavaleafdata/train/cmd/train-cmd-1408.jpg,3
/var/scratch/adam/cassava-raw/cassavaleafdata/train/cmd/train-cmd-1409.jpg,3
/var/scratch/adam/cassava-raw/cassavaleafdata/train/cmd/train-cmd-141.jpg,3
/var/scratch/adam/cassava-raw/cassavaleafdata/train/cmd/train-cmd-1410.jpg,3
/var/scratch/adam/cassava-raw/cassavaleafdata/train/cmd/train-cmd-1411.jpg,3
/var/scratch/adam/cassava-raw/cassavaleafdata/train/cmd/train-cmd-1412.jpg,3
/var/scratch/adam/cassava-raw/cassavaleafdata/train/cmd/train-cmd-1413.jpg,3
/var/scratch/adam/cassava-raw/cassavaleafdata/train/cmd/train-cmd-1414.jpg,3
/var/scratch/adam/cassava-raw/cassavaleafdata/train/cmd/train-cmd-1415.jpg,3
/var/scratch/adam/cassava-raw/cassavaleafdata/train/cmd/train-cmd-1416.jpg,3
/var/scratch/adam/cassava-raw/cassavaleafdata/train/cmd/train-cmd-1417.jpg,3
/var/scratch/adam/cassava-raw/cassavaleafdata/train/cmd/train-cmd-1418.jpg,3
/var/scratch/adam/cassava-raw/cassavaleafdata/train/cmd/train-cmd-1419.jpg,3
/var/scratch/adam/cassava-raw/cassavaleafdata/train/cmd/train-cmd-142.jpg,3
/var/scratch/adam/cassava-raw/cassavaleafdata/train/cmd/train-cmd-1420.jpg,3
/var/scratch/adam/cassava-raw/cassavaleafdata/train/cmd/train-cmd-1421.jpg,3
/var/scratch/adam/cassava-raw/cassavaleafdata/train/cmd/train-cmd-1422.jpg,3
/var/scratch/adam/cassava-raw/cassavaleafdata/train/cmd/train-cmd-1423.jpg,3
/var/scratch/adam/cassava-raw/cassavaleafdata/train/cmd/train-cmd-1424.jpg,3
/var/scratch/adam/cassava-raw/cassavaleafdata/train/cmd/train-cmd-1425.jpg,3
/var/scratch/adam/cassava-raw/cassavaleafdata/train/cmd/train-cmd-1426.jpg,3
/var/scratch/adam/cassava-raw/cassavaleafdata/train/cmd/train-cmd-1427.jpg,3
/var/scratch/adam/cassava-raw/cassavaleafdata/train/cmd/train-cmd-1428.jpg,3
/var/scratch/adam/cassava-raw/cassavaleafdata/train/cmd/train-cmd-1429.jpg,3
/var/scratch/adam/cassava-raw/cassavaleafdata/train/cmd/train-cmd-143.jpg,3
/var/scratch/adam/cassava-raw/cassavaleafdata/train/cmd/train-cmd-1430.jpg,3
/var/scratch/adam/cassava-raw/cassavaleafdata/train/cmd/train-cmd-1431.jpg,3
/var/scratch/adam/cassava-raw/cassavaleafdata/train/cmd/train-cmd-1432.jpg,3
/var/scratch/adam/cassava-raw/cassavaleafdata/train/cmd/train-cmd-1433.jpg,3
/var/scratch/adam/cassava-raw/cassavaleafdata/train/cmd/train-cmd-1434.jpg,3
/var/scratch/adam/cassava-raw/cassavaleafdata/train/cmd/train-cmd-1435.jpg,3
/var/scratch/adam/cassava-raw/cassavaleafdata/train/cmd/train-cmd-1436.jpg,3
/var/scratch/adam/cassava-raw/cassavaleafdata/train/cmd/train-cmd-1437.jpg,3
/var/scratch/adam/cassava-raw/cassavaleafdata/train/cmd/train-cmd-1438.jpg,3
/var/scratch/adam/cassava-raw/cassavaleafdata/train/cmd/train-cmd-1439.jpg,3
/var/scratch/adam/cassava-raw/cassavaleafdata/train/cmd/train-cmd-144.jpg,3
/var/scratch/adam/cassava-raw/cassavaleafdata/train/cmd/train-cmd-1440.jpg,3
/var/scratch/adam/cassava-raw/cassavaleafdata/train/cmd/train-cmd-1441.jpg,3
/var/scratch/adam/cassava-raw/cassavaleafdata/train/cmd/train-cmd-1442.jpg,3
/var/scratch/adam/cassava-raw/cassavaleafdata/train/cmd/train-cmd-1443.jpg,3
/var/scratch/adam/cassava-raw/cassavaleafdata/train/cmd/train-cmd-1444.jpg,3
/var/scratch/adam/cassava-raw/cassavaleafdata/train/cmd/train-cmd-1445.jpg,3
/var/scratch/adam/cassava-raw/cassavaleafdata/train/cmd/train-cmd-1446.jpg,3
/var/scratch/adam/cassava-raw/cassavaleafdata/train/cmd/train-cmd-1447.jpg,3
/var/scratch/adam/cassava-raw/cassavaleafdata/train/cmd/train-cmd-1448.jpg,3
/var/scratch/adam/cassava-raw/cassavaleafdata/train/cmd/train-cmd-1449.jpg,3
/var/scratch/adam/cassava-raw/cassavaleafdata/train/cmd/train-cmd-145.jpg,3
/var/scratch/adam/cassava-raw/cassavaleafdata/train/cmd/train-cmd-1450.jpg,3
/var/scratch/adam/cassava-raw/cassavaleafdata/train/cmd/train-cmd-1451.jpg,3
/var/scratch/adam/cassava-raw/cassavaleafdata/train/cmd/train-cmd-1452.jpg,3
/var/scratch/adam/cassava-raw/cassavaleafdata/train/cmd/train-cmd-1453.jpg,3
/var/scratch/adam/cassava-raw/cassavaleafdata/train/cmd/train-cmd-1454.jpg,3
/var/scratch/adam/cassava-raw/cassavaleafdata/train/cmd/train-cmd-1455.jpg,3
/var/scratch/adam/cassava-raw/cassavaleafdata/train/cmd/train-cmd-1456.jpg,3
/var/scratch/adam/cassava-raw/cassavaleafdata/train/cmd/train-cmd-1457.jpg,3
/var/scratch/adam/cassava-raw/cassavaleafdata/train/cmd/train-cmd-1458.jpg,3
/var/scratch/adam/cassava-raw/cassavaleafdata/train/cmd/train-cmd-1459.jpg,3
/var/scratch/adam/cassava-raw/cassavaleafdata/train/cmd/train-cmd-146.jpg,3
/var/scratch/adam/cassava-raw/cassavaleafdata/train/cmd/train-cmd-1460.jpg,3
/var/scratch/adam/cassava-raw/cassavaleafdata/train/cmd/train-cmd-1461.jpg,3
/var/scratch/adam/cassava-raw/cassavaleafdata/train/cmd/train-cmd-1462.jpg,3
/var/scratch/adam/cassava-raw/cassavaleafdata/train/cmd/train-cmd-1463.jpg,3
/var/scratch/adam/cassava-raw/cassavaleafdata/train/cmd/train-cmd-1464.jpg,3
/var/scratch/adam/cassava-raw/cassavaleafdata/train/cmd/train-cmd-1465.jpg,3
/var/scratch/adam/cassava-raw/cassavaleafdata/train/cmd/train-cmd-1466.jpg,3
/var/scratch/adam/cassava-raw/cassavaleafdata/train/cmd/train-cmd-1467.jpg,3
/var/scratch/adam/cassava-raw/cassavaleafdata/train/cmd/train-cmd-1468.jpg,3
/var/scratch/adam/cassava-raw/cassavaleafdata/train/cmd/train-cmd-1469.jpg,3
/var/scratch/adam/cassava-raw/cassavaleafdata/train/cmd/train-cmd-147.jpg,3
/var/scratch/adam/cassava-raw/cassavaleafdata/train/cmd/train-cmd-1470.jpg,3
/var/scratch/adam/cassava-raw/cassavaleafdata/train/cmd/train-cmd-1471.jpg,3
/var/scratch/adam/cassava-raw/cassavaleafdata/train/cmd/train-cmd-1472.jpg,3
/var/scratch/adam/cassava-raw/cassavaleafdata/train/cmd/train-cmd-1473.jpg,3
/var/scratch/adam/cassava-raw/cassavaleafdata/train/cmd/train-cmd-1474.jpg,3
/var/scratch/adam/cassava-raw/cassavaleafdata/train/cmd/train-cmd-1475.jpg,3
/var/scratch/adam/cassava-raw/cassavaleafdata/train/cmd/train-cmd-1476.jpg,3
/var/scratch/adam/cassava-raw/cassavaleafdata/train/cmd/train-cmd-1477.jpg,3
/var/scratch/adam/cassava-raw/cassavaleafdata/train/cmd/train-cmd-1478.jpg,3
/var/scratch/adam/cassava-raw/cassavaleafdata/train/cmd/train-cmd-1479.jpg,3
/var/scratch/adam/cassava-raw/cassavaleafdata/train/cmd/train-cmd-148.jpg,3
/var/scratch/adam/cassava-raw/cassavaleafdata/train/cmd/train-cmd-1480.jpg,3
/var/scratch/adam/cassava-raw/cassavaleafdata/train/cmd/train-cmd-1481.jpg,3
/var/scratch/adam/cassava-raw/cassavaleafdata/train/cmd/train-cmd-1482.jpg,3
/var/scratch/adam/cassava-raw/cassavaleafdata/train/cmd/train-cmd-1483.jpg,3
/var/scratch/adam/cassava-raw/cassavaleafdata/train/cmd/train-cmd-1484.jpg,3
/var/scratch/adam/cassava-raw/cassavaleafdata/train/cmd/train-cmd-1485.jpg,3
/var/scratch/adam/cassava-raw/cassavaleafdata/train/cmd/train-cmd-1486.jpg,3
/var/scratch/adam/cassava-raw/cassavaleafdata/train/cmd/train-cmd-1487.jpg,3
/var/scratch/adam/cassava-raw/cassavaleafdata/train/cmd/train-cmd-1488.jpg,3
/var/scratch/adam/cassava-raw/cassavaleafdata/train/cmd/train-cmd-1489.jpg,3
/var/scratch/adam/cassava-raw/cassavaleafdata/train/cmd/train-cmd-149.jpg,3
/var/scratch/adam/cassava-raw/cassavaleafdata/train/cmd/train-cmd-1490.jpg,3
/var/scratch/adam/cassava-raw/cassavaleafdata/train/cmd/train-cmd-1491.jpg,3
/var/scratch/adam/cassava-raw/cassavaleafdata/train/cmd/train-cmd-1492.jpg,3
/var/scratch/adam/cassava-raw/cassavaleafdata/train/cmd/train-cmd-1493.jpg,3
/var/scratch/adam/cassava-raw/cassavaleafdata/train/cmd/train-cmd-1494.jpg,3
/var/scratch/adam/cassava-raw/cassavaleafdata/train/cmd/train-cmd-1495.jpg,3
/var/scratch/adam/cassava-raw/cassavaleafdata/train/cmd/train-cmd-1496.jpg,3
/var/scratch/adam/cassava-raw/cassavaleafdata/train/cmd/train-cmd-1497.jpg,3
/var/scratch/adam/cassava-raw/cassavaleafdata/train/cmd/train-cmd-1498.jpg,3
/var/scratch/adam/cassava-raw/cassavaleafdata/train/cmd/train-cmd-1499.jpg,3
/var/scratch/adam/cassava-raw/cassavaleafdata/train/cmd/train-cmd-15.jpg,3
/var/scratch/adam/cassava-raw/cassavaleafdata/train/cmd/train-cmd-150.jpg,3
/var/scratch/adam/cassava-raw/cassavaleafdata/train/cmd/train-cmd-1500.jpg,3
/var/scratch/adam/cassava-raw/cassavaleafdata/train/cmd/train-cmd-1501.jpg,3
/var/scratch/adam/cassava-raw/cassavaleafdata/train/cmd/train-cmd-1502.jpg,3
/var/scratch/adam/cassava-raw/cassavaleafdata/train/cmd/train-cmd-1503.jpg,3
/var/scratch/adam/cassava-raw/cassavaleafdata/train/cmd/train-cmd-1504.jpg,3
/var/scratch/adam/cassava-raw/cassavaleafdata/train/cmd/train-cmd-1505.jpg,3
/var/scratch/adam/cassava-raw/cassavaleafdata/train/cmd/train-cmd-1506.jpg,3
/var/scratch/adam/cassava-raw/cassavaleafdata/train/cmd/train-cmd-1507.jpg,3
/var/scratch/adam/cassava-raw/cassavaleafdata/train/cmd/train-cmd-1508.jpg,3
/var/scratch/adam/cassava-raw/cassavaleafdata/train/cmd/train-cmd-1509.jpg,3
/var/scratch/adam/cassava-raw/cassavaleafdata/train/cmd/train-cmd-151.jpg,3
/var/scratch/adam/cassava-raw/cassavaleafdata/train/cmd/train-cmd-1510.jpg,3
/var/scratch/adam/cassava-raw/cassavaleafdata/train/cmd/train-cmd-1511.jpg,3
/var/scratch/adam/cassava-raw/cassavaleafdata/train/cmd/train-cmd-1512.jpg,3
/var/scratch/adam/cassava-raw/cassavaleafdata/train/cmd/train-cmd-1513.jpg,3
/var/scratch/adam/cassava-raw/cassavaleafdata/train/cmd/train-cmd-1514.jpg,3
/var/scratch/adam/cassava-raw/cassavaleafdata/train/cmd/train-cmd-1515.jpg,3
/var/scratch/adam/cassava-raw/cassavaleafdata/train/cmd/train-cmd-1516.jpg,3
/var/scratch/adam/cassava-raw/cassavaleafdata/train/cmd/train-cmd-1517.jpg,3
/var/scratch/adam/cassava-raw/cassavaleafdata/train/cmd/train-cmd-1518.jpg,3
/var/scratch/adam/cassava-raw/cassavaleafdata/train/cmd/train-cmd-1519.jpg,3
/var/scratch/adam/cassava-raw/cassavaleafdata/train/cmd/train-cmd-152.jpg,3
/var/scratch/adam/cassava-raw/cassavaleafdata/train/cmd/train-cmd-1520.jpg,3
/var/scratch/adam/cassava-raw/cassavaleafdata/train/cmd/train-cmd-1521.jpg,3
/var/scratch/adam/cassava-raw/cassavaleafdata/train/cmd/train-cmd-1522.jpg,3
/var/scratch/adam/cassava-raw/cassavaleafdata/train/cmd/train-cmd-1523.jpg,3
/var/scratch/adam/cassava-raw/cassavaleafdata/train/cmd/train-cmd-1524.jpg,3
/var/scratch/adam/cassava-raw/cassavaleafdata/train/cmd/train-cmd-1525.jpg,3
/var/scratch/adam/cassava-raw/cassavaleafdata/train/cmd/train-cmd-1526.jpg,3
/var/scratch/adam/cassava-raw/cassavaleafdata/train/cmd/train-cmd-1527.jpg,3
/var/scratch/adam/cassava-raw/cassavaleafdata/train/cmd/train-cmd-1528.jpg,3
/var/scratch/adam/cassava-raw/cassavaleafdata/train/cmd/train-cmd-1529.jpg,3
/var/scratch/adam/cassava-raw/cassavaleafdata/train/cmd/train-cmd-153.jpg,3
/var/scratch/adam/cassava-raw/cassavaleafdata/train/cmd/train-cmd-1530.jpg,3
/var/scratch/adam/cassava-raw/cassavaleafdata/train/cmd/train-cmd-1531.jpg,3
/var/scratch/adam/cassava-raw/cassavaleafdata/train/cmd/train-cmd-1532.jpg,3
/var/scratch/adam/cassava-raw/cassavaleafdata/train/cmd/train-cmd-1533.jpg,3
/var/scratch/adam/cassava-raw/cassavaleafdata/train/cmd/train-cmd-1534.jpg,3
/var/scratch/adam/cassava-raw/cassavaleafdata/train/cmd/train-cmd-1535.jpg,3
/var/scratch/adam/cassava-raw/cassavaleafdata/train/cmd/train-cmd-1536.jpg,3
/var/scratch/adam/cassava-raw/cassavaleafdata/train/cmd/train-cmd-1537.jpg,3
/var/scratch/adam/cassava-raw/cassavaleafdata/train/cmd/train-cmd-1538.jpg,3
/var/scratch/adam/cassava-raw/cassavaleafdata/train/cmd/train-cmd-1539.jpg,3
/var/scratch/adam/cassava-raw/cassavaleafdata/train/cmd/train-cmd-154.jpg,3
/var/scratch/adam/cassava-raw/cassavaleafdata/train/cmd/train-cmd-1540.jpg,3
/var/scratch/adam/cassava-raw/cassavaleafdata/train/cmd/train-cmd-1541.jpg,3
/var/scratch/adam/cassava-raw/cassavaleafdata/train/cmd/train-cmd-1542.jpg,3
/var/scratch/adam/cassava-raw/cassavaleafdata/train/cmd/train-cmd-1543.jpg,3
/var/scratch/adam/cassava-raw/cassavaleafdata/train/cmd/train-cmd-1544.jpg,3
/var/scratch/adam/cassava-raw/cassavaleafdata/train/cmd/train-cmd-1545.jpg,3
/var/scratch/adam/cassava-raw/cassavaleafdata/train/cmd/train-cmd-1546.jpg,3
/var/scratch/adam/cassava-raw/cassavaleafdata/train/cmd/train-cmd-1547.jpg,3
/var/scratch/adam/cassava-raw/cassavaleafdata/train/cmd/train-cmd-1548.jpg,3
/var/scratch/adam/cassava-raw/cassavaleafdata/train/cmd/train-cmd-1549.jpg,3
/var/scratch/adam/cassava-raw/cassavaleafdata/train/cmd/train-cmd-155.jpg,3
/var/scratch/adam/cassava-raw/cassavaleafdata/train/cmd/train-cmd-1550.jpg,3
/var/scratch/adam/cassava-raw/cassavaleafdata/train/cmd/train-cmd-1551.jpg,3
/var/scratch/adam/cassava-raw/cassavaleafdata/train/cmd/train-cmd-1552.jpg,3
/var/scratch/adam/cassava-raw/cassavaleafdata/train/cmd/train-cmd-1553.jpg,3
/var/scratch/adam/cassava-raw/cassavaleafdata/train/cmd/train-cmd-1554.jpg,3
/var/scratch/adam/cassava-raw/cassavaleafdata/train/cmd/train-cmd-1555.jpg,3
/var/scratch/adam/cassava-raw/cassavaleafdata/train/cmd/train-cmd-1556.jpg,3
/var/scratch/adam/cassava-raw/cassavaleafdata/train/cmd/train-cmd-1557.jpg,3
/var/scratch/adam/cassava-raw/cassavaleafdata/train/cmd/train-cmd-1558.jpg,3
/var/scratch/adam/cassava-raw/cassavaleafdata/train/cmd/train-cmd-1559.jpg,3
/var/scratch/adam/cassava-raw/cassavaleafdata/train/cmd/train-cmd-156.jpg,3
/var/scratch/adam/cassava-raw/cassavaleafdata/train/cmd/train-cmd-1560.jpg,3
/var/scratch/adam/cassava-raw/cassavaleafdata/train/cmd/train-cmd-1561.jpg,3
/var/scratch/adam/cassava-raw/cassavaleafdata/train/cmd/train-cmd-1562.jpg,3
/var/scratch/adam/cassava-raw/cassavaleafdata/train/cmd/train-cmd-1563.jpg,3
/var/scratch/adam/cassava-raw/cassavaleafdata/train/cmd/train-cmd-1564.jpg,3
/var/scratch/adam/cassava-raw/cassavaleafdata/train/cmd/train-cmd-1565.jpg,3
/var/scratch/adam/cassava-raw/cassavaleafdata/train/cmd/train-cmd-1566.jpg,3
/var/scratch/adam/cassava-raw/cassavaleafdata/train/cmd/train-cmd-1567.jpg,3
/var/scratch/adam/cassava-raw/cassavaleafdata/train/cmd/train-cmd-1568.jpg,3
/var/scratch/adam/cassava-raw/cassavaleafdata/train/cmd/train-cmd-1569.jpg,3
/var/scratch/adam/cassava-raw/cassavaleafdata/train/cmd/train-cmd-157.jpg,3
/var/scratch/adam/cassava-raw/cassavaleafdata/train/cmd/train-cmd-1570.jpg,3
/var/scratch/adam/cassava-raw/cassavaleafdata/train/cmd/train-cmd-1571.jpg,3
/var/scratch/adam/cassava-raw/cassavaleafdata/train/cmd/train-cmd-1572.jpg,3
/var/scratch/adam/cassava-raw/cassavaleafdata/train/cmd/train-cmd-1573.jpg,3
/var/scratch/adam/cassava-raw/cassavaleafdata/train/cmd/train-cmd-1574.jpg,3
/var/scratch/adam/cassava-raw/cassavaleafdata/train/cmd/train-cmd-1575.jpg,3
/var/scratch/adam/cassava-raw/cassavaleafdata/train/cmd/train-cmd-1576.jpg,3
/var/scratch/adam/cassava-raw/cassavaleafdata/train/cmd/train-cmd-1577.jpg,3
/var/scratch/adam/cassava-raw/cassavaleafdata/train/cmd/train-cmd-1578.jpg,3
/var/scratch/adam/cassava-raw/cassavaleafdata/train/cmd/train-cmd-1579.jpg,3
/var/scratch/adam/cassava-raw/cassavaleafdata/train/cmd/train-cmd-158.jpg,3
/var/scratch/adam/cassava-raw/cassavaleafdata/train/cmd/train-cmd-1580.jpg,3
/var/scratch/adam/cassava-raw/cassavaleafdata/train/cmd/train-cmd-1581.jpg,3
/var/scratch/adam/cassava-raw/cassavaleafdata/train/cmd/train-cmd-1582.jpg,3
/var/scratch/adam/cassava-raw/cassavaleafdata/train/cmd/train-cmd-1583.jpg,3
/var/scratch/adam/cassava-raw/cassavaleafdata/train/cmd/train-cmd-1584.jpg,3
/var/scratch/adam/cassava-raw/cassavaleafdata/train/cmd/train-cmd-1585.jpg,3
/var/scratch/adam/cassava-raw/cassavaleafdata/train/cmd/train-cmd-1586.jpg,3
/var/scratch/adam/cassava-raw/cassavaleafdata/train/cmd/train-cmd-1587.jpg,3
/var/scratch/adam/cassava-raw/cassavaleafdata/train/cmd/train-cmd-1588.jpg,3
/var/scratch/adam/cassava-raw/cassavaleafdata/train/cmd/train-cmd-1589.jpg,3
/var/scratch/adam/cassava-raw/cassavaleafdata/train/cmd/train-cmd-159.jpg,3
/var/scratch/adam/cassava-raw/cassavaleafdata/train/cmd/train-cmd-1590.jpg,3
/var/scratch/adam/cassava-raw/cassavaleafdata/train/cmd/train-cmd-1591.jpg,3
/var/scratch/adam/cassava-raw/cassavaleafdata/train/cmd/train-cmd-1592.jpg,3
/var/scratch/adam/cassava-raw/cassavaleafdata/train/cmd/train-cmd-1593.jpg,3
/var/scratch/adam/cassava-raw/cassavaleafdata/train/cmd/train-cmd-1594.jpg,3
/var/scratch/adam/cassava-raw/cassavaleafdata/train/cmd/train-cmd-1595.jpg,3
/var/scratch/adam/cassava-raw/cassavaleafdata/train/cmd/train-cmd-1596.jpg,3
/var/scratch/adam/cassava-raw/cassavaleafdata/train/cmd/train-cmd-1597.jpg,3
/var/scratch/adam/cassava-raw/cassavaleafdata/train/cmd/train-cmd-1598.jpg,3
/var/scratch/adam/cassava-raw/cassavaleafdata/train/cmd/train-cmd-1599.jpg,3
/var/scratch/adam/cassava-raw/cassavaleafdata/train/cmd/train-cmd-16.jpg,3
/var/scratch/adam/cassava-raw/cassavaleafdata/train/cmd/train-cmd-160.jpg,3
/var/scratch/adam/cassava-raw/cassavaleafdata/train/cmd/train-cmd-1600.jpg,3
/var/scratch/adam/cassava-raw/cassavaleafdata/train/cmd/train-cmd-1601.jpg,3
/var/scratch/adam/cassava-raw/cassavaleafdata/train/cmd/train-cmd-1602.jpg,3
/var/scratch/adam/cassava-raw/cassavaleafdata/train/cmd/train-cmd-1603.jpg,3
/var/scratch/adam/cassava-raw/cassavaleafdata/train/cmd/train-cmd-1604.jpg,3
/var/scratch/adam/cassava-raw/cassavaleafdata/train/cmd/train-cmd-1605.jpg,3
/var/scratch/adam/cassava-raw/cassavaleafdata/train/cmd/train-cmd-1606.jpg,3
/var/scratch/adam/cassava-raw/cassavaleafdata/train/cmd/train-cmd-1607.jpg,3
/var/scratch/adam/cassava-raw/cassavaleafdata/train/cmd/train-cmd-1608.jpg,3
/var/scratch/adam/cassava-raw/cassavaleafdata/train/cmd/train-cmd-1609.jpg,3
/var/scratch/adam/cassava-raw/cassavaleafdata/train/cmd/train-cmd-161.jpg,3
/var/scratch/adam/cassava-raw/cassavaleafdata/train/cmd/train-cmd-1610.jpg,3
/var/scratch/adam/cassava-raw/cassavaleafdata/train/cmd/train-cmd-1611.jpg,3
/var/scratch/adam/cassava-raw/cassavaleafdata/train/cmd/train-cmd-1612.jpg,3
/var/scratch/adam/cassava-raw/cassavaleafdata/train/cmd/train-cmd-1613.jpg,3
/var/scratch/adam/cassava-raw/cassavaleafdata/train/cmd/train-cmd-1614.jpg,3
/var/scratch/adam/cassava-raw/cassavaleafdata/train/cmd/train-cmd-1615.jpg,3
/var/scratch/adam/cassava-raw/cassavaleafdata/train/cmd/train-cmd-1616.jpg,3
/var/scratch/adam/cassava-raw/cassavaleafdata/train/cmd/train-cmd-1617.jpg,3
/var/scratch/adam/cassava-raw/cassavaleafdata/train/cmd/train-cmd-1618.jpg,3
/var/scratch/adam/cassava-raw/cassavaleafdata/train/cmd/train-cmd-1619.jpg,3
/var/scratch/adam/cassava-raw/cassavaleafdata/train/cmd/train-cmd-162.jpg,3
/var/scratch/adam/cassava-raw/cassavaleafdata/train/cmd/train-cmd-1620.jpg,3
/var/scratch/adam/cassava-raw/cassavaleafdata/train/cmd/train-cmd-1621.jpg,3
/var/scratch/adam/cassava-raw/cassavaleafdata/train/cmd/train-cmd-1622.jpg,3
/var/scratch/adam/cassava-raw/cassavaleafdata/train/cmd/train-cmd-1623.jpg,3
/var/scratch/adam/cassava-raw/cassavaleafdata/train/cmd/train-cmd-1624.jpg,3
/var/scratch/adam/cassava-raw/cassavaleafdata/train/cmd/train-cmd-1625.jpg,3
/var/scratch/adam/cassava-raw/cassavaleafdata/train/cmd/train-cmd-1626.jpg,3
/var/scratch/adam/cassava-raw/cassavaleafdata/train/cmd/train-cmd-1627.jpg,3
/var/scratch/adam/cassava-raw/cassavaleafdata/train/cmd/train-cmd-1628.jpg,3
/var/scratch/adam/cassava-raw/cassavaleafdata/train/cmd/train-cmd-1629.jpg,3
/var/scratch/adam/cassava-raw/cassavaleafdata/train/cmd/train-cmd-163.jpg,3
/var/scratch/adam/cassava-raw/cassavaleafdata/train/cmd/train-cmd-1630.jpg,3
/var/scratch/adam/cassava-raw/cassavaleafdata/train/cmd/train-cmd-1631.jpg,3
/var/scratch/adam/cassava-raw/cassavaleafdata/train/cmd/train-cmd-1632.jpg,3
/var/scratch/adam/cassava-raw/cassavaleafdata/train/cmd/train-cmd-1633.jpg,3
/var/scratch/adam/cassava-raw/cassavaleafdata/train/cmd/train-cmd-1634.jpg,3
/var/scratch/adam/cassava-raw/cassavaleafdata/train/cmd/train-cmd-1635.jpg,3
/var/scratch/adam/cassava-raw/cassavaleafdata/train/cmd/train-cmd-1636.jpg,3
/var/scratch/adam/cassava-raw/cassavaleafdata/train/cmd/train-cmd-1637.jpg,3
/var/scratch/adam/cassava-raw/cassavaleafdata/train/cmd/train-cmd-1638.jpg,3
/var/scratch/adam/cassava-raw/cassavaleafdata/train/cmd/train-cmd-1639.jpg,3
/var/scratch/adam/cassava-raw/cassavaleafdata/train/cmd/train-cmd-164.jpg,3
/var/scratch/adam/cassava-raw/cassavaleafdata/train/cmd/train-cmd-1640.jpg,3
/var/scratch/adam/cassava-raw/cassavaleafdata/train/cmd/train-cmd-1641.jpg,3
/var/scratch/adam/cassava-raw/cassavaleafdata/train/cmd/train-cmd-1642.jpg,3
/var/scratch/adam/cassava-raw/cassavaleafdata/train/cmd/train-cmd-1643.jpg,3
/var/scratch/adam/cassava-raw/cassavaleafdata/train/cmd/train-cmd-1644.jpg,3
/var/scratch/adam/cassava-raw/cassavaleafdata/train/cmd/train-cmd-1645.jpg,3
/var/scratch/adam/cassava-raw/cassavaleafdata/train/cmd/train-cmd-1646.jpg,3
/var/scratch/adam/cassava-raw/cassavaleafdata/train/cmd/train-cmd-1647.jpg,3
/var/scratch/adam/cassava-raw/cassavaleafdata/train/cmd/train-cmd-1648.jpg,3
/var/scratch/adam/cassava-raw/cassavaleafdata/train/cmd/train-cmd-1649.jpg,3
/var/scratch/adam/cassava-raw/cassavaleafdata/train/cmd/train-cmd-165.jpg,3
/var/scratch/adam/cassava-raw/cassavaleafdata/train/cmd/train-cmd-1650.jpg,3
/var/scratch/adam/cassava-raw/cassavaleafdata/train/cmd/train-cmd-1651.jpg,3
/var/scratch/adam/cassava-raw/cassavaleafdata/train/cmd/train-cmd-1652.jpg,3
/var/scratch/adam/cassava-raw/cassavaleafdata/train/cmd/train-cmd-1653.jpg,3
/var/scratch/adam/cassava-raw/cassavaleafdata/train/cmd/train-cmd-1654.jpg,3
/var/scratch/adam/cassava-raw/cassavaleafdata/train/cmd/train-cmd-1655.jpg,3
/var/scratch/adam/cassava-raw/cassavaleafdata/train/cmd/train-cmd-1656.jpg,3
/var/scratch/adam/cassava-raw/cassavaleafdata/train/cmd/train-cmd-1657.jpg,3
/var/scratch/adam/cassava-raw/cassavaleafdata/train/cmd/train-cmd-1658.jpg,3
/var/scratch/adam/cassava-raw/cassavaleafdata/train/cmd/train-cmd-1659.jpg,3
/var/scratch/adam/cassava-raw/cassavaleafdata/train/cmd/train-cmd-166.jpg,3
/var/scratch/adam/cassava-raw/cassavaleafdata/train/cmd/train-cmd-1660.jpg,3
/var/scratch/adam/cassava-raw/cassavaleafdata/train/cmd/train-cmd-1661.jpg,3
/var/scratch/adam/cassava-raw/cassavaleafdata/train/cmd/train-cmd-1662.jpg,3
/var/scratch/adam/cassava-raw/cassavaleafdata/train/cmd/train-cmd-1663.jpg,3
/var/scratch/adam/cassava-raw/cassavaleafdata/train/cmd/train-cmd-1664.jpg,3
/var/scratch/adam/cassava-raw/cassavaleafdata/train/cmd/train-cmd-1665.jpg,3
/var/scratch/adam/cassava-raw/cassavaleafdata/train/cmd/train-cmd-1666.jpg,3
/var/scratch/adam/cassava-raw/cassavaleafdata/train/cmd/train-cmd-1667.jpg,3
/var/scratch/adam/cassava-raw/cassavaleafdata/train/cmd/train-cmd-1668.jpg,3
/var/scratch/adam/cassava-raw/cassavaleafdata/train/cmd/train-cmd-1669.jpg,3
/var/scratch/adam/cassava-raw/cassavaleafdata/train/cmd/train-cmd-167.jpg,3
/var/scratch/adam/cassava-raw/cassavaleafdata/train/cmd/train-cmd-1670.jpg,3
/var/scratch/adam/cassava-raw/cassavaleafdata/train/cmd/train-cmd-1671.jpg,3
/var/scratch/adam/cassava-raw/cassavaleafdata/train/cmd/train-cmd-1672.jpg,3
/var/scratch/adam/cassava-raw/cassavaleafdata/train/cmd/train-cmd-1673.jpg,3
/var/scratch/adam/cassava-raw/cassavaleafdata/train/cmd/train-cmd-1674.jpg,3
/var/scratch/adam/cassava-raw/cassavaleafdata/train/cmd/train-cmd-1675.jpg,3
/var/scratch/adam/cassava-raw/cassavaleafdata/train/cmd/train-cmd-1676.jpg,3
/var/scratch/adam/cassava-raw/cassavaleafdata/train/cmd/train-cmd-1677.jpg,3
/var/scratch/adam/cassava-raw/cassavaleafdata/train/cmd/train-cmd-1678.jpg,3
/var/scratch/adam/cassava-raw/cassavaleafdata/train/cmd/train-cmd-1679.jpg,3
/var/scratch/adam/cassava-raw/cassavaleafdata/train/cmd/train-cmd-168.jpg,3
/var/scratch/adam/cassava-raw/cassavaleafdata/train/cmd/train-cmd-1680.jpg,3
/var/scratch/adam/cassava-raw/cassavaleafdata/train/cmd/train-cmd-1681.jpg,3
/var/scratch/adam/cassava-raw/cassavaleafdata/train/cmd/train-cmd-1682.jpg,3
/var/scratch/adam/cassava-raw/cassavaleafdata/train/cmd/train-cmd-1683.jpg,3
/var/scratch/adam/cassava-raw/cassavaleafdata/train/cmd/train-cmd-1684.jpg,3
/var/scratch/adam/cassava-raw/cassavaleafdata/train/cmd/train-cmd-1685.jpg,3
/var/scratch/adam/cassava-raw/cassavaleafdata/train/cmd/train-cmd-1686.jpg,3
/var/scratch/adam/cassava-raw/cassavaleafdata/train/cmd/train-cmd-1687.jpg,3
/var/scratch/adam/cassava-raw/cassavaleafdata/train/cmd/train-cmd-1688.jpg,3
/var/scratch/adam/cassava-raw/cassavaleafdata/train/cmd/train-cmd-1689.jpg,3
/var/scratch/adam/cassava-raw/cassavaleafdata/train/cmd/train-cmd-169.jpg,3
/var/scratch/adam/cassava-raw/cassavaleafdata/train/cmd/train-cmd-1690.jpg,3
/var/scratch/adam/cassava-raw/cassavaleafdata/train/cmd/train-cmd-1691.jpg,3
/var/scratch/adam/cassava-raw/cassavaleafdata/train/cmd/train-cmd-1692.jpg,3
/var/scratch/adam/cassava-raw/cassavaleafdata/train/cmd/train-cmd-1693.jpg,3
/var/scratch/adam/cassava-raw/cassavaleafdata/train/cmd/train-cmd-1694.jpg,3
/var/scratch/adam/cassava-raw/cassavaleafdata/train/cmd/train-cmd-1695.jpg,3
/var/scratch/adam/cassava-raw/cassavaleafdata/train/cmd/train-cmd-1696.jpg,3
/var/scratch/adam/cassava-raw/cassavaleafdata/train/cmd/train-cmd-1697.jpg,3
/var/scratch/adam/cassava-raw/cassavaleafdata/train/cmd/train-cmd-1698.jpg,3
/var/scratch/adam/cassava-raw/cassavaleafdata/train/cmd/train-cmd-1699.jpg,3
/var/scratch/adam/cassava-raw/cassavaleafdata/train/cmd/train-cmd-17.jpg,3
/var/scratch/adam/cassava-raw/cassavaleafdata/train/cmd/train-cmd-170.jpg,3
/var/scratch/adam/cassava-raw/cassavaleafdata/train/cmd/train-cmd-1700.jpg,3
/var/scratch/adam/cassava-raw/cassavaleafdata/train/cmd/train-cmd-1701.jpg,3
/var/scratch/adam/cassava-raw/cassavaleafdata/train/cmd/train-cmd-1702.jpg,3
/var/scratch/adam/cassava-raw/cassavaleafdata/train/cmd/train-cmd-1703.jpg,3
/var/scratch/adam/cassava-raw/cassavaleafdata/train/cmd/train-cmd-1704.jpg,3
/var/scratch/adam/cassava-raw/cassavaleafdata/train/cmd/train-cmd-1705.jpg,3
/var/scratch/adam/cassava-raw/cassavaleafdata/train/cmd/train-cmd-1706.jpg,3
/var/scratch/adam/cassava-raw/cassavaleafdata/train/cmd/train-cmd-1707.jpg,3
/var/scratch/adam/cassava-raw/cassavaleafdata/train/cmd/train-cmd-1708.jpg,3
/var/scratch/adam/cassava-raw/cassavaleafdata/train/cmd/train-cmd-1709.jpg,3
/var/scratch/adam/cassava-raw/cassavaleafdata/train/cmd/train-cmd-171.jpg,3
/var/scratch/adam/cassava-raw/cassavaleafdata/train/cmd/train-cmd-1710.jpg,3
/var/scratch/adam/cassava-raw/cassavaleafdata/train/cmd/train-cmd-1711.jpg,3
/var/scratch/adam/cassava-raw/cassavaleafdata/train/cmd/train-cmd-1712.jpg,3
/var/scratch/adam/cassava-raw/cassavaleafdata/train/cmd/train-cmd-1713.jpg,3
/var/scratch/adam/cassava-raw/cassavaleafdata/train/cmd/train-cmd-1714.jpg,3
/var/scratch/adam/cassava-raw/cassavaleafdata/train/cmd/train-cmd-1715.jpg,3
/var/scratch/adam/cassava-raw/cassavaleafdata/train/cmd/train-cmd-1716.jpg,3
/var/scratch/adam/cassava-raw/cassavaleafdata/train/cmd/train-cmd-1717.jpg,3
/var/scratch/adam/cassava-raw/cassavaleafdata/train/cmd/train-cmd-1718.jpg,3
/var/scratch/adam/cassava-raw/cassavaleafdata/train/cmd/train-cmd-1719.jpg,3
/var/scratch/adam/cassava-raw/cassavaleafdata/train/cmd/train-cmd-172.jpg,3
/var/scratch/adam/cassava-raw/cassavaleafdata/train/cmd/train-cmd-1720.jpg,3
/var/scratch/adam/cassava-raw/cassavaleafdata/train/cmd/train-cmd-1721.jpg,3
/var/scratch/adam/cassava-raw/cassavaleafdata/train/cmd/train-cmd-1722.jpg,3
/var/scratch/adam/cassava-raw/cassavaleafdata/train/cmd/train-cmd-1723.jpg,3
/var/scratch/adam/cassava-raw/cassavaleafdata/train/cmd/train-cmd-1724.jpg,3
/var/scratch/adam/cassava-raw/cassavaleafdata/train/cmd/train-cmd-1725.jpg,3
/var/scratch/adam/cassava-raw/cassavaleafdata/train/cmd/train-cmd-1726.jpg,3
/var/scratch/adam/cassava-raw/cassavaleafdata/train/cmd/train-cmd-1727.jpg,3
/var/scratch/adam/cassava-raw/cassavaleafdata/train/cmd/train-cmd-1728.jpg,3
/var/scratch/adam/cassava-raw/cassavaleafdata/train/cmd/train-cmd-1729.jpg,3
/var/scratch/adam/cassava-raw/cassavaleafdata/train/cmd/train-cmd-173.jpg,3
/var/scratch/adam/cassava-raw/cassavaleafdata/train/cmd/train-cmd-1730.jpg,3
/var/scratch/adam/cassava-raw/cassavaleafdata/train/cmd/train-cmd-1731.jpg,3
/var/scratch/adam/cassava-raw/cassavaleafdata/train/cmd/train-cmd-1732.jpg,3
/var/scratch/adam/cassava-raw/cassavaleafdata/train/cmd/train-cmd-1733.jpg,3
/var/scratch/adam/cassava-raw/cassavaleafdata/train/cmd/train-cmd-1734.jpg,3
/var/scratch/adam/cassava-raw/cassavaleafdata/train/cmd/train-cmd-1735.jpg,3
/var/scratch/adam/cassava-raw/cassavaleafdata/train/cmd/train-cmd-1736.jpg,3
/var/scratch/adam/cassava-raw/cassavaleafdata/train/cmd/train-cmd-1737.jpg,3
/var/scratch/adam/cassava-raw/cassavaleafdata/train/cmd/train-cmd-1738.jpg,3
/var/scratch/adam/cassava-raw/cassavaleafdata/train/cmd/train-cmd-1739.jpg,3
/var/scratch/adam/cassava-raw/cassavaleafdata/train/cmd/train-cmd-174.jpg,3
/var/scratch/adam/cassava-raw/cassavaleafdata/train/cmd/train-cmd-1740.jpg,3
/var/scratch/adam/cassava-raw/cassavaleafdata/train/cmd/train-cmd-1741.jpg,3
/var/scratch/adam/cassava-raw/cassavaleafdata/train/cmd/train-cmd-1742.jpg,3
/var/scratch/adam/cassava-raw/cassavaleafdata/train/cmd/train-cmd-1743.jpg,3
/var/scratch/adam/cassava-raw/cassavaleafdata/train/cmd/train-cmd-1744.jpg,3
/var/scratch/adam/cassava-raw/cassavaleafdata/train/cmd/train-cmd-1745.jpg,3
/var/scratch/adam/cassava-raw/cassavaleafdata/train/cmd/train-cmd-1746.jpg,3
/var/scratch/adam/cassava-raw/cassavaleafdata/train/cmd/train-cmd-1747.jpg,3
/var/scratch/adam/cassava-raw/cassavaleafdata/train/cmd/train-cmd-1748.jpg,3
/var/scratch/adam/cassava-raw/cassavaleafdata/train/cmd/train-cmd-1749.jpg,3
/var/scratch/adam/cassava-raw/cassavaleafdata/train/cmd/train-cmd-175.jpg,3
/var/scratch/adam/cassava-raw/cassavaleafdata/train/cmd/train-cmd-1750.jpg,3
/var/scratch/adam/cassava-raw/cassavaleafdata/train/cmd/train-cmd-1751.jpg,3
/var/scratch/adam/cassava-raw/cassavaleafdata/train/cmd/train-cmd-1752.jpg,3
/var/scratch/adam/cassava-raw/cassavaleafdata/train/cmd/train-cmd-1753.jpg,3
/var/scratch/adam/cassava-raw/cassavaleafdata/train/cmd/train-cmd-1754.jpg,3
/var/scratch/adam/cassava-raw/cassavaleafdata/train/cmd/train-cmd-1755.jpg,3
/var/scratch/adam/cassava-raw/cassavaleafdata/train/cmd/train-cmd-1756.jpg,3
/var/scratch/adam/cassava-raw/cassavaleafdata/train/cmd/train-cmd-1757.jpg,3
/var/scratch/adam/cassava-raw/cassavaleafdata/train/cmd/train-cmd-1758.jpg,3
/var/scratch/adam/cassava-raw/cassavaleafdata/train/cmd/train-cmd-1759.jpg,3
/var/scratch/adam/cassava-raw/cassavaleafdata/train/cmd/train-cmd-176.jpg,3
/var/scratch/adam/cassava-raw/cassavaleafdata/train/cmd/train-cmd-1760.jpg,3
/var/scratch/adam/cassava-raw/cassavaleafdata/train/cmd/train-cmd-1761.jpg,3
/var/scratch/adam/cassava-raw/cassavaleafdata/train/cmd/train-cmd-1762.jpg,3
/var/scratch/adam/cassava-raw/cassavaleafdata/train/cmd/train-cmd-1763.jpg,3
/var/scratch/adam/cassava-raw/cassavaleafdata/train/cmd/train-cmd-1764.jpg,3
/var/scratch/adam/cassava-raw/cassavaleafdata/train/cmd/train-cmd-1765.jpg,3
/var/scratch/adam/cassava-raw/cassavaleafdata/train/cmd/train-cmd-1766.jpg,3
/var/scratch/adam/cassava-raw/cassavaleafdata/train/cmd/train-cmd-1767.jpg,3
/var/scratch/adam/cassava-raw/cassavaleafdata/train/cmd/train-cmd-1768.jpg,3
/var/scratch/adam/cassava-raw/cassavaleafdata/train/cmd/train-cmd-1769.jpg,3
/var/scratch/adam/cassava-raw/cassavaleafdata/train/cmd/train-cmd-177.jpg,3
/var/scratch/adam/cassava-raw/cassavaleafdata/train/cmd/train-cmd-1770.jpg,3
/var/scratch/adam/cassava-raw/cassavaleafdata/train/cmd/train-cmd-1771.jpg,3
/var/scratch/adam/cassava-raw/cassavaleafdata/train/cmd/train-cmd-1772.jpg,3
/var/scratch/adam/cassava-raw/cassavaleafdata/train/cmd/train-cmd-1773.jpg,3
/var/scratch/adam/cassava-raw/cassavaleafdata/train/cmd/train-cmd-1774.jpg,3
/var/scratch/adam/cassava-raw/cassavaleafdata/train/cmd/train-cmd-1775.jpg,3
/var/scratch/adam/cassava-raw/cassavaleafdata/train/cmd/train-cmd-1776.jpg,3
/var/scratch/adam/cassava-raw/cassavaleafdata/train/cmd/train-cmd-1777.jpg,3
/var/scratch/adam/cassava-raw/cassavaleafdata/train/cmd/train-cmd-1778.jpg,3
/var/scratch/adam/cassava-raw/cassavaleafdata/train/cmd/train-cmd-1779.jpg,3
/var/scratch/adam/cassava-raw/cassavaleafdata/train/cmd/train-cmd-178.jpg,3
/var/scratch/adam/cassava-raw/cassavaleafdata/train/cmd/train-cmd-1780.jpg,3
/var/scratch/adam/cassava-raw/cassavaleafdata/train/cmd/train-cmd-1781.jpg,3
/var/scratch/adam/cassava-raw/cassavaleafdata/train/cmd/train-cmd-1782.jpg,3
/var/scratch/adam/cassava-raw/cassavaleafdata/train/cmd/train-cmd-1783.jpg,3
/var/scratch/adam/cassava-raw/cassavaleafdata/train/cmd/train-cmd-1784.jpg,3
/var/scratch/adam/cassava-raw/cassavaleafdata/train/cmd/train-cmd-1785.jpg,3
/var/scratch/adam/cassava-raw/cassavaleafdata/train/cmd/train-cmd-1786.jpg,3
/var/scratch/adam/cassava-raw/cassavaleafdata/train/cmd/train-cmd-1787.jpg,3
/var/scratch/adam/cassava-raw/cassavaleafdata/train/cmd/train-cmd-1788.jpg,3
/var/scratch/adam/cassava-raw/cassavaleafdata/train/cmd/train-cmd-1789.jpg,3
/var/scratch/adam/cassava-raw/cassavaleafdata/train/cmd/train-cmd-179.jpg,3
/var/scratch/adam/cassava-raw/cassavaleafdata/train/cmd/train-cmd-1790.jpg,3
/var/scratch/adam/cassava-raw/cassavaleafdata/train/cmd/train-cmd-1791.jpg,3
/var/scratch/adam/cassava-raw/cassavaleafdata/train/cmd/train-cmd-1792.jpg,3
/var/scratch/adam/cassava-raw/cassavaleafdata/train/cmd/train-cmd-1793.jpg,3
/var/scratch/adam/cassava-raw/cassavaleafdata/train/cmd/train-cmd-1794.jpg,3
/var/scratch/adam/cassava-raw/cassavaleafdata/train/cmd/train-cmd-1795.jpg,3
/var/scratch/adam/cassava-raw/cassavaleafdata/train/cmd/train-cmd-1796.jpg,3
/var/scratch/adam/cassava-raw/cassavaleafdata/train/cmd/train-cmd-1797.jpg,3
/var/scratch/adam/cassava-raw/cassavaleafdata/train/cmd/train-cmd-1798.jpg,3
/var/scratch/adam/cassava-raw/cassavaleafdata/train/cmd/train-cmd-1799.jpg,3
/var/scratch/adam/cassava-raw/cassavaleafdata/train/cmd/train-cmd-18.jpg,3
/var/scratch/adam/cassava-raw/cassavaleafdata/train/cmd/train-cmd-180.jpg,3
/var/scratch/adam/cassava-raw/cassavaleafdata/train/cmd/train-cmd-1800.jpg,3
/var/scratch/adam/cassava-raw/cassavaleafdata/train/cmd/train-cmd-1801.jpg,3
/var/scratch/adam/cassava-raw/cassavaleafdata/train/cmd/train-cmd-1802.jpg,3
/var/scratch/adam/cassava-raw/cassavaleafdata/train/cmd/train-cmd-1803.jpg,3
/var/scratch/adam/cassava-raw/cassavaleafdata/train/cmd/train-cmd-1804.jpg,3
/var/scratch/adam/cassava-raw/cassavaleafdata/train/cmd/train-cmd-1805.jpg,3
/var/scratch/adam/cassava-raw/cassavaleafdata/train/cmd/train-cmd-1806.jpg,3
/var/scratch/adam/cassava-raw/cassavaleafdata/train/cmd/train-cmd-1807.jpg,3
/var/scratch/adam/cassava-raw/cassavaleafdata/train/cmd/train-cmd-1808.jpg,3
/var/scratch/adam/cassava-raw/cassavaleafdata/train/cmd/train-cmd-1809.jpg,3
/var/scratch/adam/cassava-raw/cassavaleafdata/train/cmd/train-cmd-181.jpg,3
/var/scratch/adam/cassava-raw/cassavaleafdata/train/cmd/train-cmd-1810.jpg,3
/var/scratch/adam/cassava-raw/cassavaleafdata/train/cmd/train-cmd-1811.jpg,3
/var/scratch/adam/cassava-raw/cassavaleafdata/train/cmd/train-cmd-1812.jpg,3
/var/scratch/adam/cassava-raw/cassavaleafdata/train/cmd/train-cmd-1813.jpg,3
/var/scratch/adam/cassava-raw/cassavaleafdata/train/cmd/train-cmd-1814.jpg,3
/var/scratch/adam/cassava-raw/cassavaleafdata/train/cmd/train-cmd-1815.jpg,3
/var/scratch/adam/cassava-raw/cassavaleafdata/train/cmd/train-cmd-1816.jpg,3
/var/scratch/adam/cassava-raw/cassavaleafdata/train/cmd/train-cmd-1817.jpg,3
/var/scratch/adam/cassava-raw/cassavaleafdata/train/cmd/train-cmd-1818.jpg,3
/var/scratch/adam/cassava-raw/cassavaleafdata/train/cmd/train-cmd-1819.jpg,3
/var/scratch/adam/cassava-raw/cassavaleafdata/train/cmd/train-cmd-182.jpg,3
/var/scratch/adam/cassava-raw/cassavaleafdata/train/cmd/train-cmd-1820.jpg,3
/var/scratch/adam/cassava-raw/cassavaleafdata/train/cmd/train-cmd-1821.jpg,3
/var/scratch/adam/cassava-raw/cassavaleafdata/train/cmd/train-cmd-1822.jpg,3
/var/scratch/adam/cassava-raw/cassavaleafdata/train/cmd/train-cmd-1823.jpg,3
/var/scratch/adam/cassava-raw/cassavaleafdata/train/cmd/train-cmd-1824.jpg,3
/var/scratch/adam/cassava-raw/cassavaleafdata/train/cmd/train-cmd-1825.jpg,3
/var/scratch/adam/cassava-raw/cassavaleafdata/train/cmd/train-cmd-1826.jpg,3
/var/scratch/adam/cassava-raw/cassavaleafdata/train/cmd/train-cmd-1827.jpg,3
/var/scratch/adam/cassava-raw/cassavaleafdata/train/cmd/train-cmd-1828.jpg,3
/var/scratch/adam/cassava-raw/cassavaleafdata/train/cmd/train-cmd-1829.jpg,3
/var/scratch/adam/cassava-raw/cassavaleafdata/train/cmd/train-cmd-183.jpg,3
/var/scratch/adam/cassava-raw/cassavaleafdata/train/cmd/train-cmd-1830.jpg,3
/var/scratch/adam/cassava-raw/cassavaleafdata/train/cmd/train-cmd-1831.jpg,3
/var/scratch/adam/cassava-raw/cassavaleafdata/train/cmd/train-cmd-1832.jpg,3
/var/scratch/adam/cassava-raw/cassavaleafdata/train/cmd/train-cmd-1833.jpg,3
/var/scratch/adam/cassava-raw/cassavaleafdata/train/cmd/train-cmd-1834.jpg,3
/var/scratch/adam/cassava-raw/cassavaleafdata/train/cmd/train-cmd-1835.jpg,3
/var/scratch/adam/cassava-raw/cassavaleafdata/train/cmd/train-cmd-1836.jpg,3
/var/scratch/adam/cassava-raw/cassavaleafdata/train/cmd/train-cmd-1837.jpg,3
/var/scratch/adam/cassava-raw/cassavaleafdata/train/cmd/train-cmd-1838.jpg,3
/var/scratch/adam/cassava-raw/cassavaleafdata/train/cmd/train-cmd-1839.jpg,3
/var/scratch/adam/cassava-raw/cassavaleafdata/train/cmd/train-cmd-184.jpg,3
/var/scratch/adam/cassava-raw/cassavaleafdata/train/cmd/train-cmd-1840.jpg,3
/var/scratch/adam/cassava-raw/cassavaleafdata/train/cmd/train-cmd-1841.jpg,3
/var/scratch/adam/cassava-raw/cassavaleafdata/train/cmd/train-cmd-1842.jpg,3
/var/scratch/adam/cassava-raw/cassavaleafdata/train/cmd/train-cmd-1843.jpg,3
/var/scratch/adam/cassava-raw/cassavaleafdata/train/cmd/train-cmd-1844.jpg,3
/var/scratch/adam/cassava-raw/cassavaleafdata/train/cmd/train-cmd-1845.jpg,3
/var/scratch/adam/cassava-raw/cassavaleafdata/train/cmd/train-cmd-1846.jpg,3
/var/scratch/adam/cassava-raw/cassavaleafdata/train/cmd/train-cmd-1847.jpg,3
/var/scratch/adam/cassava-raw/cassavaleafdata/train/cmd/train-cmd-1848.jpg,3
/var/scratch/adam/cassava-raw/cassavaleafdata/train/cmd/train-cmd-1849.jpg,3
/var/scratch/adam/cassava-raw/cassavaleafdata/train/cmd/train-cmd-185.jpg,3
/var/scratch/adam/cassava-raw/cassavaleafdata/train/cmd/train-cmd-1850.jpg,3
/var/scratch/adam/cassava-raw/cassavaleafdata/train/cmd/train-cmd-1851.jpg,3
/var/scratch/adam/cassava-raw/cassavaleafdata/train/cmd/train-cmd-1852.jpg,3
/var/scratch/adam/cassava-raw/cassavaleafdata/train/cmd/train-cmd-1853.jpg,3
/var/scratch/adam/cassava-raw/cassavaleafdata/train/cmd/train-cmd-1854.jpg,3
/var/scratch/adam/cassava-raw/cassavaleafdata/train/cmd/train-cmd-1855.jpg,3
/var/scratch/adam/cassava-raw/cassavaleafdata/train/cmd/train-cmd-1856.jpg,3
/var/scratch/adam/cassava-raw/cassavaleafdata/train/cmd/train-cmd-1857.jpg,3
/var/scratch/adam/cassava-raw/cassavaleafdata/train/cmd/train-cmd-1858.jpg,3
/var/scratch/adam/cassava-raw/cassavaleafdata/train/cmd/train-cmd-1859.jpg,3
/var/scratch/adam/cassava-raw/cassavaleafdata/train/cmd/train-cmd-186.jpg,3
/var/scratch/adam/cassava-raw/cassavaleafdata/train/cmd/train-cmd-1860.jpg,3
/var/scratch/adam/cassava-raw/cassavaleafdata/train/cmd/train-cmd-1861.jpg,3
/var/scratch/adam/cassava-raw/cassavaleafdata/train/cmd/train-cmd-1862.jpg,3
/var/scratch/adam/cassava-raw/cassavaleafdata/train/cmd/train-cmd-1863.jpg,3
/var/scratch/adam/cassava-raw/cassavaleafdata/train/cmd/train-cmd-1864.jpg,3
/var/scratch/adam/cassava-raw/cassavaleafdata/train/cmd/train-cmd-1865.jpg,3
/var/scratch/adam/cassava-raw/cassavaleafdata/train/cmd/train-cmd-1866.jpg,3
/var/scratch/adam/cassava-raw/cassavaleafdata/train/cmd/train-cmd-1867.jpg,3
/var/scratch/adam/cassava-raw/cassavaleafdata/train/cmd/train-cmd-1868.jpg,3
/var/scratch/adam/cassava-raw/cassavaleafdata/train/cmd/train-cmd-1869.jpg,3
/var/scratch/adam/cassava-raw/cassavaleafdata/train/cmd/train-cmd-187.jpg,3
/var/scratch/adam/cassava-raw/cassavaleafdata/train/cmd/train-cmd-1870.jpg,3
/var/scratch/adam/cassava-raw/cassavaleafdata/train/cmd/train-cmd-1871.jpg,3
/var/scratch/adam/cassava-raw/cassavaleafdata/train/cmd/train-cmd-1872.jpg,3
/var/scratch/adam/cassava-raw/cassavaleafdata/train/cmd/train-cmd-1873.jpg,3
/var/scratch/adam/cassava-raw/cassavaleafdata/train/cmd/train-cmd-1874.jpg,3
/var/scratch/adam/cassava-raw/cassavaleafdata/train/cmd/train-cmd-1875.jpg,3
/var/scratch/adam/cassava-raw/cassavaleafdata/train/cmd/train-cmd-1876.jpg,3
/var/scratch/adam/cassava-raw/cassavaleafdata/train/cmd/train-cmd-1877.jpg,3
/var/scratch/adam/cassava-raw/cassavaleafdata/train/cmd/train-cmd-1878.jpg,3
/var/scratch/adam/cassava-raw/cassavaleafdata/train/cmd/train-cmd-1879.jpg,3
/var/scratch/adam/cassava-raw/cassavaleafdata/train/cmd/train-cmd-188.jpg,3
/var/scratch/adam/cassava-raw/cassavaleafdata/train/cmd/train-cmd-1880.jpg,3
/var/scratch/adam/cassava-raw/cassavaleafdata/train/cmd/train-cmd-1881.jpg,3
/var/scratch/adam/cassava-raw/cassavaleafdata/train/cmd/train-cmd-1882.jpg,3
/var/scratch/adam/cassava-raw/cassavaleafdata/train/cmd/train-cmd-1883.jpg,3
/var/scratch/adam/cassava-raw/cassavaleafdata/train/cmd/train-cmd-1884.jpg,3
/var/scratch/adam/cassava-raw/cassavaleafdata/train/cmd/train-cmd-1885.jpg,3
/var/scratch/adam/cassava-raw/cassavaleafdata/train/cmd/train-cmd-1886.jpg,3
/var/scratch/adam/cassava-raw/cassavaleafdata/train/cmd/train-cmd-1887.jpg,3
/var/scratch/adam/cassava-raw/cassavaleafdata/train/cmd/train-cmd-1888.jpg,3
/var/scratch/adam/cassava-raw/cassavaleafdata/train/cmd/train-cmd-1889.jpg,3
/var/scratch/adam/cassava-raw/cassavaleafdata/train/cmd/train-cmd-189.jpg,3
/var/scratch/adam/cassava-raw/cassavaleafdata/train/cmd/train-cmd-1890.jpg,3
/var/scratch/adam/cassava-raw/cassavaleafdata/train/cmd/train-cmd-1891.jpg,3
/var/scratch/adam/cassava-raw/cassavaleafdata/train/cmd/train-cmd-1892.jpg,3
/var/scratch/adam/cassava-raw/cassavaleafdata/train/cmd/train-cmd-1893.jpg,3
/var/scratch/adam/cassava-raw/cassavaleafdata/train/cmd/train-cmd-1894.jpg,3
/var/scratch/adam/cassava-raw/cassavaleafdata/train/cmd/train-cmd-1895.jpg,3
/var/scratch/adam/cassava-raw/cassavaleafdata/train/cmd/train-cmd-1896.jpg,3
/var/scratch/adam/cassava-raw/cassavaleafdata/train/cmd/train-cmd-1897.jpg,3
/var/scratch/adam/cassava-raw/cassavaleafdata/train/cmd/train-cmd-1898.jpg,3
/var/scratch/adam/cassava-raw/cassavaleafdata/train/cmd/train-cmd-1899.jpg,3
/var/scratch/adam/cassava-raw/cassavaleafdata/train/cmd/train-cmd-19.jpg,3
/var/scratch/adam/cassava-raw/cassavaleafdata/train/cmd/train-cmd-190.jpg,3
/var/scratch/adam/cassava-raw/cassavaleafdata/train/cmd/train-cmd-1900.jpg,3
/var/scratch/adam/cassava-raw/cassavaleafdata/train/cmd/train-cmd-1901.jpg,3
/var/scratch/adam/cassava-raw/cassavaleafdata/train/cmd/train-cmd-1902.jpg,3
/var/scratch/adam/cassava-raw/cassavaleafdata/train/cmd/train-cmd-1903.jpg,3
/var/scratch/adam/cassava-raw/cassavaleafdata/train/cmd/train-cmd-1904.jpg,3
/var/scratch/adam/cassava-raw/cassavaleafdata/train/cmd/train-cmd-1905.jpg,3
/var/scratch/adam/cassava-raw/cassavaleafdata/train/cmd/train-cmd-1906.jpg,3
/var/scratch/adam/cassava-raw/cassavaleafdata/train/cmd/train-cmd-1907.jpg,3
/var/scratch/adam/cassava-raw/cassavaleafdata/train/cmd/train-cmd-1908.jpg,3
/var/scratch/adam/cassava-raw/cassavaleafdata/train/cmd/train-cmd-1909.jpg,3
/var/scratch/adam/cassava-raw/cassavaleafdata/train/cmd/train-cmd-191.jpg,3
/var/scratch/adam/cassava-raw/cassavaleafdata/train/cmd/train-cmd-1910.jpg,3
/var/scratch/adam/cassava-raw/cassavaleafdata/train/cmd/train-cmd-1911.jpg,3
/var/scratch/adam/cassava-raw/cassavaleafdata/train/cmd/train-cmd-1912.jpg,3
/var/scratch/adam/cassava-raw/cassavaleafdata/train/cmd/train-cmd-1913.jpg,3
/var/scratch/adam/cassava-raw/cassavaleafdata/train/cmd/train-cmd-1914.jpg,3
/var/scratch/adam/cassava-raw/cassavaleafdata/train/cmd/train-cmd-1915.jpg,3
/var/scratch/adam/cassava-raw/cassavaleafdata/train/cmd/train-cmd-1916.jpg,3
/var/scratch/adam/cassava-raw/cassavaleafdata/train/cmd/train-cmd-1917.jpg,3
/var/scratch/adam/cassava-raw/cassavaleafdata/train/cmd/train-cmd-1918.jpg,3
/var/scratch/adam/cassava-raw/cassavaleafdata/train/cmd/train-cmd-1919.jpg,3
/var/scratch/adam/cassava-raw/cassavaleafdata/train/cmd/train-cmd-192.jpg,3
/var/scratch/adam/cassava-raw/cassavaleafdata/train/cmd/train-cmd-1920.jpg,3
/var/scratch/adam/cassava-raw/cassavaleafdata/train/cmd/train-cmd-1921.jpg,3
/var/scratch/adam/cassava-raw/cassavaleafdata/train/cmd/train-cmd-1922.jpg,3
/var/scratch/adam/cassava-raw/cassavaleafdata/train/cmd/train-cmd-1923.jpg,3
/var/scratch/adam/cassava-raw/cassavaleafdata/train/cmd/train-cmd-1924.jpg,3
/var/scratch/adam/cassava-raw/cassavaleafdata/train/cmd/train-cmd-1925.jpg,3
/var/scratch/adam/cassava-raw/cassavaleafdata/train/cmd/train-cmd-1926.jpg,3
/var/scratch/adam/cassava-raw/cassavaleafdata/train/cmd/train-cmd-1927.jpg,3
/var/scratch/adam/cassava-raw/cassavaleafdata/train/cmd/train-cmd-1928.jpg,3
/var/scratch/adam/cassava-raw/cassavaleafdata/train/cmd/train-cmd-1929.jpg,3
/var/scratch/adam/cassava-raw/cassavaleafdata/train/cmd/train-cmd-193.jpg,3
/var/scratch/adam/cassava-raw/cassavaleafdata/train/cmd/train-cmd-1930.jpg,3
/var/scratch/adam/cassava-raw/cassavaleafdata/train/cmd/train-cmd-1931.jpg,3
/var/scratch/adam/cassava-raw/cassavaleafdata/train/cmd/train-cmd-1932.jpg,3
/var/scratch/adam/cassava-raw/cassavaleafdata/train/cmd/train-cmd-1933.jpg,3
/var/scratch/adam/cassava-raw/cassavaleafdata/train/cmd/train-cmd-1934.jpg,3
/var/scratch/adam/cassava-raw/cassavaleafdata/train/cmd/train-cmd-1935.jpg,3
/var/scratch/adam/cassava-raw/cassavaleafdata/train/cmd/train-cmd-1936.jpg,3
/var/scratch/adam/cassava-raw/cassavaleafdata/train/cmd/train-cmd-1937.jpg,3
/var/scratch/adam/cassava-raw/cassavaleafdata/train/cmd/train-cmd-1938.jpg,3
/var/scratch/adam/cassava-raw/cassavaleafdata/train/cmd/train-cmd-1939.jpg,3
/var/scratch/adam/cassava-raw/cassavaleafdata/train/cmd/train-cmd-194.jpg,3
/var/scratch/adam/cassava-raw/cassavaleafdata/train/cmd/train-cmd-1940.jpg,3
/var/scratch/adam/cassava-raw/cassavaleafdata/train/cmd/train-cmd-1941.jpg,3
/var/scratch/adam/cassava-raw/cassavaleafdata/train/cmd/train-cmd-1942.jpg,3
/var/scratch/adam/cassava-raw/cassavaleafdata/train/cmd/train-cmd-1943.jpg,3
/var/scratch/adam/cassava-raw/cassavaleafdata/train/cmd/train-cmd-1944.jpg,3
/var/scratch/adam/cassava-raw/cassavaleafdata/train/cmd/train-cmd-1945.jpg,3
/var/scratch/adam/cassava-raw/cassavaleafdata/train/cmd/train-cmd-1946.jpg,3
/var/scratch/adam/cassava-raw/cassavaleafdata/train/cmd/train-cmd-1947.jpg,3
/var/scratch/adam/cassava-raw/cassavaleafdata/train/cmd/train-cmd-1948.jpg,3
/var/scratch/adam/cassava-raw/cassavaleafdata/train/cmd/train-cmd-1949.jpg,3
/var/scratch/adam/cassava-raw/cassavaleafdata/train/cmd/train-cmd-195.jpg,3
/var/scratch/adam/cassava-raw/cassavaleafdata/train/cmd/train-cmd-1950.jpg,3
/var/scratch/adam/cassava-raw/cassavaleafdata/train/cmd/train-cmd-1951.jpg,3
/var/scratch/adam/cassava-raw/cassavaleafdata/train/cmd/train-cmd-1952.jpg,3
/var/scratch/adam/cassava-raw/cassavaleafdata/train/cmd/train-cmd-1953.jpg,3
/var/scratch/adam/cassava-raw/cassavaleafdata/train/cmd/train-cmd-1954.jpg,3
/var/scratch/adam/cassava-raw/cassavaleafdata/train/cmd/train-cmd-1955.jpg,3
/var/scratch/adam/cassava-raw/cassavaleafdata/train/cmd/train-cmd-1956.jpg,3
/var/scratch/adam/cassava-raw/cassavaleafdata/train/cmd/train-cmd-1957.jpg,3
/var/scratch/adam/cassava-raw/cassavaleafdata/train/cmd/train-cmd-1958.jpg,3
/var/scratch/adam/cassava-raw/cassavaleafdata/train/cmd/train-cmd-1959.jpg,3
/var/scratch/adam/cassava-raw/cassavaleafdata/train/cmd/train-cmd-196.jpg,3
/var/scratch/adam/cassava-raw/cassavaleafdata/train/cmd/train-cmd-1960.jpg,3
/var/scratch/adam/cassava-raw/cassavaleafdata/train/cmd/train-cmd-1961.jpg,3
/var/scratch/adam/cassava-raw/cassavaleafdata/train/cmd/train-cmd-1962.jpg,3
/var/scratch/adam/cassava-raw/cassavaleafdata/train/cmd/train-cmd-1963.jpg,3
/var/scratch/adam/cassava-raw/cassavaleafdata/train/cmd/train-cmd-1964.jpg,3
/var/scratch/adam/cassava-raw/cassavaleafdata/train/cmd/train-cmd-1965.jpg,3
/var/scratch/adam/cassava-raw/cassavaleafdata/train/cmd/train-cmd-1966.jpg,3
/var/scratch/adam/cassava-raw/cassavaleafdata/train/cmd/train-cmd-1967.jpg,3
/var/scratch/adam/cassava-raw/cassavaleafdata/train/cmd/train-cmd-1968.jpg,3
/var/scratch/adam/cassava-raw/cassavaleafdata/train/cmd/train-cmd-1969.jpg,3
/var/scratch/adam/cassava-raw/cassavaleafdata/train/cmd/train-cmd-197.jpg,3
/var/scratch/adam/cassava-raw/cassavaleafdata/train/cmd/train-cmd-1970.jpg,3
/var/scratch/adam/cassava-raw/cassavaleafdata/train/cmd/train-cmd-1971.jpg,3
/var/scratch/adam/cassava-raw/cassavaleafdata/train/cmd/train-cmd-1972.jpg,3
/var/scratch/adam/cassava-raw/cassavaleafdata/train/cmd/train-cmd-1973.jpg,3
/var/scratch/adam/cassava-raw/cassavaleafdata/train/cmd/train-cmd-1974.jpg,3
/var/scratch/adam/cassava-raw/cassavaleafdata/train/cmd/train-cmd-1975.jpg,3
/var/scratch/adam/cassava-raw/cassavaleafdata/train/cmd/train-cmd-1976.jpg,3
/var/scratch/adam/cassava-raw/cassavaleafdata/train/cmd/train-cmd-1977.jpg,3
/var/scratch/adam/cassava-raw/cassavaleafdata/train/cmd/train-cmd-1978.jpg,3
/var/scratch/adam/cassava-raw/cassavaleafdata/train/cmd/train-cmd-1979.jpg,3
/var/scratch/adam/cassava-raw/cassavaleafdata/train/cmd/train-cmd-198.jpg,3
/var/scratch/adam/cassava-raw/cassavaleafdata/train/cmd/train-cmd-1980.jpg,3
/var/scratch/adam/cassava-raw/cassavaleafdata/train/cmd/train-cmd-1981.jpg,3
/var/scratch/adam/cassava-raw/cassavaleafdata/train/cmd/train-cmd-1982.jpg,3
/var/scratch/adam/cassava-raw/cassavaleafdata/train/cmd/train-cmd-1983.jpg,3
/var/scratch/adam/cassava-raw/cassavaleafdata/train/cmd/train-cmd-1984.jpg,3
/var/scratch/adam/cassava-raw/cassavaleafdata/train/cmd/train-cmd-1985.jpg,3
/var/scratch/adam/cassava-raw/cassavaleafdata/train/cmd/train-cmd-1986.jpg,3
/var/scratch/adam/cassava-raw/cassavaleafdata/train/cmd/train-cmd-1987.jpg,3
/var/scratch/adam/cassava-raw/cassavaleafdata/train/cmd/train-cmd-1988.jpg,3
/var/scratch/adam/cassava-raw/cassavaleafdata/train/cmd/train-cmd-1989.jpg,3
/var/scratch/adam/cassava-raw/cassavaleafdata/train/cmd/train-cmd-199.jpg,3
/var/scratch/adam/cassava-raw/cassavaleafdata/train/cmd/train-cmd-1990.jpg,3
/var/scratch/adam/cassava-raw/cassavaleafdata/train/cmd/train-cmd-1991.jpg,3
/var/scratch/adam/cassava-raw/cassavaleafdata/train/cmd/train-cmd-1992.jpg,3
/var/scratch/adam/cassava-raw/cassavaleafdata/train/cmd/train-cmd-1993.jpg,3
/var/scratch/adam/cassava-raw/cassavaleafdata/train/cmd/train-cmd-1994.jpg,3
/var/scratch/adam/cassava-raw/cassavaleafdata/train/cmd/train-cmd-1995.jpg,3
/var/scratch/adam/cassava-raw/cassavaleafdata/train/cmd/train-cmd-1996.jpg,3
/var/scratch/adam/cassava-raw/cassavaleafdata/train/cmd/train-cmd-1997.jpg,3
/var/scratch/adam/cassava-raw/cassavaleafdata/train/cmd/train-cmd-1998.jpg,3
/var/scratch/adam/cassava-raw/cassavaleafdata/train/cmd/train-cmd-1999.jpg,3
/var/scratch/adam/cassava-raw/cassavaleafdata/train/cmd/train-cmd-2.jpg,3
/var/scratch/adam/cassava-raw/cassavaleafdata/train/cmd/train-cmd-20.jpg,3
/var/scratch/adam/cassava-raw/cassavaleafdata/train/cmd/train-cmd-200.jpg,3
/var/scratch/adam/cassava-raw/cassavaleafdata/train/cmd/train-cmd-2000.jpg,3
/var/scratch/adam/cassava-raw/cassavaleafdata/train/cmd/train-cmd-2001.jpg,3
/var/scratch/adam/cassava-raw/cassavaleafdata/train/cmd/train-cmd-2002.jpg,3
/var/scratch/adam/cassava-raw/cassavaleafdata/train/cmd/train-cmd-2003.jpg,3
/var/scratch/adam/cassava-raw/cassavaleafdata/train/cmd/train-cmd-2004.jpg,3
/var/scratch/adam/cassava-raw/cassavaleafdata/train/cmd/train-cmd-2005.jpg,3
/var/scratch/adam/cassava-raw/cassavaleafdata/train/cmd/train-cmd-2006.jpg,3
/var/scratch/adam/cassava-raw/cassavaleafdata/train/cmd/train-cmd-2007.jpg,3
/var/scratch/adam/cassava-raw/cassavaleafdata/train/cmd/train-cmd-2008.jpg,3
/var/scratch/adam/cassava-raw/cassavaleafdata/train/cmd/train-cmd-2009.jpg,3
/var/scratch/adam/cassava-raw/cassavaleafdata/train/cmd/train-cmd-201.jpg,3
/var/scratch/adam/cassava-raw/cassavaleafdata/train/cmd/train-cmd-2010.jpg,3
/var/scratch/adam/cassava-raw/cassavaleafdata/train/cmd/train-cmd-2011.jpg,3
/var/scratch/adam/cassava-raw/cassavaleafdata/train/cmd/train-cmd-2012.jpg,3
/var/scratch/adam/cassava-raw/cassavaleafdata/train/cmd/train-cmd-2013.jpg,3
/var/scratch/adam/cassava-raw/cassavaleafdata/train/cmd/train-cmd-2014.jpg,3
/var/scratch/adam/cassava-raw/cassavaleafdata/train/cmd/train-cmd-2015.jpg,3
/var/scratch/adam/cassava-raw/cassavaleafdata/train/cmd/train-cmd-2016.jpg,3
/var/scratch/adam/cassava-raw/cassavaleafdata/train/cmd/train-cmd-2017.jpg,3
/var/scratch/adam/cassava-raw/cassavaleafdata/train/cmd/train-cmd-2018.jpg,3
/var/scratch/adam/cassava-raw/cassavaleafdata/train/cmd/train-cmd-2019.jpg,3
/var/scratch/adam/cassava-raw/cassavaleafdata/train/cmd/train-cmd-202.jpg,3
/var/scratch/adam/cassava-raw/cassavaleafdata/train/cmd/train-cmd-2020.jpg,3
/var/scratch/adam/cassava-raw/cassavaleafdata/train/cmd/train-cmd-2021.jpg,3
/var/scratch/adam/cassava-raw/cassavaleafdata/train/cmd/train-cmd-2022.jpg,3
/var/scratch/adam/cassava-raw/cassavaleafdata/train/cmd/train-cmd-2023.jpg,3
/var/scratch/adam/cassava-raw/cassavaleafdata/train/cmd/train-cmd-2024.jpg,3
/var/scratch/adam/cassava-raw/cassavaleafdata/train/cmd/train-cmd-2025.jpg,3
/var/scratch/adam/cassava-raw/cassavaleafdata/train/cmd/train-cmd-2026.jpg,3
/var/scratch/adam/cassava-raw/cassavaleafdata/train/cmd/train-cmd-2027.jpg,3
/var/scratch/adam/cassava-raw/cassavaleafdata/train/cmd/train-cmd-2028.jpg,3
/var/scratch/adam/cassava-raw/cassavaleafdata/train/cmd/train-cmd-2029.jpg,3
/var/scratch/adam/cassava-raw/cassavaleafdata/train/cmd/train-cmd-203.jpg,3
/var/scratch/adam/cassava-raw/cassavaleafdata/train/cmd/train-cmd-2030.jpg,3
/var/scratch/adam/cassava-raw/cassavaleafdata/train/cmd/train-cmd-2031.jpg,3
/var/scratch/adam/cassava-raw/cassavaleafdata/train/cmd/train-cmd-2032.jpg,3
/var/scratch/adam/cassava-raw/cassavaleafdata/train/cmd/train-cmd-2033.jpg,3
/var/scratch/adam/cassava-raw/cassavaleafdata/train/cmd/train-cmd-2034.jpg,3
/var/scratch/adam/cassava-raw/cassavaleafdata/train/cmd/train-cmd-2035.jpg,3
/var/scratch/adam/cassava-raw/cassavaleafdata/train/cmd/train-cmd-2036.jpg,3
/var/scratch/adam/cassava-raw/cassavaleafdata/train/cmd/train-cmd-2037.jpg,3
/var/scratch/adam/cassava-raw/cassavaleafdata/train/cmd/train-cmd-2038.jpg,3
/var/scratch/adam/cassava-raw/cassavaleafdata/train/cmd/train-cmd-2039.jpg,3
/var/scratch/adam/cassava-raw/cassavaleafdata/train/cmd/train-cmd-204.jpg,3
/var/scratch/adam/cassava-raw/cassavaleafdata/train/cmd/train-cmd-2040.jpg,3
/var/scratch/adam/cassava-raw/cassavaleafdata/train/cmd/train-cmd-2041.jpg,3
/var/scratch/adam/cassava-raw/cassavaleafdata/train/cmd/train-cmd-2042.jpg,3
/var/scratch/adam/cassava-raw/cassavaleafdata/train/cmd/train-cmd-2043.jpg,3
/var/scratch/adam/cassava-raw/cassavaleafdata/train/cmd/train-cmd-2044.jpg,3
/var/scratch/adam/cassava-raw/cassavaleafdata/train/cmd/train-cmd-2045.jpg,3
/var/scratch/adam/cassava-raw/cassavaleafdata/train/cmd/train-cmd-2046.jpg,3
/var/scratch/adam/cassava-raw/cassavaleafdata/train/cmd/train-cmd-2047.jpg,3
/var/scratch/adam/cassava-raw/cassavaleafdata/train/cmd/train-cmd-2048.jpg,3
/var/scratch/adam/cassava-raw/cassavaleafdata/train/cmd/train-cmd-2049.jpg,3
/var/scratch/adam/cassava-raw/cassavaleafdata/train/cmd/train-cmd-205.jpg,3
/var/scratch/adam/cassava-raw/cassavaleafdata/train/cmd/train-cmd-2050.jpg,3
/var/scratch/adam/cassava-raw/cassavaleafdata/train/cmd/train-cmd-2051.jpg,3
/var/scratch/adam/cassava-raw/cassavaleafdata/train/cmd/train-cmd-2052.jpg,3
/var/scratch/adam/cassava-raw/cassavaleafdata/train/cmd/train-cmd-2053.jpg,3
/var/scratch/adam/cassava-raw/cassavaleafdata/train/cmd/train-cmd-2054.jpg,3
/var/scratch/adam/cassava-raw/cassavaleafdata/train/cmd/train-cmd-2055.jpg,3
/var/scratch/adam/cassava-raw/cassavaleafdata/train/cmd/train-cmd-2056.jpg,3
/var/scratch/adam/cassava-raw/cassavaleafdata/train/cmd/train-cmd-2057.jpg,3
/var/scratch/adam/cassava-raw/cassavaleafdata/train/cmd/train-cmd-2058.jpg,3
/var/scratch/adam/cassava-raw/cassavaleafdata/train/cmd/train-cmd-2059.jpg,3
/var/scratch/adam/cassava-raw/cassavaleafdata/train/cmd/train-cmd-206.jpg,3
/var/scratch/adam/cassava-raw/cassavaleafdata/train/cmd/train-cmd-2060.jpg,3
/var/scratch/adam/cassava-raw/cassavaleafdata/train/cmd/train-cmd-2061.jpg,3
/var/scratch/adam/cassava-raw/cassavaleafdata/train/cmd/train-cmd-2062.jpg,3
/var/scratch/adam/cassava-raw/cassavaleafdata/train/cmd/train-cmd-2063.jpg,3
/var/scratch/adam/cassava-raw/cassavaleafdata/train/cmd/train-cmd-2064.jpg,3
/var/scratch/adam/cassava-raw/cassavaleafdata/train/cmd/train-cmd-2065.jpg,3
/var/scratch/adam/cassava-raw/cassavaleafdata/train/cmd/train-cmd-2066.jpg,3
/var/scratch/adam/cassava-raw/cassavaleafdata/train/cmd/train-cmd-2067.jpg,3
/var/scratch/adam/cassava-raw/cassavaleafdata/train/cmd/train-cmd-2068.jpg,3
/var/scratch/adam/cassava-raw/cassavaleafdata/train/cmd/train-cmd-2069.jpg,3
/var/scratch/adam/cassava-raw/cassavaleafdata/train/cmd/train-cmd-207.jpg,3
/var/scratch/adam/cassava-raw/cassavaleafdata/train/cmd/train-cmd-2070.jpg,3
/var/scratch/adam/cassava-raw/cassavaleafdata/train/cmd/train-cmd-2071.jpg,3
/var/scratch/adam/cassava-raw/cassavaleafdata/train/cmd/train-cmd-2072.jpg,3
/var/scratch/adam/cassava-raw/cassavaleafdata/train/cmd/train-cmd-2073.jpg,3
/var/scratch/adam/cassava-raw/cassavaleafdata/train/cmd/train-cmd-2074.jpg,3
/var/scratch/adam/cassava-raw/cassavaleafdata/train/cmd/train-cmd-2075.jpg,3
/var/scratch/adam/cassava-raw/cassavaleafdata/train/cmd/train-cmd-2076.jpg,3
/var/scratch/adam/cassava-raw/cassavaleafdata/train/cmd/train-cmd-2077.jpg,3
/var/scratch/adam/cassava-raw/cassavaleafdata/train/cmd/train-cmd-2078.jpg,3
/var/scratch/adam/cassava-raw/cassavaleafdata/train/cmd/train-cmd-2079.jpg,3
/var/scratch/adam/cassava-raw/cassavaleafdata/train/cmd/train-cmd-208.jpg,3
/var/scratch/adam/cassava-raw/cassavaleafdata/train/cmd/train-cmd-2080.jpg,3
/var/scratch/adam/cassava-raw/cassavaleafdata/train/cmd/train-cmd-2081.jpg,3
/var/scratch/adam/cassava-raw/cassavaleafdata/train/cmd/train-cmd-2082.jpg,3
/var/scratch/adam/cassava-raw/cassavaleafdata/train/cmd/train-cmd-2083.jpg,3
/var/scratch/adam/cassava-raw/cassavaleafdata/train/cmd/train-cmd-2084.jpg,3
/var/scratch/adam/cassava-raw/cassavaleafdata/train/cmd/train-cmd-2085.jpg,3
/var/scratch/adam/cassava-raw/cassavaleafdata/train/cmd/train-cmd-2086.jpg,3
/var/scratch/adam/cassava-raw/cassavaleafdata/train/cmd/train-cmd-2087.jpg,3
/var/scratch/adam/cassava-raw/cassavaleafdata/train/cmd/train-cmd-2088.jpg,3
/var/scratch/adam/cassava-raw/cassavaleafdata/train/cmd/train-cmd-2089.jpg,3
/var/scratch/adam/cassava-raw/cassavaleafdata/train/cmd/train-cmd-209.jpg,3
/var/scratch/adam/cassava-raw/cassavaleafdata/train/cmd/train-cmd-2090.jpg,3
/var/scratch/adam/cassava-raw/cassavaleafdata/train/cmd/train-cmd-2091.jpg,3
/var/scratch/adam/cassava-raw/cassavaleafdata/train/cmd/train-cmd-2092.jpg,3
/var/scratch/adam/cassava-raw/cassavaleafdata/train/cmd/train-cmd-2093.jpg,3
/var/scratch/adam/cassava-raw/cassavaleafdata/train/cmd/train-cmd-2094.jpg,3
/var/scratch/adam/cassava-raw/cassavaleafdata/train/cmd/train-cmd-2095.jpg,3
/var/scratch/adam/cassava-raw/cassavaleafdata/train/cmd/train-cmd-2096.jpg,3
/var/scratch/adam/cassava-raw/cassavaleafdata/train/cmd/train-cmd-2097.jpg,3
/var/scratch/adam/cassava-raw/cassavaleafdata/train/cmd/train-cmd-2098.jpg,3
/var/scratch/adam/cassava-raw/cassavaleafdata/train/cmd/train-cmd-2099.jpg,3
/var/scratch/adam/cassava-raw/cassavaleafdata/train/cmd/train-cmd-21.jpg,3
/var/scratch/adam/cassava-raw/cassavaleafdata/train/cmd/train-cmd-210.jpg,3
/var/scratch/adam/cassava-raw/cassavaleafdata/train/cmd/train-cmd-2100.jpg,3
/var/scratch/adam/cassava-raw/cassavaleafdata/train/cmd/train-cmd-2101.jpg,3
/var/scratch/adam/cassava-raw/cassavaleafdata/train/cmd/train-cmd-2102.jpg,3
/var/scratch/adam/cassava-raw/cassavaleafdata/train/cmd/train-cmd-2103.jpg,3
/var/scratch/adam/cassava-raw/cassavaleafdata/train/cmd/train-cmd-2104.jpg,3
/var/scratch/adam/cassava-raw/cassavaleafdata/train/cmd/train-cmd-2105.jpg,3
/var/scratch/adam/cassava-raw/cassavaleafdata/train/cmd/train-cmd-2106.jpg,3
/var/scratch/adam/cassava-raw/cassavaleafdata/train/cmd/train-cmd-2107.jpg,3
/var/scratch/adam/cassava-raw/cassavaleafdata/train/cmd/train-cmd-2108.jpg,3
/var/scratch/adam/cassava-raw/cassavaleafdata/train/cmd/train-cmd-2109.jpg,3
/var/scratch/adam/cassava-raw/cassavaleafdata/train/cmd/train-cmd-211.jpg,3
/var/scratch/adam/cassava-raw/cassavaleafdata/train/cmd/train-cmd-2110.jpg,3
/var/scratch/adam/cassava-raw/cassavaleafdata/train/cmd/train-cmd-2111.jpg,3
/var/scratch/adam/cassava-raw/cassavaleafdata/train/cmd/train-cmd-2112.jpg,3
/var/scratch/adam/cassava-raw/cassavaleafdata/train/cmd/train-cmd-2113.jpg,3
/var/scratch/adam/cassava-raw/cassavaleafdata/train/cmd/train-cmd-2114.jpg,3
/var/scratch/adam/cassava-raw/cassavaleafdata/train/cmd/train-cmd-2115.jpg,3
/var/scratch/adam/cassava-raw/cassavaleafdata/train/cmd/train-cmd-2116.jpg,3
/var/scratch/adam/cassava-raw/cassavaleafdata/train/cmd/train-cmd-2117.jpg,3
/var/scratch/adam/cassava-raw/cassavaleafdata/train/cmd/train-cmd-2118.jpg,3
/var/scratch/adam/cassava-raw/cassavaleafdata/train/cmd/train-cmd-2119.jpg,3
/var/scratch/adam/cassava-raw/cassavaleafdata/train/cmd/train-cmd-212.jpg,3
/var/scratch/adam/cassava-raw/cassavaleafdata/train/cmd/train-cmd-2120.jpg,3
/var/scratch/adam/cassava-raw/cassavaleafdata/train/cmd/train-cmd-2121.jpg,3
/var/scratch/adam/cassava-raw/cassavaleafdata/train/cmd/train-cmd-2122.jpg,3
/var/scratch/adam/cassava-raw/cassavaleafdata/train/cmd/train-cmd-2123.jpg,3
/var/scratch/adam/cassava-raw/cassavaleafdata/train/cmd/train-cmd-2124.jpg,3
/var/scratch/adam/cassava-raw/cassavaleafdata/train/cmd/train-cmd-2125.jpg,3
/var/scratch/adam/cassava-raw/cassavaleafdata/train/cmd/train-cmd-2126.jpg,3
/var/scratch/adam/cassava-raw/cassavaleafdata/train/cmd/train-cmd-2127.jpg,3
/var/scratch/adam/cassava-raw/cassavaleafdata/train/cmd/train-cmd-2128.jpg,3
/var/scratch/adam/cassava-raw/cassavaleafdata/train/cmd/train-cmd-2129.jpg,3
/var/scratch/adam/cassava-raw/cassavaleafdata/train/cmd/train-cmd-213.jpg,3
/var/scratch/adam/cassava-raw/cassavaleafdata/train/cmd/train-cmd-2130.jpg,3
/var/scratch/adam/cassava-raw/cassavaleafdata/train/cmd/train-cmd-2131.jpg,3
/var/scratch/adam/cassava-raw/cassavaleafdata/train/cmd/train-cmd-2132.jpg,3
/var/scratch/adam/cassava-raw/cassavaleafdata/train/cmd/train-cmd-2133.jpg,3
/var/scratch/adam/cassava-raw/cassavaleafdata/train/cmd/train-cmd-2134.jpg,3
/var/scratch/adam/cassava-raw/cassavaleafdata/train/cmd/train-cmd-2135.jpg,3
/var/scratch/adam/cassava-raw/cassavaleafdata/train/cmd/train-cmd-2136.jpg,3
/var/scratch/adam/cassava-raw/cassavaleafdata/train/cmd/train-cmd-2137.jpg,3
/var/scratch/adam/cassava-raw/cassavaleafdata/train/cmd/train-cmd-2138.jpg,3
/var/scratch/adam/cassava-raw/cassavaleafdata/train/cmd/train-cmd-2139.jpg,3
/var/scratch/adam/cassava-raw/cassavaleafdata/train/cmd/train-cmd-214.jpg,3
/var/scratch/adam/cassava-raw/cassavaleafdata/train/cmd/train-cmd-2140.jpg,3
/var/scratch/adam/cassava-raw/cassavaleafdata/train/cmd/train-cmd-2141.jpg,3
/var/scratch/adam/cassava-raw/cassavaleafdata/train/cmd/train-cmd-2142.jpg,3
/var/scratch/adam/cassava-raw/cassavaleafdata/train/cmd/train-cmd-2143.jpg,3
/var/scratch/adam/cassava-raw/cassavaleafdata/train/cmd/train-cmd-2144.jpg,3
/var/scratch/adam/cassava-raw/cassavaleafdata/train/cmd/train-cmd-2145.jpg,3
/var/scratch/adam/cassava-raw/cassavaleafdata/train/cmd/train-cmd-2146.jpg,3
/var/scratch/adam/cassava-raw/cassavaleafdata/train/cmd/train-cmd-2147.jpg,3
/var/scratch/adam/cassava-raw/cassavaleafdata/train/cmd/train-cmd-2148.jpg,3
/var/scratch/adam/cassava-raw/cassavaleafdata/train/cmd/train-cmd-2149.jpg,3
/var/scratch/adam/cassava-raw/cassavaleafdata/train/cmd/train-cmd-215.jpg,3
/var/scratch/adam/cassava-raw/cassavaleafdata/train/cmd/train-cmd-2150.jpg,3
/var/scratch/adam/cassava-raw/cassavaleafdata/train/cmd/train-cmd-2151.jpg,3
/var/scratch/adam/cassava-raw/cassavaleafdata/train/cmd/train-cmd-2152.jpg,3
/var/scratch/adam/cassava-raw/cassavaleafdata/train/cmd/train-cmd-2153.jpg,3
/var/scratch/adam/cassava-raw/cassavaleafdata/train/cmd/train-cmd-2154.jpg,3
/var/scratch/adam/cassava-raw/cassavaleafdata/train/cmd/train-cmd-2155.jpg,3
/var/scratch/adam/cassava-raw/cassavaleafdata/train/cmd/train-cmd-2156.jpg,3
/var/scratch/adam/cassava-raw/cassavaleafdata/train/cmd/train-cmd-2157.jpg,3
/var/scratch/adam/cassava-raw/cassavaleafdata/train/cmd/train-cmd-2158.jpg,3
/var/scratch/adam/cassava-raw/cassavaleafdata/train/cmd/train-cmd-2159.jpg,3
/var/scratch/adam/cassava-raw/cassavaleafdata/train/cmd/train-cmd-216.jpg,3
/var/scratch/adam/cassava-raw/cassavaleafdata/train/cmd/train-cmd-2160.jpg,3
/var/scratch/adam/cassava-raw/cassavaleafdata/train/cmd/train-cmd-2161.jpg,3
/var/scratch/adam/cassava-raw/cassavaleafdata/train/cmd/train-cmd-2162.jpg,3
/var/scratch/adam/cassava-raw/cassavaleafdata/train/cmd/train-cmd-2163.jpg,3
/var/scratch/adam/cassava-raw/cassavaleafdata/train/cmd/train-cmd-2164.jpg,3
/var/scratch/adam/cassava-raw/cassavaleafdata/train/cmd/train-cmd-2165.jpg,3
/var/scratch/adam/cassava-raw/cassavaleafdata/train/cmd/train-cmd-2166.jpg,3
/var/scratch/adam/cassava-raw/cassavaleafdata/train/cmd/train-cmd-2167.jpg,3
/var/scratch/adam/cassava-raw/cassavaleafdata/train/cmd/train-cmd-2168.jpg,3
/var/scratch/adam/cassava-raw/cassavaleafdata/train/cmd/train-cmd-2169.jpg,3
/var/scratch/adam/cassava-raw/cassavaleafdata/train/cmd/train-cmd-217.jpg,3
/var/scratch/adam/cassava-raw/cassavaleafdata/train/cmd/train-cmd-2170.jpg,3
/var/scratch/adam/cassava-raw/cassavaleafdata/train/cmd/train-cmd-2171.jpg,3
/var/scratch/adam/cassava-raw/cassavaleafdata/train/cmd/train-cmd-2172.jpg,3
/var/scratch/adam/cassava-raw/cassavaleafdata/train/cmd/train-cmd-2173.jpg,3
/var/scratch/adam/cassava-raw/cassavaleafdata/train/cmd/train-cmd-2174.jpg,3
/var/scratch/adam/cassava-raw/cassavaleafdata/train/cmd/train-cmd-2175.jpg,3
/var/scratch/adam/cassava-raw/cassavaleafdata/train/cmd/train-cmd-2176.jpg,3
/var/scratch/adam/cassava-raw/cassavaleafdata/train/cmd/train-cmd-2177.jpg,3
/var/scratch/adam/cassava-raw/cassavaleafdata/train/cmd/train-cmd-2178.jpg,3
/var/scratch/adam/cassava-raw/cassavaleafdata/train/cmd/train-cmd-2179.jpg,3
/var/scratch/adam/cassava-raw/cassavaleafdata/train/cmd/train-cmd-218.jpg,3
/var/scratch/adam/cassava-raw/cassavaleafdata/train/cmd/train-cmd-2180.jpg,3
/var/scratch/adam/cassava-raw/cassavaleafdata/train/cmd/train-cmd-2181.jpg,3
/var/scratch/adam/cassava-raw/cassavaleafdata/train/cmd/train-cmd-2182.jpg,3
/var/scratch/adam/cassava-raw/cassavaleafdata/train/cmd/train-cmd-2183.jpg,3
/var/scratch/adam/cassava-raw/cassavaleafdata/train/cmd/train-cmd-2184.jpg,3
/var/scratch/adam/cassava-raw/cassavaleafdata/train/cmd/train-cmd-2185.jpg,3
/var/scratch/adam/cassava-raw/cassavaleafdata/train/cmd/train-cmd-2186.jpg,3
/var/scratch/adam/cassava-raw/cassavaleafdata/train/cmd/train-cmd-2187.jpg,3
/var/scratch/adam/cassava-raw/cassavaleafdata/train/cmd/train-cmd-2188.jpg,3
/var/scratch/adam/cassava-raw/cassavaleafdata/train/cmd/train-cmd-2189.jpg,3
/var/scratch/adam/cassava-raw/cassavaleafdata/train/cmd/train-cmd-219.jpg,3
/var/scratch/adam/cassava-raw/cassavaleafdata/train/cmd/train-cmd-2190.jpg,3
/var/scratch/adam/cassava-raw/cassavaleafdata/train/cmd/train-cmd-2191.jpg,3
/var/scratch/adam/cassava-raw/cassavaleafdata/train/cmd/train-cmd-2192.jpg,3
/var/scratch/adam/cassava-raw/cassavaleafdata/train/cmd/train-cmd-2193.jpg,3
/var/scratch/adam/cassava-raw/cassavaleafdata/train/cmd/train-cmd-2194.jpg,3
/var/scratch/adam/cassava-raw/cassavaleafdata/train/cmd/train-cmd-2195.jpg,3
/var/scratch/adam/cassava-raw/cassavaleafdata/train/cmd/train-cmd-2196.jpg,3
/var/scratch/adam/cassava-raw/cassavaleafdata/train/cmd/train-cmd-2197.jpg,3
/var/scratch/adam/cassava-raw/cassavaleafdata/train/cmd/train-cmd-2198.jpg,3
/var/scratch/adam/cassava-raw/cassavaleafdata/train/cmd/train-cmd-2199.jpg,3
/var/scratch/adam/cassava-raw/cassavaleafdata/train/cmd/train-cmd-22.jpg,3
/var/scratch/adam/cassava-raw/cassavaleafdata/train/cmd/train-cmd-220.jpg,3
/var/scratch/adam/cassava-raw/cassavaleafdata/train/cmd/train-cmd-2200.jpg,3
/var/scratch/adam/cassava-raw/cassavaleafdata/train/cmd/train-cmd-2201.jpg,3
/var/scratch/adam/cassava-raw/cassavaleafdata/train/cmd/train-cmd-2202.jpg,3
/var/scratch/adam/cassava-raw/cassavaleafdata/train/cmd/train-cmd-2203.jpg,3
/var/scratch/adam/cassava-raw/cassavaleafdata/train/cmd/train-cmd-2204.jpg,3
/var/scratch/adam/cassava-raw/cassavaleafdata/train/cmd/train-cmd-2205.jpg,3
/var/scratch/adam/cassava-raw/cassavaleafdata/train/cmd/train-cmd-2206.jpg,3
/var/scratch/adam/cassava-raw/cassavaleafdata/train/cmd/train-cmd-2207.jpg,3
/var/scratch/adam/cassava-raw/cassavaleafdata/train/cmd/train-cmd-2208.jpg,3
/var/scratch/adam/cassava-raw/cassavaleafdata/train/cmd/train-cmd-2209.jpg,3
/var/scratch/adam/cassava-raw/cassavaleafdata/train/cmd/train-cmd-221.jpg,3
/var/scratch/adam/cassava-raw/cassavaleafdata/train/cmd/train-cmd-2210.jpg,3
/var/scratch/adam/cassava-raw/cassavaleafdata/train/cmd/train-cmd-2211.jpg,3
/var/scratch/adam/cassava-raw/cassavaleafdata/train/cmd/train-cmd-2212.jpg,3
/var/scratch/adam/cassava-raw/cassavaleafdata/train/cmd/train-cmd-2213.jpg,3
/var/scratch/adam/cassava-raw/cassavaleafdata/train/cmd/train-cmd-2214.jpg,3
/var/scratch/adam/cassava-raw/cassavaleafdata/train/cmd/train-cmd-2215.jpg,3
/var/scratch/adam/cassava-raw/cassavaleafdata/train/cmd/train-cmd-2216.jpg,3
/var/scratch/adam/cassava-raw/cassavaleafdata/train/cmd/train-cmd-2217.jpg,3
/var/scratch/adam/cassava-raw/cassavaleafdata/train/cmd/train-cmd-2218.jpg,3
/var/scratch/adam/cassava-raw/cassavaleafdata/train/cmd/train-cmd-2219.jpg,3
/var/scratch/adam/cassava-raw/cassavaleafdata/train/cmd/train-cmd-222.jpg,3
/var/scratch/adam/cassava-raw/cassavaleafdata/train/cmd/train-cmd-2220.jpg,3
/var/scratch/adam/cassava-raw/cassavaleafdata/train/cmd/train-cmd-2221.jpg,3
/var/scratch/adam/cassava-raw/cassavaleafdata/train/cmd/train-cmd-2222.jpg,3
/var/scratch/adam/cassava-raw/cassavaleafdata/train/cmd/train-cmd-2223.jpg,3
/var/scratch/adam/cassava-raw/cassavaleafdata/train/cmd/train-cmd-2224.jpg,3
/var/scratch/adam/cassava-raw/cassavaleafdata/train/cmd/train-cmd-2225.jpg,3
/var/scratch/adam/cassava-raw/cassavaleafdata/train/cmd/train-cmd-2226.jpg,3
/var/scratch/adam/cassava-raw/cassavaleafdata/train/cmd/train-cmd-2227.jpg,3
/var/scratch/adam/cassava-raw/cassavaleafdata/train/cmd/train-cmd-2228.jpg,3
/var/scratch/adam/cassava-raw/cassavaleafdata/train/cmd/train-cmd-2229.jpg,3
/var/scratch/adam/cassava-raw/cassavaleafdata/train/cmd/train-cmd-223.jpg,3
/var/scratch/adam/cassava-raw/cassavaleafdata/train/cmd/train-cmd-2230.jpg,3
/var/scratch/adam/cassava-raw/cassavaleafdata/train/cmd/train-cmd-2231.jpg,3
/var/scratch/adam/cassava-raw/cassavaleafdata/train/cmd/train-cmd-2232.jpg,3
/var/scratch/adam/cassava-raw/cassavaleafdata/train/cmd/train-cmd-2233.jpg,3
/var/scratch/adam/cassava-raw/cassavaleafdata/train/cmd/train-cmd-2234.jpg,3
/var/scratch/adam/cassava-raw/cassavaleafdata/train/cmd/train-cmd-2235.jpg,3
/var/scratch/adam/cassava-raw/cassavaleafdata/train/cmd/train-cmd-2236.jpg,3
/var/scratch/adam/cassava-raw/cassavaleafdata/train/cmd/train-cmd-2237.jpg,3
/var/scratch/adam/cassava-raw/cassavaleafdata/train/cmd/train-cmd-2238.jpg,3
/var/scratch/adam/cassava-raw/cassavaleafdata/train/cmd/train-cmd-2239.jpg,3
/var/scratch/adam/cassava-raw/cassavaleafdata/train/cmd/train-cmd-224.jpg,3
/var/scratch/adam/cassava-raw/cassavaleafdata/train/cmd/train-cmd-2240.jpg,3
/var/scratch/adam/cassava-raw/cassavaleafdata/train/cmd/train-cmd-2241.jpg,3
/var/scratch/adam/cassava-raw/cassavaleafdata/train/cmd/train-cmd-2242.jpg,3
/var/scratch/adam/cassava-raw/cassavaleafdata/train/cmd/train-cmd-2243.jpg,3
/var/scratch/adam/cassava-raw/cassavaleafdata/train/cmd/train-cmd-2244.jpg,3
/var/scratch/adam/cassava-raw/cassavaleafdata/train/cmd/train-cmd-2245.jpg,3
/var/scratch/adam/cassava-raw/cassavaleafdata/train/cmd/train-cmd-2246.jpg,3
/var/scratch/adam/cassava-raw/cassavaleafdata/train/cmd/train-cmd-2247.jpg,3
/var/scratch/adam/cassava-raw/cassavaleafdata/train/cmd/train-cmd-2248.jpg,3
/var/scratch/adam/cassava-raw/cassavaleafdata/train/cmd/train-cmd-2249.jpg,3
/var/scratch/adam/cassava-raw/cassavaleafdata/train/cmd/train-cmd-225.jpg,3
/var/scratch/adam/cassava-raw/cassavaleafdata/train/cmd/train-cmd-2250.jpg,3
/var/scratch/adam/cassava-raw/cassavaleafdata/train/cmd/train-cmd-2251.jpg,3
/var/scratch/adam/cassava-raw/cassavaleafdata/train/cmd/train-cmd-2252.jpg,3
/var/scratch/adam/cassava-raw/cassavaleafdata/train/cmd/train-cmd-2253.jpg,3
/var/scratch/adam/cassava-raw/cassavaleafdata/train/cmd/train-cmd-2254.jpg,3
/var/scratch/adam/cassava-raw/cassavaleafdata/train/cmd/train-cmd-2255.jpg,3
/var/scratch/adam/cassava-raw/cassavaleafdata/train/cmd/train-cmd-2256.jpg,3
/var/scratch/adam/cassava-raw/cassavaleafdata/train/cmd/train-cmd-2257.jpg,3
/var/scratch/adam/cassava-raw/cassavaleafdata/train/cmd/train-cmd-2258.jpg,3
/var/scratch/adam/cassava-raw/cassavaleafdata/train/cmd/train-cmd-2259.jpg,3
/var/scratch/adam/cassava-raw/cassavaleafdata/train/cmd/train-cmd-226.jpg,3
/var/scratch/adam/cassava-raw/cassavaleafdata/train/cmd/train-cmd-2260.jpg,3
/var/scratch/adam/cassava-raw/cassavaleafdata/train/cmd/train-cmd-2261.jpg,3
/var/scratch/adam/cassava-raw/cassavaleafdata/train/cmd/train-cmd-2262.jpg,3
/var/scratch/adam/cassava-raw/cassavaleafdata/train/cmd/train-cmd-2263.jpg,3
/var/scratch/adam/cassava-raw/cassavaleafdata/train/cmd/train-cmd-2264.jpg,3
/var/scratch/adam/cassava-raw/cassavaleafdata/train/cmd/train-cmd-2265.jpg,3
/var/scratch/adam/cassava-raw/cassavaleafdata/train/cmd/train-cmd-2266.jpg,3
/var/scratch/adam/cassava-raw/cassavaleafdata/train/cmd/train-cmd-2267.jpg,3
/var/scratch/adam/cassava-raw/cassavaleafdata/train/cmd/train-cmd-2268.jpg,3
/var/scratch/adam/cassava-raw/cassavaleafdata/train/cmd/train-cmd-2269.jpg,3
/var/scratch/adam/cassava-raw/cassavaleafdata/train/cmd/train-cmd-227.jpg,3
/var/scratch/adam/cassava-raw/cassavaleafdata/train/cmd/train-cmd-2270.jpg,3
/var/scratch/adam/cassava-raw/cassavaleafdata/train/cmd/train-cmd-2271.jpg,3
/var/scratch/adam/cassava-raw/cassavaleafdata/train/cmd/train-cmd-2272.jpg,3
/var/scratch/adam/cassava-raw/cassavaleafdata/train/cmd/train-cmd-2273.jpg,3
/var/scratch/adam/cassava-raw/cassavaleafdata/train/cmd/train-cmd-2274.jpg,3
/var/scratch/adam/cassava-raw/cassavaleafdata/train/cmd/train-cmd-2275.jpg,3
/var/scratch/adam/cassava-raw/cassavaleafdata/train/cmd/train-cmd-2276.jpg,3
/var/scratch/adam/cassava-raw/cassavaleafdata/train/cmd/train-cmd-2277.jpg,3
/var/scratch/adam/cassava-raw/cassavaleafdata/train/cmd/train-cmd-2278.jpg,3
/var/scratch/adam/cassava-raw/cassavaleafdata/train/cmd/train-cmd-2279.jpg,3
/var/scratch/adam/cassava-raw/cassavaleafdata/train/cmd/train-cmd-228.jpg,3
/var/scratch/adam/cassava-raw/cassavaleafdata/train/cmd/train-cmd-2280.jpg,3
/var/scratch/adam/cassava-raw/cassavaleafdata/train/cmd/train-cmd-2281.jpg,3
/var/scratch/adam/cassava-raw/cassavaleafdata/train/cmd/train-cmd-2282.jpg,3
/var/scratch/adam/cassava-raw/cassavaleafdata/train/cmd/train-cmd-2283.jpg,3
/var/scratch/adam/cassava-raw/cassavaleafdata/train/cmd/train-cmd-2284.jpg,3
/var/scratch/adam/cassava-raw/cassavaleafdata/train/cmd/train-cmd-2285.jpg,3
/var/scratch/adam/cassava-raw/cassavaleafdata/train/cmd/train-cmd-2286.jpg,3
/var/scratch/adam/cassava-raw/cassavaleafdata/train/cmd/train-cmd-2287.jpg,3
/var/scratch/adam/cassava-raw/cassavaleafdata/train/cmd/train-cmd-2288.jpg,3
/var/scratch/adam/cassava-raw/cassavaleafdata/train/cmd/train-cmd-2289.jpg,3
/var/scratch/adam/cassava-raw/cassavaleafdata/train/cmd/train-cmd-229.jpg,3
/var/scratch/adam/cassava-raw/cassavaleafdata/train/cmd/train-cmd-2290.jpg,3
/var/scratch/adam/cassava-raw/cassavaleafdata/train/cmd/train-cmd-2291.jpg,3
/var/scratch/adam/cassava-raw/cassavaleafdata/train/cmd/train-cmd-2292.jpg,3
/var/scratch/adam/cassava-raw/cassavaleafdata/train/cmd/train-cmd-2293.jpg,3
/var/scratch/adam/cassava-raw/cassavaleafdata/train/cmd/train-cmd-2294.jpg,3
/var/scratch/adam/cassava-raw/cassavaleafdata/train/cmd/train-cmd-2295.jpg,3
/var/scratch/adam/cassava-raw/cassavaleafdata/train/cmd/train-cmd-2296.jpg,3
/var/scratch/adam/cassava-raw/cassavaleafdata/train/cmd/train-cmd-2297.jpg,3
/var/scratch/adam/cassava-raw/cassavaleafdata/train/cmd/train-cmd-2298.jpg,3
/var/scratch/adam/cassava-raw/cassavaleafdata/train/cmd/train-cmd-2299.jpg,3
/var/scratch/adam/cassava-raw/cassavaleafdata/train/cmd/train-cmd-23.jpg,3
/var/scratch/adam/cassava-raw/cassavaleafdata/train/cmd/train-cmd-230.jpg,3
/var/scratch/adam/cassava-raw/cassavaleafdata/train/cmd/train-cmd-2300.jpg,3
/var/scratch/adam/cassava-raw/cassavaleafdata/train/cmd/train-cmd-2301.jpg,3
/var/scratch/adam/cassava-raw/cassavaleafdata/train/cmd/train-cmd-2302.jpg,3
/var/scratch/adam/cassava-raw/cassavaleafdata/train/cmd/train-cmd-2303.jpg,3
/var/scratch/adam/cassava-raw/cassavaleafdata/train/cmd/train-cmd-2304.jpg,3
/var/scratch/adam/cassava-raw/cassavaleafdata/train/cmd/train-cmd-2305.jpg,3
/var/scratch/adam/cassava-raw/cassavaleafdata/train/cmd/train-cmd-2306.jpg,3
/var/scratch/adam/cassava-raw/cassavaleafdata/train/cmd/train-cmd-2307.jpg,3
/var/scratch/adam/cassava-raw/cassavaleafdata/train/cmd/train-cmd-2308.jpg,3
/var/scratch/adam/cassava-raw/cassavaleafdata/train/cmd/train-cmd-2309.jpg,3
/var/scratch/adam/cassava-raw/cassavaleafdata/train/cmd/train-cmd-231.jpg,3
/var/scratch/adam/cassava-raw/cassavaleafdata/train/cmd/train-cmd-2310.jpg,3
/var/scratch/adam/cassava-raw/cassavaleafdata/train/cmd/train-cmd-2311.jpg,3
/var/scratch/adam/cassava-raw/cassavaleafdata/train/cmd/train-cmd-2312.jpg,3
/var/scratch/adam/cassava-raw/cassavaleafdata/train/cmd/train-cmd-2313.jpg,3
/var/scratch/adam/cassava-raw/cassavaleafdata/train/cmd/train-cmd-2314.jpg,3
/var/scratch/adam/cassava-raw/cassavaleafdata/train/cmd/train-cmd-2315.jpg,3
/var/scratch/adam/cassava-raw/cassavaleafdata/train/cmd/train-cmd-2316.jpg,3
/var/scratch/adam/cassava-raw/cassavaleafdata/train/cmd/train-cmd-2317.jpg,3
/var/scratch/adam/cassava-raw/cassavaleafdata/train/cmd/train-cmd-2318.jpg,3
/var/scratch/adam/cassava-raw/cassavaleafdata/train/cmd/train-cmd-2319.jpg,3
/var/scratch/adam/cassava-raw/cassavaleafdata/train/cmd/train-cmd-232.jpg,3
/var/scratch/adam/cassava-raw/cassavaleafdata/train/cmd/train-cmd-2320.jpg,3
/var/scratch/adam/cassava-raw/cassavaleafdata/train/cmd/train-cmd-2321.jpg,3
/var/scratch/adam/cassava-raw/cassavaleafdata/train/cmd/train-cmd-2322.jpg,3
/var/scratch/adam/cassava-raw/cassavaleafdata/train/cmd/train-cmd-2323.jpg,3
/var/scratch/adam/cassava-raw/cassavaleafdata/train/cmd/train-cmd-2324.jpg,3
/var/scratch/adam/cassava-raw/cassavaleafdata/train/cmd/train-cmd-2325.jpg,3
/var/scratch/adam/cassava-raw/cassavaleafdata/train/cmd/train-cmd-2326.jpg,3
/var/scratch/adam/cassava-raw/cassavaleafdata/train/cmd/train-cmd-2327.jpg,3
/var/scratch/adam/cassava-raw/cassavaleafdata/train/cmd/train-cmd-2328.jpg,3
/var/scratch/adam/cassava-raw/cassavaleafdata/train/cmd/train-cmd-2329.jpg,3
/var/scratch/adam/cassava-raw/cassavaleafdata/train/cmd/train-cmd-233.jpg,3
/var/scratch/adam/cassava-raw/cassavaleafdata/train/cmd/train-cmd-2330.jpg,3
/var/scratch/adam/cassava-raw/cassavaleafdata/train/cmd/train-cmd-2331.jpg,3
/var/scratch/adam/cassava-raw/cassavaleafdata/train/cmd/train-cmd-2332.jpg,3
/var/scratch/adam/cassava-raw/cassavaleafdata/train/cmd/train-cmd-2333.jpg,3
/var/scratch/adam/cassava-raw/cassavaleafdata/train/cmd/train-cmd-2334.jpg,3
/var/scratch/adam/cassava-raw/cassavaleafdata/train/cmd/train-cmd-2335.jpg,3
/var/scratch/adam/cassava-raw/cassavaleafdata/train/cmd/train-cmd-2336.jpg,3
/var/scratch/adam/cassava-raw/cassavaleafdata/train/cmd/train-cmd-2337.jpg,3
/var/scratch/adam/cassava-raw/cassavaleafdata/train/cmd/train-cmd-2338.jpg,3
/var/scratch/adam/cassava-raw/cassavaleafdata/train/cmd/train-cmd-2339.jpg,3
/var/scratch/adam/cassava-raw/cassavaleafdata/train/cmd/train-cmd-234.jpg,3
/var/scratch/adam/cassava-raw/cassavaleafdata/train/cmd/train-cmd-2340.jpg,3
/var/scratch/adam/cassava-raw/cassavaleafdata/train/cmd/train-cmd-2341.jpg,3
/var/scratch/adam/cassava-raw/cassavaleafdata/train/cmd/train-cmd-2342.jpg,3
/var/scratch/adam/cassava-raw/cassavaleafdata/train/cmd/train-cmd-2343.jpg,3
/var/scratch/adam/cassava-raw/cassavaleafdata/train/cmd/train-cmd-2344.jpg,3
/var/scratch/adam/cassava-raw/cassavaleafdata/train/cmd/train-cmd-2345.jpg,3
/var/scratch/adam/cassava-raw/cassavaleafdata/train/cmd/train-cmd-2346.jpg,3
/var/scratch/adam/cassava-raw/cassavaleafdata/train/cmd/train-cmd-2347.jpg,3
/var/scratch/adam/cassava-raw/cassavaleafdata/train/cmd/train-cmd-2348.jpg,3
/var/scratch/adam/cassava-raw/cassavaleafdata/train/cmd/train-cmd-2349.jpg,3
/var/scratch/adam/cassava-raw/cassavaleafdata/train/cmd/train-cmd-235.jpg,3
/var/scratch/adam/cassava-raw/cassavaleafdata/train/cmd/train-cmd-2350.jpg,3
/var/scratch/adam/cassava-raw/cassavaleafdata/train/cmd/train-cmd-2351.jpg,3
/var/scratch/adam/cassava-raw/cassavaleafdata/train/cmd/train-cmd-2352.jpg,3
/var/scratch/adam/cassava-raw/cassavaleafdata/train/cmd/train-cmd-2353.jpg,3
/var/scratch/adam/cassava-raw/cassavaleafdata/train/cmd/train-cmd-2354.jpg,3
/var/scratch/adam/cassava-raw/cassavaleafdata/train/cmd/train-cmd-2355.jpg,3
/var/scratch/adam/cassava-raw/cassavaleafdata/train/cmd/train-cmd-2356.jpg,3
/var/scratch/adam/cassava-raw/cassavaleafdata/train/cmd/train-cmd-2357.jpg,3
/var/scratch/adam/cassava-raw/cassavaleafdata/train/cmd/train-cmd-2358.jpg,3
/var/scratch/adam/cassava-raw/cassavaleafdata/train/cmd/train-cmd-2359.jpg,3
/var/scratch/adam/cassava-raw/cassavaleafdata/train/cmd/train-cmd-236.jpg,3
/var/scratch/adam/cassava-raw/cassavaleafdata/train/cmd/train-cmd-2360.jpg,3
/var/scratch/adam/cassava-raw/cassavaleafdata/train/cmd/train-cmd-2361.jpg,3
/var/scratch/adam/cassava-raw/cassavaleafdata/train/cmd/train-cmd-2362.jpg,3
/var/scratch/adam/cassava-raw/cassavaleafdata/train/cmd/train-cmd-2363.jpg,3
/var/scratch/adam/cassava-raw/cassavaleafdata/train/cmd/train-cmd-2364.jpg,3
/var/scratch/adam/cassava-raw/cassavaleafdata/train/cmd/train-cmd-2365.jpg,3
/var/scratch/adam/cassava-raw/cassavaleafdata/train/cmd/train-cmd-2366.jpg,3
/var/scratch/adam/cassava-raw/cassavaleafdata/train/cmd/train-cmd-2367.jpg,3
/var/scratch/adam/cassava-raw/cassavaleafdata/train/cmd/train-cmd-2368.jpg,3
/var/scratch/adam/cassava-raw/cassavaleafdata/train/cmd/train-cmd-2369.jpg,3
/var/scratch/adam/cassava-raw/cassavaleafdata/train/cmd/train-cmd-237.jpg,3
/var/scratch/adam/cassava-raw/cassavaleafdata/train/cmd/train-cmd-2370.jpg,3
/var/scratch/adam/cassava-raw/cassavaleafdata/train/cmd/train-cmd-2371.jpg,3
/var/scratch/adam/cassava-raw/cassavaleafdata/train/cmd/train-cmd-2372.jpg,3
/var/scratch/adam/cassava-raw/cassavaleafdata/train/cmd/train-cmd-2373.jpg,3
/var/scratch/adam/cassava-raw/cassavaleafdata/train/cmd/train-cmd-2374.jpg,3
/var/scratch/adam/cassava-raw/cassavaleafdata/train/cmd/train-cmd-2375.jpg,3
/var/scratch/adam/cassava-raw/cassavaleafdata/train/cmd/train-cmd-2376.jpg,3
/var/scratch/adam/cassava-raw/cassavaleafdata/train/cmd/train-cmd-2377.jpg,3
/var/scratch/adam/cassava-raw/cassavaleafdata/train/cmd/train-cmd-2378.jpg,3
/var/scratch/adam/cassava-raw/cassavaleafdata/train/cmd/train-cmd-2379.jpg,3
/var/scratch/adam/cassava-raw/cassavaleafdata/train/cmd/train-cmd-238.jpg,3
/var/scratch/adam/cassava-raw/cassavaleafdata/train/cmd/train-cmd-2380.jpg,3
/var/scratch/adam/cassava-raw/cassavaleafdata/train/cmd/train-cmd-2381.jpg,3
/var/scratch/adam/cassava-raw/cassavaleafdata/train/cmd/train-cmd-2382.jpg,3
/var/scratch/adam/cassava-raw/cassavaleafdata/train/cmd/train-cmd-2383.jpg,3
/var/scratch/adam/cassava-raw/cassavaleafdata/train/cmd/train-cmd-2384.jpg,3
/var/scratch/adam/cassava-raw/cassavaleafdata/train/cmd/train-cmd-2385.jpg,3
/var/scratch/adam/cassava-raw/cassavaleafdata/train/cmd/train-cmd-2386.jpg,3
/var/scratch/adam/cassava-raw/cassavaleafdata/train/cmd/train-cmd-2387.jpg,3
/var/scratch/adam/cassava-raw/cassavaleafdata/train/cmd/train-cmd-2388.jpg,3
/var/scratch/adam/cassava-raw/cassavaleafdata/train/cmd/train-cmd-2389.jpg,3
/var/scratch/adam/cassava-raw/cassavaleafdata/train/cmd/train-cmd-239.jpg,3
/var/scratch/adam/cassava-raw/cassavaleafdata/train/cmd/train-cmd-2390.jpg,3
/var/scratch/adam/cassava-raw/cassavaleafdata/train/cmd/train-cmd-2391.jpg,3
/var/scratch/adam/cassava-raw/cassavaleafdata/train/cmd/train-cmd-2392.jpg,3
/var/scratch/adam/cassava-raw/cassavaleafdata/train/cmd/train-cmd-2393.jpg,3
/var/scratch/adam/cassava-raw/cassavaleafdata/train/cmd/train-cmd-2394.jpg,3
/var/scratch/adam/cassava-raw/cassavaleafdata/train/cmd/train-cmd-2395.jpg,3
/var/scratch/adam/cassava-raw/cassavaleafdata/train/cmd/train-cmd-2396.jpg,3
/var/scratch/adam/cassava-raw/cassavaleafdata/train/cmd/train-cmd-2397.jpg,3
/var/scratch/adam/cassava-raw/cassavaleafdata/train/cmd/train-cmd-2398.jpg,3
/var/scratch/adam/cassava-raw/cassavaleafdata/train/cmd/train-cmd-2399.jpg,3
/var/scratch/adam/cassava-raw/cassavaleafdata/train/cmd/train-cmd-24.jpg,3
/var/scratch/adam/cassava-raw/cassavaleafdata/train/cmd/train-cmd-240.jpg,3
/var/scratch/adam/cassava-raw/cassavaleafdata/train/cmd/train-cmd-2400.jpg,3
/var/scratch/adam/cassava-raw/cassavaleafdata/train/cmd/train-cmd-2401.jpg,3
/var/scratch/adam/cassava-raw/cassavaleafdata/train/cmd/train-cmd-2402.jpg,3
/var/scratch/adam/cassava-raw/cassavaleafdata/train/cmd/train-cmd-2403.jpg,3
/var/scratch/adam/cassava-raw/cassavaleafdata/train/cmd/train-cmd-2404.jpg,3
/var/scratch/adam/cassava-raw/cassavaleafdata/train/cmd/train-cmd-2405.jpg,3
/var/scratch/adam/cassava-raw/cassavaleafdata/train/cmd/train-cmd-2406.jpg,3
/var/scratch/adam/cassava-raw/cassavaleafdata/train/cmd/train-cmd-2407.jpg,3
/var/scratch/adam/cassava-raw/cassavaleafdata/train/cmd/train-cmd-2408.jpg,3
/var/scratch/adam/cassava-raw/cassavaleafdata/train/cmd/train-cmd-2409.jpg,3
/var/scratch/adam/cassava-raw/cassavaleafdata/train/cmd/train-cmd-241.jpg,3
/var/scratch/adam/cassava-raw/cassavaleafdata/train/cmd/train-cmd-2410.jpg,3
/var/scratch/adam/cassava-raw/cassavaleafdata/train/cmd/train-cmd-2411.jpg,3
/var/scratch/adam/cassava-raw/cassavaleafdata/train/cmd/train-cmd-2412.jpg,3
/var/scratch/adam/cassava-raw/cassavaleafdata/train/cmd/train-cmd-2413.jpg,3
/var/scratch/adam/cassava-raw/cassavaleafdata/train/cmd/train-cmd-2414.jpg,3
/var/scratch/adam/cassava-raw/cassavaleafdata/train/cmd/train-cmd-2415.jpg,3
/var/scratch/adam/cassava-raw/cassavaleafdata/train/cmd/train-cmd-2416.jpg,3
/var/scratch/adam/cassava-raw/cassavaleafdata/train/cmd/train-cmd-2417.jpg,3
/var/scratch/adam/cassava-raw/cassavaleafdata/train/cmd/train-cmd-2418.jpg,3
/var/scratch/adam/cassava-raw/cassavaleafdata/train/cmd/train-cmd-2419.jpg,3
/var/scratch/adam/cassava-raw/cassavaleafdata/train/cmd/train-cmd-242.jpg,3
/var/scratch/adam/cassava-raw/cassavaleafdata/train/cmd/train-cmd-2420.jpg,3
/var/scratch/adam/cassava-raw/cassavaleafdata/train/cmd/train-cmd-2421.jpg,3
/var/scratch/adam/cassava-raw/cassavaleafdata/train/cmd/train-cmd-2422.jpg,3
/var/scratch/adam/cassava-raw/cassavaleafdata/train/cmd/train-cmd-2423.jpg,3
/var/scratch/adam/cassava-raw/cassavaleafdata/train/cmd/train-cmd-2424.jpg,3
/var/scratch/adam/cassava-raw/cassavaleafdata/train/cmd/train-cmd-2425.jpg,3
/var/scratch/adam/cassava-raw/cassavaleafdata/train/cmd/train-cmd-2426.jpg,3
/var/scratch/adam/cassava-raw/cassavaleafdata/train/cmd/train-cmd-2427.jpg,3
/var/scratch/adam/cassava-raw/cassavaleafdata/train/cmd/train-cmd-2428.jpg,3
/var/scratch/adam/cassava-raw/cassavaleafdata/train/cmd/train-cmd-2429.jpg,3
/var/scratch/adam/cassava-raw/cassavaleafdata/train/cmd/train-cmd-243.jpg,3
/var/scratch/adam/cassava-raw/cassavaleafdata/train/cmd/train-cmd-2430.jpg,3
/var/scratch/adam/cassava-raw/cassavaleafdata/train/cmd/train-cmd-2431.jpg,3
/var/scratch/adam/cassava-raw/cassavaleafdata/train/cmd/train-cmd-2432.jpg,3
/var/scratch/adam/cassava-raw/cassavaleafdata/train/cmd/train-cmd-2433.jpg,3
/var/scratch/adam/cassava-raw/cassavaleafdata/train/cmd/train-cmd-2434.jpg,3
/var/scratch/adam/cassava-raw/cassavaleafdata/train/cmd/train-cmd-2435.jpg,3
/var/scratch/adam/cassava-raw/cassavaleafdata/train/cmd/train-cmd-2436.jpg,3
/var/scratch/adam/cassava-raw/cassavaleafdata/train/cmd/train-cmd-2437.jpg,3
/var/scratch/adam/cassava-raw/cassavaleafdata/train/cmd/train-cmd-2438.jpg,3
/var/scratch/adam/cassava-raw/cassavaleafdata/train/cmd/train-cmd-2439.jpg,3
/var/scratch/adam/cassava-raw/cassavaleafdata/train/cmd/train-cmd-244.jpg,3
/var/scratch/adam/cassava-raw/cassavaleafdata/train/cmd/train-cmd-2440.jpg,3
/var/scratch/adam/cassava-raw/cassavaleafdata/train/cmd/train-cmd-2441.jpg,3
/var/scratch/adam/cassava-raw/cassavaleafdata/train/cmd/train-cmd-2442.jpg,3
/var/scratch/adam/cassava-raw/cassavaleafdata/train/cmd/train-cmd-2443.jpg,3
/var/scratch/adam/cassava-raw/cassavaleafdata/train/cmd/train-cmd-2444.jpg,3
/var/scratch/adam/cassava-raw/cassavaleafdata/train/cmd/train-cmd-2445.jpg,3
/var/scratch/adam/cassava-raw/cassavaleafdata/train/cmd/train-cmd-2446.jpg,3
/var/scratch/adam/cassava-raw/cassavaleafdata/train/cmd/train-cmd-2447.jpg,3
/var/scratch/adam/cassava-raw/cassavaleafdata/train/cmd/train-cmd-2448.jpg,3
/var/scratch/adam/cassava-raw/cassavaleafdata/train/cmd/train-cmd-2449.jpg,3
/var/scratch/adam/cassava-raw/cassavaleafdata/train/cmd/train-cmd-245.jpg,3
/var/scratch/adam/cassava-raw/cassavaleafdata/train/cmd/train-cmd-2450.jpg,3
/var/scratch/adam/cassava-raw/cassavaleafdata/train/cmd/train-cmd-2451.jpg,3
/var/scratch/adam/cassava-raw/cassavaleafdata/train/cmd/train-cmd-2452.jpg,3
/var/scratch/adam/cassava-raw/cassavaleafdata/train/cmd/train-cmd-2453.jpg,3
/var/scratch/adam/cassava-raw/cassavaleafdata/train/cmd/train-cmd-2454.jpg,3
/var/scratch/adam/cassava-raw/cassavaleafdata/train/cmd/train-cmd-2455.jpg,3
/var/scratch/adam/cassava-raw/cassavaleafdata/train/cmd/train-cmd-2456.jpg,3
/var/scratch/adam/cassava-raw/cassavaleafdata/train/cmd/train-cmd-2457.jpg,3
/var/scratch/adam/cassava-raw/cassavaleafdata/train/cmd/train-cmd-2458.jpg,3
/var/scratch/adam/cassava-raw/cassavaleafdata/train/cmd/train-cmd-2459.jpg,3
/var/scratch/adam/cassava-raw/cassavaleafdata/train/cmd/train-cmd-246.jpg,3
/var/scratch/adam/cassava-raw/cassavaleafdata/train/cmd/train-cmd-2460.jpg,3
/var/scratch/adam/cassava-raw/cassavaleafdata/train/cmd/train-cmd-2461.jpg,3
/var/scratch/adam/cassava-raw/cassavaleafdata/train/cmd/train-cmd-2462.jpg,3
/var/scratch/adam/cassava-raw/cassavaleafdata/train/cmd/train-cmd-2463.jpg,3
/var/scratch/adam/cassava-raw/cassavaleafdata/train/cmd/train-cmd-2464.jpg,3
/var/scratch/adam/cassava-raw/cassavaleafdata/train/cmd/train-cmd-2465.jpg,3
/var/scratch/adam/cassava-raw/cassavaleafdata/train/cmd/train-cmd-2466.jpg,3
/var/scratch/adam/cassava-raw/cassavaleafdata/train/cmd/train-cmd-2467.jpg,3
/var/scratch/adam/cassava-raw/cassavaleafdata/train/cmd/train-cmd-2468.jpg,3
/var/scratch/adam/cassava-raw/cassavaleafdata/train/cmd/train-cmd-2469.jpg,3
/var/scratch/adam/cassava-raw/cassavaleafdata/train/cmd/train-cmd-247.jpg,3
/var/scratch/adam/cassava-raw/cassavaleafdata/train/cmd/train-cmd-2470.jpg,3
/var/scratch/adam/cassava-raw/cassavaleafdata/train/cmd/train-cmd-2471.jpg,3
/var/scratch/adam/cassava-raw/cassavaleafdata/train/cmd/train-cmd-2472.jpg,3
/var/scratch/adam/cassava-raw/cassavaleafdata/train/cmd/train-cmd-2473.jpg,3
/var/scratch/adam/cassava-raw/cassavaleafdata/train/cmd/train-cmd-2474.jpg,3
/var/scratch/adam/cassava-raw/cassavaleafdata/train/cmd/train-cmd-2475.jpg,3
/var/scratch/adam/cassava-raw/cassavaleafdata/train/cmd/train-cmd-2476.jpg,3
/var/scratch/adam/cassava-raw/cassavaleafdata/train/cmd/train-cmd-2477.jpg,3
/var/scratch/adam/cassava-raw/cassavaleafdata/train/cmd/train-cmd-2478.jpg,3
/var/scratch/adam/cassava-raw/cassavaleafdata/train/cmd/train-cmd-2479.jpg,3
/var/scratch/adam/cassava-raw/cassavaleafdata/train/cmd/train-cmd-248.jpg,3
/var/scratch/adam/cassava-raw/cassavaleafdata/train/cmd/train-cmd-2480.jpg,3
/var/scratch/adam/cassava-raw/cassavaleafdata/train/cmd/train-cmd-2481.jpg,3
/var/scratch/adam/cassava-raw/cassavaleafdata/train/cmd/train-cmd-2482.jpg,3
/var/scratch/adam/cassava-raw/cassavaleafdata/train/cmd/train-cmd-2483.jpg,3
/var/scratch/adam/cassava-raw/cassavaleafdata/train/cmd/train-cmd-2484.jpg,3
/var/scratch/adam/cassava-raw/cassavaleafdata/train/cmd/train-cmd-2485.jpg,3
/var/scratch/adam/cassava-raw/cassavaleafdata/train/cmd/train-cmd-2486.jpg,3
/var/scratch/adam/cassava-raw/cassavaleafdata/train/cmd/train-cmd-2487.jpg,3
/var/scratch/adam/cassava-raw/cassavaleafdata/train/cmd/train-cmd-2488.jpg,3
/var/scratch/adam/cassava-raw/cassavaleafdata/train/cmd/train-cmd-2489.jpg,3
/var/scratch/adam/cassava-raw/cassavaleafdata/train/cmd/train-cmd-249.jpg,3
/var/scratch/adam/cassava-raw/cassavaleafdata/train/cmd/train-cmd-2490.jpg,3
/var/scratch/adam/cassava-raw/cassavaleafdata/train/cmd/train-cmd-2491.jpg,3
/var/scratch/adam/cassava-raw/cassavaleafdata/train/cmd/train-cmd-2492.jpg,3
/var/scratch/adam/cassava-raw/cassavaleafdata/train/cmd/train-cmd-2493.jpg,3
/var/scratch/adam/cassava-raw/cassavaleafdata/train/cmd/train-cmd-2494.jpg,3
/var/scratch/adam/cassava-raw/cassavaleafdata/train/cmd/train-cmd-2495.jpg,3
/var/scratch/adam/cassava-raw/cassavaleafdata/train/cmd/train-cmd-2496.jpg,3
/var/scratch/adam/cassava-raw/cassavaleafdata/train/cmd/train-cmd-2497.jpg,3
/var/scratch/adam/cassava-raw/cassavaleafdata/train/cmd/train-cmd-2498.jpg,3
/var/scratch/adam/cassava-raw/cassavaleafdata/train/cmd/train-cmd-2499.jpg,3
/var/scratch/adam/cassava-raw/cassavaleafdata/train/cmd/train-cmd-25.jpg,3
/var/scratch/adam/cassava-raw/cassavaleafdata/train/cmd/train-cmd-250.jpg,3
/var/scratch/adam/cassava-raw/cassavaleafdata/train/cmd/train-cmd-2500.jpg,3
/var/scratch/adam/cassava-raw/cassavaleafdata/train/cmd/train-cmd-2501.jpg,3
/var/scratch/adam/cassava-raw/cassavaleafdata/train/cmd/train-cmd-2502.jpg,3
/var/scratch/adam/cassava-raw/cassavaleafdata/train/cmd/train-cmd-2503.jpg,3
/var/scratch/adam/cassava-raw/cassavaleafdata/train/cmd/train-cmd-2504.jpg,3
/var/scratch/adam/cassava-raw/cassavaleafdata/train/cmd/train-cmd-2505.jpg,3
/var/scratch/adam/cassava-raw/cassavaleafdata/train/cmd/train-cmd-2506.jpg,3
/var/scratch/adam/cassava-raw/cassavaleafdata/train/cmd/train-cmd-2507.jpg,3
/var/scratch/adam/cassava-raw/cassavaleafdata/train/cmd/train-cmd-2508.jpg,3
/var/scratch/adam/cassava-raw/cassavaleafdata/train/cmd/train-cmd-2509.jpg,3
/var/scratch/adam/cassava-raw/cassavaleafdata/train/cmd/train-cmd-251.jpg,3
/var/scratch/adam/cassava-raw/cassavaleafdata/train/cmd/train-cmd-2510.jpg,3
/var/scratch/adam/cassava-raw/cassavaleafdata/train/cmd/train-cmd-2511.jpg,3
/var/scratch/adam/cassava-raw/cassavaleafdata/train/cmd/train-cmd-2512.jpg,3
/var/scratch/adam/cassava-raw/cassavaleafdata/train/cmd/train-cmd-2513.jpg,3
/var/scratch/adam/cassava-raw/cassavaleafdata/train/cmd/train-cmd-2514.jpg,3
/var/scratch/adam/cassava-raw/cassavaleafdata/train/cmd/train-cmd-2515.jpg,3
/var/scratch/adam/cassava-raw/cassavaleafdata/train/cmd/train-cmd-2516.jpg,3
/var/scratch/adam/cassava-raw/cassavaleafdata/train/cmd/train-cmd-2517.jpg,3
/var/scratch/adam/cassava-raw/cassavaleafdata/train/cmd/train-cmd-2518.jpg,3
/var/scratch/adam/cassava-raw/cassavaleafdata/train/cmd/train-cmd-2519.jpg,3
/var/scratch/adam/cassava-raw/cassavaleafdata/train/cmd/train-cmd-252.jpg,3
/var/scratch/adam/cassava-raw/cassavaleafdata/train/cmd/train-cmd-2520.jpg,3
/var/scratch/adam/cassava-raw/cassavaleafdata/train/cmd/train-cmd-2521.jpg,3
/var/scratch/adam/cassava-raw/cassavaleafdata/train/cmd/train-cmd-2522.jpg,3
/var/scratch/adam/cassava-raw/cassavaleafdata/train/cmd/train-cmd-2523.jpg,3
/var/scratch/adam/cassava-raw/cassavaleafdata/train/cmd/train-cmd-2524.jpg,3
/var/scratch/adam/cassava-raw/cassavaleafdata/train/cmd/train-cmd-2525.jpg,3
/var/scratch/adam/cassava-raw/cassavaleafdata/train/cmd/train-cmd-2526.jpg,3
/var/scratch/adam/cassava-raw/cassavaleafdata/train/cmd/train-cmd-2527.jpg,3
/var/scratch/adam/cassava-raw/cassavaleafdata/train/cmd/train-cmd-2528.jpg,3
/var/scratch/adam/cassava-raw/cassavaleafdata/train/cmd/train-cmd-2529.jpg,3
/var/scratch/adam/cassava-raw/cassavaleafdata/train/cmd/train-cmd-253.jpg,3
/var/scratch/adam/cassava-raw/cassavaleafdata/train/cmd/train-cmd-2530.jpg,3
/var/scratch/adam/cassava-raw/cassavaleafdata/train/cmd/train-cmd-2531.jpg,3
/var/scratch/adam/cassava-raw/cassavaleafdata/train/cmd/train-cmd-2532.jpg,3
/var/scratch/adam/cassava-raw/cassavaleafdata/train/cmd/train-cmd-2533.jpg,3
/var/scratch/adam/cassava-raw/cassavaleafdata/train/cmd/train-cmd-2534.jpg,3
/var/scratch/adam/cassava-raw/cassavaleafdata/train/cmd/train-cmd-2535.jpg,3
/var/scratch/adam/cassava-raw/cassavaleafdata/train/cmd/train-cmd-2536.jpg,3
/var/scratch/adam/cassava-raw/cassavaleafdata/train/cmd/train-cmd-2537.jpg,3
/var/scratch/adam/cassava-raw/cassavaleafdata/train/cmd/train-cmd-2538.jpg,3
/var/scratch/adam/cassava-raw/cassavaleafdata/train/cmd/train-cmd-2539.jpg,3
/var/scratch/adam/cassava-raw/cassavaleafdata/train/cmd/train-cmd-254.jpg,3
/var/scratch/adam/cassava-raw/cassavaleafdata/train/cmd/train-cmd-2540.jpg,3
/var/scratch/adam/cassava-raw/cassavaleafdata/train/cmd/train-cmd-2541.jpg,3
/var/scratch/adam/cassava-raw/cassavaleafdata/train/cmd/train-cmd-2542.jpg,3
/var/scratch/adam/cassava-raw/cassavaleafdata/train/cmd/train-cmd-2543.jpg,3
/var/scratch/adam/cassava-raw/cassavaleafdata/train/cmd/train-cmd-2544.jpg,3
/var/scratch/adam/cassava-raw/cassavaleafdata/train/cmd/train-cmd-2545.jpg,3
/var/scratch/adam/cassava-raw/cassavaleafdata/train/cmd/train-cmd-2546.jpg,3
/var/scratch/adam/cassava-raw/cassavaleafdata/train/cmd/train-cmd-2547.jpg,3
/var/scratch/adam/cassava-raw/cassavaleafdata/train/cmd/train-cmd-2548.jpg,3
/var/scratch/adam/cassava-raw/cassavaleafdata/train/cmd/train-cmd-2549.jpg,3
/var/scratch/adam/cassava-raw/cassavaleafdata/train/cmd/train-cmd-255.jpg,3
/var/scratch/adam/cassava-raw/cassavaleafdata/train/cmd/train-cmd-2550.jpg,3
/var/scratch/adam/cassava-raw/cassavaleafdata/train/cmd/train-cmd-2551.jpg,3
/var/scratch/adam/cassava-raw/cassavaleafdata/train/cmd/train-cmd-2552.jpg,3
/var/scratch/adam/cassava-raw/cassavaleafdata/train/cmd/train-cmd-2553.jpg,3
/var/scratch/adam/cassava-raw/cassavaleafdata/train/cmd/train-cmd-2554.jpg,3
/var/scratch/adam/cassava-raw/cassavaleafdata/train/cmd/train-cmd-2555.jpg,3
/var/scratch/adam/cassava-raw/cassavaleafdata/train/cmd/train-cmd-2556.jpg,3
/var/scratch/adam/cassava-raw/cassavaleafdata/train/cmd/train-cmd-2557.jpg,3
/var/scratch/adam/cassava-raw/cassavaleafdata/train/cmd/train-cmd-2558.jpg,3
/var/scratch/adam/cassava-raw/cassavaleafdata/train/cmd/train-cmd-2559.jpg,3
/var/scratch/adam/cassava-raw/cassavaleafdata/train/cmd/train-cmd-256.jpg,3
/var/scratch/adam/cassava-raw/cassavaleafdata/train/cmd/train-cmd-2560.jpg,3
/var/scratch/adam/cassava-raw/cassavaleafdata/train/cmd/train-cmd-2561.jpg,3
/var/scratch/adam/cassava-raw/cassavaleafdata/train/cmd/train-cmd-2562.jpg,3
/var/scratch/adam/cassava-raw/cassavaleafdata/train/cmd/train-cmd-2563.jpg,3
/var/scratch/adam/cassava-raw/cassavaleafdata/train/cmd/train-cmd-2564.jpg,3
/var/scratch/adam/cassava-raw/cassavaleafdata/train/cmd/train-cmd-2565.jpg,3
/var/scratch/adam/cassava-raw/cassavaleafdata/train/cmd/train-cmd-2566.jpg,3
/var/scratch/adam/cassava-raw/cassavaleafdata/train/cmd/train-cmd-2567.jpg,3
/var/scratch/adam/cassava-raw/cassavaleafdata/train/cmd/train-cmd-2568.jpg,3
/var/scratch/adam/cassava-raw/cassavaleafdata/train/cmd/train-cmd-2569.jpg,3
/var/scratch/adam/cassava-raw/cassavaleafdata/train/cmd/train-cmd-257.jpg,3
/var/scratch/adam/cassava-raw/cassavaleafdata/train/cmd/train-cmd-2570.jpg,3
/var/scratch/adam/cassava-raw/cassavaleafdata/train/cmd/train-cmd-2571.jpg,3
/var/scratch/adam/cassava-raw/cassavaleafdata/train/cmd/train-cmd-2572.jpg,3
/var/scratch/adam/cassava-raw/cassavaleafdata/train/cmd/train-cmd-2573.jpg,3
/var/scratch/adam/cassava-raw/cassavaleafdata/train/cmd/train-cmd-2574.jpg,3
/var/scratch/adam/cassava-raw/cassavaleafdata/train/cmd/train-cmd-2575.jpg,3
/var/scratch/adam/cassava-raw/cassavaleafdata/train/cmd/train-cmd-2576.jpg,3
/var/scratch/adam/cassava-raw/cassavaleafdata/train/cmd/train-cmd-2577.jpg,3
/var/scratch/adam/cassava-raw/cassavaleafdata/train/cmd/train-cmd-2578.jpg,3
/var/scratch/adam/cassava-raw/cassavaleafdata/train/cmd/train-cmd-2579.jpg,3
/var/scratch/adam/cassava-raw/cassavaleafdata/train/cmd/train-cmd-258.jpg,3
/var/scratch/adam/cassava-raw/cassavaleafdata/train/cmd/train-cmd-2580.jpg,3
/var/scratch/adam/cassava-raw/cassavaleafdata/train/cmd/train-cmd-2581.jpg,3
/var/scratch/adam/cassava-raw/cassavaleafdata/train/cmd/train-cmd-2582.jpg,3
/var/scratch/adam/cassava-raw/cassavaleafdata/train/cmd/train-cmd-2583.jpg,3
/var/scratch/adam/cassava-raw/cassavaleafdata/train/cmd/train-cmd-2584.jpg,3
/var/scratch/adam/cassava-raw/cassavaleafdata/train/cmd/train-cmd-2585.jpg,3
/var/scratch/adam/cassava-raw/cassavaleafdata/train/cmd/train-cmd-2586.jpg,3
/var/scratch/adam/cassava-raw/cassavaleafdata/train/cmd/train-cmd-2587.jpg,3
/var/scratch/adam/cassava-raw/cassavaleafdata/train/cmd/train-cmd-2588.jpg,3
/var/scratch/adam/cassava-raw/cassavaleafdata/train/cmd/train-cmd-2589.jpg,3
/var/scratch/adam/cassava-raw/cassavaleafdata/train/cmd/train-cmd-259.jpg,3
/var/scratch/adam/cassava-raw/cassavaleafdata/train/cmd/train-cmd-2590.jpg,3
/var/scratch/adam/cassava-raw/cassavaleafdata/train/cmd/train-cmd-2591.jpg,3
/var/scratch/adam/cassava-raw/cassavaleafdata/train/cmd/train-cmd-2592.jpg,3
/var/scratch/adam/cassava-raw/cassavaleafdata/train/cmd/train-cmd-2593.jpg,3
/var/scratch/adam/cassava-raw/cassavaleafdata/train/cmd/train-cmd-2594.jpg,3
/var/scratch/adam/cassava-raw/cassavaleafdata/train/cmd/train-cmd-2595.jpg,3
/var/scratch/adam/cassava-raw/cassavaleafdata/train/cmd/train-cmd-2596.jpg,3
/var/scratch/adam/cassava-raw/cassavaleafdata/train/cmd/train-cmd-2597.jpg,3
/var/scratch/adam/cassava-raw/cassavaleafdata/train/cmd/train-cmd-2598.jpg,3
/var/scratch/adam/cassava-raw/cassavaleafdata/train/cmd/train-cmd-2599.jpg,3
/var/scratch/adam/cassava-raw/cassavaleafdata/train/cmd/train-cmd-26.jpg,3
/var/scratch/adam/cassava-raw/cassavaleafdata/train/cmd/train-cmd-260.jpg,3
/var/scratch/adam/cassava-raw/cassavaleafdata/train/cmd/train-cmd-2600.jpg,3
/var/scratch/adam/cassava-raw/cassavaleafdata/train/cmd/train-cmd-2601.jpg,3
/var/scratch/adam/cassava-raw/cassavaleafdata/train/cmd/train-cmd-2602.jpg,3
/var/scratch/adam/cassava-raw/cassavaleafdata/train/cmd/train-cmd-2603.jpg,3
/var/scratch/adam/cassava-raw/cassavaleafdata/train/cmd/train-cmd-2604.jpg,3
/var/scratch/adam/cassava-raw/cassavaleafdata/train/cmd/train-cmd-2605.jpg,3
/var/scratch/adam/cassava-raw/cassavaleafdata/train/cmd/train-cmd-2606.jpg,3
/var/scratch/adam/cassava-raw/cassavaleafdata/train/cmd/train-cmd-2607.jpg,3
/var/scratch/adam/cassava-raw/cassavaleafdata/train/cmd/train-cmd-2608.jpg,3
/var/scratch/adam/cassava-raw/cassavaleafdata/train/cmd/train-cmd-2609.jpg,3
/var/scratch/adam/cassava-raw/cassavaleafdata/train/cmd/train-cmd-261.jpg,3
/var/scratch/adam/cassava-raw/cassavaleafdata/train/cmd/train-cmd-2610.jpg,3
/var/scratch/adam/cassava-raw/cassavaleafdata/train/cmd/train-cmd-2611.jpg,3
/var/scratch/adam/cassava-raw/cassavaleafdata/train/cmd/train-cmd-2612.jpg,3
/var/scratch/adam/cassava-raw/cassavaleafdata/train/cmd/train-cmd-2613.jpg,3
/var/scratch/adam/cassava-raw/cassavaleafdata/train/cmd/train-cmd-2614.jpg,3
/var/scratch/adam/cassava-raw/cassavaleafdata/train/cmd/train-cmd-2615.jpg,3
/var/scratch/adam/cassava-raw/cassavaleafdata/train/cmd/train-cmd-2616.jpg,3
/var/scratch/adam/cassava-raw/cassavaleafdata/train/cmd/train-cmd-2617.jpg,3
/var/scratch/adam/cassava-raw/cassavaleafdata/train/cmd/train-cmd-2618.jpg,3
/var/scratch/adam/cassava-raw/cassavaleafdata/train/cmd/train-cmd-2619.jpg,3
/var/scratch/adam/cassava-raw/cassavaleafdata/train/cmd/train-cmd-262.jpg,3
/var/scratch/adam/cassava-raw/cassavaleafdata/train/cmd/train-cmd-2620.jpg,3
/var/scratch/adam/cassava-raw/cassavaleafdata/train/cmd/train-cmd-2621.jpg,3
/var/scratch/adam/cassava-raw/cassavaleafdata/train/cmd/train-cmd-2622.jpg,3
/var/scratch/adam/cassava-raw/cassavaleafdata/train/cmd/train-cmd-2623.jpg,3
/var/scratch/adam/cassava-raw/cassavaleafdata/train/cmd/train-cmd-2624.jpg,3
/var/scratch/adam/cassava-raw/cassavaleafdata/train/cmd/train-cmd-2625.jpg,3
/var/scratch/adam/cassava-raw/cassavaleafdata/train/cmd/train-cmd-2626.jpg,3
/var/scratch/adam/cassava-raw/cassavaleafdata/train/cmd/train-cmd-2627.jpg,3
/var/scratch/adam/cassava-raw/cassavaleafdata/train/cmd/train-cmd-2628.jpg,3
/var/scratch/adam/cassava-raw/cassavaleafdata/train/cmd/train-cmd-2629.jpg,3
/var/scratch/adam/cassava-raw/cassavaleafdata/train/cmd/train-cmd-263.jpg,3
/var/scratch/adam/cassava-raw/cassavaleafdata/train/cmd/train-cmd-2630.jpg,3
/var/scratch/adam/cassava-raw/cassavaleafdata/train/cmd/train-cmd-2631.jpg,3
/var/scratch/adam/cassava-raw/cassavaleafdata/train/cmd/train-cmd-2632.jpg,3
/var/scratch/adam/cassava-raw/cassavaleafdata/train/cmd/train-cmd-2633.jpg,3
/var/scratch/adam/cassava-raw/cassavaleafdata/train/cmd/train-cmd-2634.jpg,3
/var/scratch/adam/cassava-raw/cassavaleafdata/train/cmd/train-cmd-2635.jpg,3
/var/scratch/adam/cassava-raw/cassavaleafdata/train/cmd/train-cmd-2636.jpg,3
/var/scratch/adam/cassava-raw/cassavaleafdata/train/cmd/train-cmd-2637.jpg,3
/var/scratch/adam/cassava-raw/cassavaleafdata/train/cmd/train-cmd-2638.jpg,3
/var/scratch/adam/cassava-raw/cassavaleafdata/train/cmd/train-cmd-2639.jpg,3
/var/scratch/adam/cassava-raw/cassavaleafdata/train/cmd/train-cmd-264.jpg,3
/var/scratch/adam/cassava-raw/cassavaleafdata/train/cmd/train-cmd-2640.jpg,3
/var/scratch/adam/cassava-raw/cassavaleafdata/train/cmd/train-cmd-2641.jpg,3
/var/scratch/adam/cassava-raw/cassavaleafdata/train/cmd/train-cmd-2642.jpg,3
/var/scratch/adam/cassava-raw/cassavaleafdata/train/cmd/train-cmd-2643.jpg,3
/var/scratch/adam/cassava-raw/cassavaleafdata/train/cmd/train-cmd-2644.jpg,3
/var/scratch/adam/cassava-raw/cassavaleafdata/train/cmd/train-cmd-2645.jpg,3
/var/scratch/adam/cassava-raw/cassavaleafdata/train/cmd/train-cmd-2646.jpg,3
/var/scratch/adam/cassava-raw/cassavaleafdata/train/cmd/train-cmd-2647.jpg,3
/var/scratch/adam/cassava-raw/cassavaleafdata/train/cmd/train-cmd-2648.jpg,3
/var/scratch/adam/cassava-raw/cassavaleafdata/train/cmd/train-cmd-2649.jpg,3
/var/scratch/adam/cassava-raw/cassavaleafdata/train/cmd/train-cmd-265.jpg,3
/var/scratch/adam/cassava-raw/cassavaleafdata/train/cmd/train-cmd-2650.jpg,3
/var/scratch/adam/cassava-raw/cassavaleafdata/train/cmd/train-cmd-2651.jpg,3
/var/scratch/adam/cassava-raw/cassavaleafdata/train/cmd/train-cmd-2652.jpg,3
/var/scratch/adam/cassava-raw/cassavaleafdata/train/cmd/train-cmd-2653.jpg,3
/var/scratch/adam/cassava-raw/cassavaleafdata/train/cmd/train-cmd-2654.jpg,3
/var/scratch/adam/cassava-raw/cassavaleafdata/train/cmd/train-cmd-2655.jpg,3
/var/scratch/adam/cassava-raw/cassavaleafdata/train/cmd/train-cmd-2656.jpg,3
/var/scratch/adam/cassava-raw/cassavaleafdata/train/cmd/train-cmd-2657.jpg,3
/var/scratch/adam/cassava-raw/cassavaleafdata/train/cmd/train-cmd-266.jpg,3
/var/scratch/adam/cassava-raw/cassavaleafdata/train/cmd/train-cmd-267.jpg,3
/var/scratch/adam/cassava-raw/cassavaleafdata/train/cmd/train-cmd-268.jpg,3
/var/scratch/adam/cassava-raw/cassavaleafdata/train/cmd/train-cmd-269.jpg,3
/var/scratch/adam/cassava-raw/cassavaleafdata/train/cmd/train-cmd-27.jpg,3
/var/scratch/adam/cassava-raw/cassavaleafdata/train/cmd/train-cmd-270.jpg,3
/var/scratch/adam/cassava-raw/cassavaleafdata/train/cmd/train-cmd-271.jpg,3
/var/scratch/adam/cassava-raw/cassavaleafdata/train/cmd/train-cmd-272.jpg,3
/var/scratch/adam/cassava-raw/cassavaleafdata/train/cmd/train-cmd-273.jpg,3
/var/scratch/adam/cassava-raw/cassavaleafdata/train/cmd/train-cmd-274.jpg,3
/var/scratch/adam/cassava-raw/cassavaleafdata/train/cmd/train-cmd-275.jpg,3
/var/scratch/adam/cassava-raw/cassavaleafdata/train/cmd/train-cmd-276.jpg,3
/var/scratch/adam/cassava-raw/cassavaleafdata/train/cmd/train-cmd-277.jpg,3
/var/scratch/adam/cassava-raw/cassavaleafdata/train/cmd/train-cmd-278.jpg,3
/var/scratch/adam/cassava-raw/cassavaleafdata/train/cmd/train-cmd-279.jpg,3
/var/scratch/adam/cassava-raw/cassavaleafdata/train/cmd/train-cmd-28.jpg,3
/var/scratch/adam/cassava-raw/cassavaleafdata/train/cmd/train-cmd-280.jpg,3
/var/scratch/adam/cassava-raw/cassavaleafdata/train/cmd/train-cmd-281.jpg,3
/var/scratch/adam/cassava-raw/cassavaleafdata/train/cmd/train-cmd-282.jpg,3
/var/scratch/adam/cassava-raw/cassavaleafdata/train/cmd/train-cmd-283.jpg,3
/var/scratch/adam/cassava-raw/cassavaleafdata/train/cmd/train-cmd-284.jpg,3
/var/scratch/adam/cassava-raw/cassavaleafdata/train/cmd/train-cmd-285.jpg,3
/var/scratch/adam/cassava-raw/cassavaleafdata/train/cmd/train-cmd-286.jpg,3
/var/scratch/adam/cassava-raw/cassavaleafdata/train/cmd/train-cmd-287.jpg,3
/var/scratch/adam/cassava-raw/cassavaleafdata/train/cmd/train-cmd-288.jpg,3
/var/scratch/adam/cassava-raw/cassavaleafdata/train/cmd/train-cmd-289.jpg,3
/var/scratch/adam/cassava-raw/cassavaleafdata/train/cmd/train-cmd-29.jpg,3
/var/scratch/adam/cassava-raw/cassavaleafdata/train/cmd/train-cmd-290.jpg,3
/var/scratch/adam/cassava-raw/cassavaleafdata/train/cmd/train-cmd-291.jpg,3
/var/scratch/adam/cassava-raw/cassavaleafdata/train/cmd/train-cmd-292.jpg,3
/var/scratch/adam/cassava-raw/cassavaleafdata/train/cmd/train-cmd-293.jpg,3
/var/scratch/adam/cassava-raw/cassavaleafdata/train/cmd/train-cmd-294.jpg,3
/var/scratch/adam/cassava-raw/cassavaleafdata/train/cmd/train-cmd-295.jpg,3
/var/scratch/adam/cassava-raw/cassavaleafdata/train/cmd/train-cmd-296.jpg,3
/var/scratch/adam/cassava-raw/cassavaleafdata/train/cmd/train-cmd-297.jpg,3
/var/scratch/adam/cassava-raw/cassavaleafdata/train/cmd/train-cmd-298.jpg,3
/var/scratch/adam/cassava-raw/cassavaleafdata/train/cmd/train-cmd-299.jpg,3
/var/scratch/adam/cassava-raw/cassavaleafdata/train/cmd/train-cmd-3.jpg,3
/var/scratch/adam/cassava-raw/cassavaleafdata/train/cmd/train-cmd-30.jpg,3
/var/scratch/adam/cassava-raw/cassavaleafdata/train/cmd/train-cmd-300.jpg,3
/var/scratch/adam/cassava-raw/cassavaleafdata/train/cmd/train-cmd-301.jpg,3
/var/scratch/adam/cassava-raw/cassavaleafdata/train/cmd/train-cmd-302.jpg,3
/var/scratch/adam/cassava-raw/cassavaleafdata/train/cmd/train-cmd-303.jpg,3
/var/scratch/adam/cassava-raw/cassavaleafdata/train/cmd/train-cmd-304.jpg,3
/var/scratch/adam/cassava-raw/cassavaleafdata/train/cmd/train-cmd-305.jpg,3
/var/scratch/adam/cassava-raw/cassavaleafdata/train/cmd/train-cmd-306.jpg,3
/var/scratch/adam/cassava-raw/cassavaleafdata/train/cmd/train-cmd-307.jpg,3
/var/scratch/adam/cassava-raw/cassavaleafdata/train/cmd/train-cmd-308.jpg,3
/var/scratch/adam/cassava-raw/cassavaleafdata/train/cmd/train-cmd-309.jpg,3
/var/scratch/adam/cassava-raw/cassavaleafdata/train/cmd/train-cmd-31.jpg,3
/var/scratch/adam/cassava-raw/cassavaleafdata/train/cmd/train-cmd-310.jpg,3
/var/scratch/adam/cassava-raw/cassavaleafdata/train/cmd/train-cmd-311.jpg,3
/var/scratch/adam/cassava-raw/cassavaleafdata/train/cmd/train-cmd-312.jpg,3
/var/scratch/adam/cassava-raw/cassavaleafdata/train/cmd/train-cmd-313.jpg,3
/var/scratch/adam/cassava-raw/cassavaleafdata/train/cmd/train-cmd-314.jpg,3
/var/scratch/adam/cassava-raw/cassavaleafdata/train/cmd/train-cmd-315.jpg,3
/var/scratch/adam/cassava-raw/cassavaleafdata/train/cmd/train-cmd-316.jpg,3
/var/scratch/adam/cassava-raw/cassavaleafdata/train/cmd/train-cmd-317.jpg,3
/var/scratch/adam/cassava-raw/cassavaleafdata/train/cmd/train-cmd-318.jpg,3
/var/scratch/adam/cassava-raw/cassavaleafdata/train/cmd/train-cmd-319.jpg,3
/var/scratch/adam/cassava-raw/cassavaleafdata/train/cmd/train-cmd-32.jpg,3
/var/scratch/adam/cassava-raw/cassavaleafdata/train/cmd/train-cmd-320.jpg,3
/var/scratch/adam/cassava-raw/cassavaleafdata/train/cmd/train-cmd-321.jpg,3
/var/scratch/adam/cassava-raw/cassavaleafdata/train/cmd/train-cmd-322.jpg,3
/var/scratch/adam/cassava-raw/cassavaleafdata/train/cmd/train-cmd-323.jpg,3
/var/scratch/adam/cassava-raw/cassavaleafdata/train/cmd/train-cmd-324.jpg,3
/var/scratch/adam/cassava-raw/cassavaleafdata/train/cmd/train-cmd-325.jpg,3
/var/scratch/adam/cassava-raw/cassavaleafdata/train/cmd/train-cmd-326.jpg,3
/var/scratch/adam/cassava-raw/cassavaleafdata/train/cmd/train-cmd-327.jpg,3
/var/scratch/adam/cassava-raw/cassavaleafdata/train/cmd/train-cmd-328.jpg,3
/var/scratch/adam/cassava-raw/cassavaleafdata/train/cmd/train-cmd-329.jpg,3
/var/scratch/adam/cassava-raw/cassavaleafdata/train/cmd/train-cmd-33.jpg,3
/var/scratch/adam/cassava-raw/cassavaleafdata/train/cmd/train-cmd-330.jpg,3
/var/scratch/adam/cassava-raw/cassavaleafdata/train/cmd/train-cmd-331.jpg,3
/var/scratch/adam/cassava-raw/cassavaleafdata/train/cmd/train-cmd-332.jpg,3
/var/scratch/adam/cassava-raw/cassavaleafdata/train/cmd/train-cmd-333.jpg,3
/var/scratch/adam/cassava-raw/cassavaleafdata/train/cmd/train-cmd-334.jpg,3
/var/scratch/adam/cassava-raw/cassavaleafdata/train/cmd/train-cmd-335.jpg,3
/var/scratch/adam/cassava-raw/cassavaleafdata/train/cmd/train-cmd-336.jpg,3
/var/scratch/adam/cassava-raw/cassavaleafdata/train/cmd/train-cmd-337.jpg,3
/var/scratch/adam/cassava-raw/cassavaleafdata/train/cmd/train-cmd-338.jpg,3
/var/scratch/adam/cassava-raw/cassavaleafdata/train/cmd/train-cmd-339.jpg,3
/var/scratch/adam/cassava-raw/cassavaleafdata/train/cmd/train-cmd-34.jpg,3
/var/scratch/adam/cassava-raw/cassavaleafdata/train/cmd/train-cmd-340.jpg,3
/var/scratch/adam/cassava-raw/cassavaleafdata/train/cmd/train-cmd-341.jpg,3
/var/scratch/adam/cassava-raw/cassavaleafdata/train/cmd/train-cmd-342.jpg,3
/var/scratch/adam/cassava-raw/cassavaleafdata/train/cmd/train-cmd-343.jpg,3
/var/scratch/adam/cassava-raw/cassavaleafdata/train/cmd/train-cmd-344.jpg,3
/var/scratch/adam/cassava-raw/cassavaleafdata/train/cmd/train-cmd-345.jpg,3
/var/scratch/adam/cassava-raw/cassavaleafdata/train/cmd/train-cmd-346.jpg,3
/var/scratch/adam/cassava-raw/cassavaleafdata/train/cmd/train-cmd-347.jpg,3
/var/scratch/adam/cassava-raw/cassavaleafdata/train/cmd/train-cmd-348.jpg,3
/var/scratch/adam/cassava-raw/cassavaleafdata/train/cmd/train-cmd-349.jpg,3
/var/scratch/adam/cassava-raw/cassavaleafdata/train/cmd/train-cmd-35.jpg,3
/var/scratch/adam/cassava-raw/cassavaleafdata/train/cmd/train-cmd-350.jpg,3
/var/scratch/adam/cassava-raw/cassavaleafdata/train/cmd/train-cmd-351.jpg,3
/var/scratch/adam/cassava-raw/cassavaleafdata/train/cmd/train-cmd-352.jpg,3
/var/scratch/adam/cassava-raw/cassavaleafdata/train/cmd/train-cmd-353.jpg,3
/var/scratch/adam/cassava-raw/cassavaleafdata/train/cmd/train-cmd-354.jpg,3
/var/scratch/adam/cassava-raw/cassavaleafdata/train/cmd/train-cmd-355.jpg,3
/var/scratch/adam/cassava-raw/cassavaleafdata/train/cmd/train-cmd-356.jpg,3
/var/scratch/adam/cassava-raw/cassavaleafdata/train/cmd/train-cmd-357.jpg,3
/var/scratch/adam/cassava-raw/cassavaleafdata/train/cmd/train-cmd-358.jpg,3
/var/scratch/adam/cassava-raw/cassavaleafdata/train/cmd/train-cmd-359.jpg,3
/var/scratch/adam/cassava-raw/cassavaleafdata/train/cmd/train-cmd-36.jpg,3
/var/scratch/adam/cassava-raw/cassavaleafdata/train/cmd/train-cmd-360.jpg,3
/var/scratch/adam/cassava-raw/cassavaleafdata/train/cmd/train-cmd-361.jpg,3
/var/scratch/adam/cassava-raw/cassavaleafdata/train/cmd/train-cmd-362.jpg,3
/var/scratch/adam/cassava-raw/cassavaleafdata/train/cmd/train-cmd-363.jpg,3
/var/scratch/adam/cassava-raw/cassavaleafdata/train/cmd/train-cmd-364.jpg,3
/var/scratch/adam/cassava-raw/cassavaleafdata/train/cmd/train-cmd-365.jpg,3
/var/scratch/adam/cassava-raw/cassavaleafdata/train/cmd/train-cmd-366.jpg,3
/var/scratch/adam/cassava-raw/cassavaleafdata/train/cmd/train-cmd-367.jpg,3
/var/scratch/adam/cassava-raw/cassavaleafdata/train/cmd/train-cmd-368.jpg,3
/var/scratch/adam/cassava-raw/cassavaleafdata/train/cmd/train-cmd-369.jpg,3
/var/scratch/adam/cassava-raw/cassavaleafdata/train/cmd/train-cmd-37.jpg,3
/var/scratch/adam/cassava-raw/cassavaleafdata/train/cmd/train-cmd-370.jpg,3
/var/scratch/adam/cassava-raw/cassavaleafdata/train/cmd/train-cmd-371.jpg,3
/var/scratch/adam/cassava-raw/cassavaleafdata/train/cmd/train-cmd-372.jpg,3
/var/scratch/adam/cassava-raw/cassavaleafdata/train/cmd/train-cmd-373.jpg,3
/var/scratch/adam/cassava-raw/cassavaleafdata/train/cmd/train-cmd-374.jpg,3
/var/scratch/adam/cassava-raw/cassavaleafdata/train/cmd/train-cmd-375.jpg,3
/var/scratch/adam/cassava-raw/cassavaleafdata/train/cmd/train-cmd-376.jpg,3
/var/scratch/adam/cassava-raw/cassavaleafdata/train/cmd/train-cmd-377.jpg,3
/var/scratch/adam/cassava-raw/cassavaleafdata/train/cmd/train-cmd-378.jpg,3
/var/scratch/adam/cassava-raw/cassavaleafdata/train/cmd/train-cmd-379.jpg,3
/var/scratch/adam/cassava-raw/cassavaleafdata/train/cmd/train-cmd-38.jpg,3
/var/scratch/adam/cassava-raw/cassavaleafdata/train/cmd/train-cmd-380.jpg,3
/var/scratch/adam/cassava-raw/cassavaleafdata/train/cmd/train-cmd-381.jpg,3
/var/scratch/adam/cassava-raw/cassavaleafdata/train/cmd/train-cmd-382.jpg,3
/var/scratch/adam/cassava-raw/cassavaleafdata/train/cmd/train-cmd-383.jpg,3
/var/scratch/adam/cassava-raw/cassavaleafdata/train/cmd/train-cmd-384.jpg,3
/var/scratch/adam/cassava-raw/cassavaleafdata/train/cmd/train-cmd-385.jpg,3
/var/scratch/adam/cassava-raw/cassavaleafdata/train/cmd/train-cmd-386.jpg,3
/var/scratch/adam/cassava-raw/cassavaleafdata/train/cmd/train-cmd-387.jpg,3
/var/scratch/adam/cassava-raw/cassavaleafdata/train/cmd/train-cmd-388.jpg,3
/var/scratch/adam/cassava-raw/cassavaleafdata/train/cmd/train-cmd-389.jpg,3
/var/scratch/adam/cassava-raw/cassavaleafdata/train/cmd/train-cmd-39.jpg,3
/var/scratch/adam/cassava-raw/cassavaleafdata/train/cmd/train-cmd-390.jpg,3
/var/scratch/adam/cassava-raw/cassavaleafdata/train/cmd/train-cmd-391.jpg,3
/var/scratch/adam/cassava-raw/cassavaleafdata/train/cmd/train-cmd-392.jpg,3
/var/scratch/adam/cassava-raw/cassavaleafdata/train/cmd/train-cmd-393.jpg,3
/var/scratch/adam/cassava-raw/cassavaleafdata/train/cmd/train-cmd-394.jpg,3
/var/scratch/adam/cassava-raw/cassavaleafdata/train/cmd/train-cmd-395.jpg,3
/var/scratch/adam/cassava-raw/cassavaleafdata/train/cmd/train-cmd-396.jpg,3
/var/scratch/adam/cassava-raw/cassavaleafdata/train/cmd/train-cmd-397.jpg,3
/var/scratch/adam/cassava-raw/cassavaleafdata/train/cmd/train-cmd-398.jpg,3
/var/scratch/adam/cassava-raw/cassavaleafdata/train/cmd/train-cmd-399.jpg,3
/var/scratch/adam/cassava-raw/cassavaleafdata/train/cmd/train-cmd-4.jpg,3
/var/scratch/adam/cassava-raw/cassavaleafdata/train/cmd/train-cmd-40.jpg,3
/var/scratch/adam/cassava-raw/cassavaleafdata/train/cmd/train-cmd-400.jpg,3
/var/scratch/adam/cassava-raw/cassavaleafdata/train/cmd/train-cmd-401.jpg,3
/var/scratch/adam/cassava-raw/cassavaleafdata/train/cmd/train-cmd-402.jpg,3
/var/scratch/adam/cassava-raw/cassavaleafdata/train/cmd/train-cmd-403.jpg,3
/var/scratch/adam/cassava-raw/cassavaleafdata/train/cmd/train-cmd-404.jpg,3
/var/scratch/adam/cassava-raw/cassavaleafdata/train/cmd/train-cmd-405.jpg,3
/var/scratch/adam/cassava-raw/cassavaleafdata/train/cmd/train-cmd-406.jpg,3
/var/scratch/adam/cassava-raw/cassavaleafdata/train/cmd/train-cmd-407.jpg,3
/var/scratch/adam/cassava-raw/cassavaleafdata/train/cmd/train-cmd-408.jpg,3
/var/scratch/adam/cassava-raw/cassavaleafdata/train/cmd/train-cmd-409.jpg,3
/var/scratch/adam/cassava-raw/cassavaleafdata/train/cmd/train-cmd-41.jpg,3
/var/scratch/adam/cassava-raw/cassavaleafdata/train/cmd/train-cmd-410.jpg,3
/var/scratch/adam/cassava-raw/cassavaleafdata/train/cmd/train-cmd-411.jpg,3
/var/scratch/adam/cassava-raw/cassavaleafdata/train/cmd/train-cmd-412.jpg,3
/var/scratch/adam/cassava-raw/cassavaleafdata/train/cmd/train-cmd-413.jpg,3
/var/scratch/adam/cassava-raw/cassavaleafdata/train/cmd/train-cmd-414.jpg,3
/var/scratch/adam/cassava-raw/cassavaleafdata/train/cmd/train-cmd-415.jpg,3
/var/scratch/adam/cassava-raw/cassavaleafdata/train/cmd/train-cmd-416.jpg,3
/var/scratch/adam/cassava-raw/cassavaleafdata/train/cmd/train-cmd-417.jpg,3
/var/scratch/adam/cassava-raw/cassavaleafdata/train/cmd/train-cmd-418.jpg,3
/var/scratch/adam/cassava-raw/cassavaleafdata/train/cmd/train-cmd-419.jpg,3
/var/scratch/adam/cassava-raw/cassavaleafdata/train/cmd/train-cmd-42.jpg,3
/var/scratch/adam/cassava-raw/cassavaleafdata/train/cmd/train-cmd-420.jpg,3
/var/scratch/adam/cassava-raw/cassavaleafdata/train/cmd/train-cmd-421.jpg,3
/var/scratch/adam/cassava-raw/cassavaleafdata/train/cmd/train-cmd-422.jpg,3
/var/scratch/adam/cassava-raw/cassavaleafdata/train/cmd/train-cmd-423.jpg,3
/var/scratch/adam/cassava-raw/cassavaleafdata/train/cmd/train-cmd-424.jpg,3
/var/scratch/adam/cassava-raw/cassavaleafdata/train/cmd/train-cmd-425.jpg,3
/var/scratch/adam/cassava-raw/cassavaleafdata/train/cmd/train-cmd-426.jpg,3
/var/scratch/adam/cassava-raw/cassavaleafdata/train/cmd/train-cmd-427.jpg,3
/var/scratch/adam/cassava-raw/cassavaleafdata/train/cmd/train-cmd-428.jpg,3
/var/scratch/adam/cassava-raw/cassavaleafdata/train/cmd/train-cmd-429.jpg,3
/var/scratch/adam/cassava-raw/cassavaleafdata/train/cmd/train-cmd-43.jpg,3
/var/scratch/adam/cassava-raw/cassavaleafdata/train/cmd/train-cmd-430.jpg,3
/var/scratch/adam/cassava-raw/cassavaleafdata/train/cmd/train-cmd-431.jpg,3
/var/scratch/adam/cassava-raw/cassavaleafdata/train/cmd/train-cmd-432.jpg,3
/var/scratch/adam/cassava-raw/cassavaleafdata/train/cmd/train-cmd-433.jpg,3
/var/scratch/adam/cassava-raw/cassavaleafdata/train/cmd/train-cmd-434.jpg,3
/var/scratch/adam/cassava-raw/cassavaleafdata/train/cmd/train-cmd-435.jpg,3
/var/scratch/adam/cassava-raw/cassavaleafdata/train/cmd/train-cmd-436.jpg,3
/var/scratch/adam/cassava-raw/cassavaleafdata/train/cmd/train-cmd-437.jpg,3
/var/scratch/adam/cassava-raw/cassavaleafdata/train/cmd/train-cmd-438.jpg,3
/var/scratch/adam/cassava-raw/cassavaleafdata/train/cmd/train-cmd-439.jpg,3
/var/scratch/adam/cassava-raw/cassavaleafdata/train/cmd/train-cmd-44.jpg,3
/var/scratch/adam/cassava-raw/cassavaleafdata/train/cmd/train-cmd-440.jpg,3
/var/scratch/adam/cassava-raw/cassavaleafdata/train/cmd/train-cmd-441.jpg,3
/var/scratch/adam/cassava-raw/cassavaleafdata/train/cmd/train-cmd-442.jpg,3
/var/scratch/adam/cassava-raw/cassavaleafdata/train/cmd/train-cmd-443.jpg,3
/var/scratch/adam/cassava-raw/cassavaleafdata/train/cmd/train-cmd-444.jpg,3
/var/scratch/adam/cassava-raw/cassavaleafdata/train/cmd/train-cmd-445.jpg,3
/var/scratch/adam/cassava-raw/cassavaleafdata/train/cmd/train-cmd-446.jpg,3
/var/scratch/adam/cassava-raw/cassavaleafdata/train/cmd/train-cmd-447.jpg,3
/var/scratch/adam/cassava-raw/cassavaleafdata/train/cmd/train-cmd-448.jpg,3
/var/scratch/adam/cassava-raw/cassavaleafdata/train/cmd/train-cmd-449.jpg,3
/var/scratch/adam/cassava-raw/cassavaleafdata/train/cmd/train-cmd-45.jpg,3
/var/scratch/adam/cassava-raw/cassavaleafdata/train/cmd/train-cmd-450.jpg,3
/var/scratch/adam/cassava-raw/cassavaleafdata/train/cmd/train-cmd-451.jpg,3
/var/scratch/adam/cassava-raw/cassavaleafdata/train/cmd/train-cmd-452.jpg,3
/var/scratch/adam/cassava-raw/cassavaleafdata/train/cmd/train-cmd-453.jpg,3
/var/scratch/adam/cassava-raw/cassavaleafdata/train/cmd/train-cmd-454.jpg,3
/var/scratch/adam/cassava-raw/cassavaleafdata/train/cmd/train-cmd-455.jpg,3
/var/scratch/adam/cassava-raw/cassavaleafdata/train/cmd/train-cmd-456.jpg,3
/var/scratch/adam/cassava-raw/cassavaleafdata/train/cmd/train-cmd-457.jpg,3
/var/scratch/adam/cassava-raw/cassavaleafdata/train/cmd/train-cmd-458.jpg,3
/var/scratch/adam/cassava-raw/cassavaleafdata/train/cmd/train-cmd-459.jpg,3
/var/scratch/adam/cassava-raw/cassavaleafdata/train/cmd/train-cmd-46.jpg,3
/var/scratch/adam/cassava-raw/cassavaleafdata/train/cmd/train-cmd-460.jpg,3
/var/scratch/adam/cassava-raw/cassavaleafdata/train/cmd/train-cmd-461.jpg,3
/var/scratch/adam/cassava-raw/cassavaleafdata/train/cmd/train-cmd-462.jpg,3
/var/scratch/adam/cassava-raw/cassavaleafdata/train/cmd/train-cmd-463.jpg,3
/var/scratch/adam/cassava-raw/cassavaleafdata/train/cmd/train-cmd-464.jpg,3
/var/scratch/adam/cassava-raw/cassavaleafdata/train/cmd/train-cmd-465.jpg,3
/var/scratch/adam/cassava-raw/cassavaleafdata/train/cmd/train-cmd-466.jpg,3
/var/scratch/adam/cassava-raw/cassavaleafdata/train/cmd/train-cmd-467.jpg,3
/var/scratch/adam/cassava-raw/cassavaleafdata/train/cmd/train-cmd-468.jpg,3
/var/scratch/adam/cassava-raw/cassavaleafdata/train/cmd/train-cmd-469.jpg,3
/var/scratch/adam/cassava-raw/cassavaleafdata/train/cmd/train-cmd-47.jpg,3
/var/scratch/adam/cassava-raw/cassavaleafdata/train/cmd/train-cmd-470.jpg,3
/var/scratch/adam/cassava-raw/cassavaleafdata/train/cmd/train-cmd-471.jpg,3
/var/scratch/adam/cassava-raw/cassavaleafdata/train/cmd/train-cmd-472.jpg,3
/var/scratch/adam/cassava-raw/cassavaleafdata/train/cmd/train-cmd-473.jpg,3
/var/scratch/adam/cassava-raw/cassavaleafdata/train/cmd/train-cmd-474.jpg,3
/var/scratch/adam/cassava-raw/cassavaleafdata/train/cmd/train-cmd-475.jpg,3
/var/scratch/adam/cassava-raw/cassavaleafdata/train/cmd/train-cmd-476.jpg,3
/var/scratch/adam/cassava-raw/cassavaleafdata/train/cmd/train-cmd-477.jpg,3
/var/scratch/adam/cassava-raw/cassavaleafdata/train/cmd/train-cmd-478.jpg,3
/var/scratch/adam/cassava-raw/cassavaleafdata/train/cmd/train-cmd-479.jpg,3
/var/scratch/adam/cassava-raw/cassavaleafdata/train/cmd/train-cmd-48.jpg,3
/var/scratch/adam/cassava-raw/cassavaleafdata/train/cmd/train-cmd-480.jpg,3
/var/scratch/adam/cassava-raw/cassavaleafdata/train/cmd/train-cmd-481.jpg,3
/var/scratch/adam/cassava-raw/cassavaleafdata/train/cmd/train-cmd-482.jpg,3
/var/scratch/adam/cassava-raw/cassavaleafdata/train/cmd/train-cmd-483.jpg,3
/var/scratch/adam/cassava-raw/cassavaleafdata/train/cmd/train-cmd-484.jpg,3
/var/scratch/adam/cassava-raw/cassavaleafdata/train/cmd/train-cmd-485.jpg,3
/var/scratch/adam/cassava-raw/cassavaleafdata/train/cmd/train-cmd-486.jpg,3
/var/scratch/adam/cassava-raw/cassavaleafdata/train/cmd/train-cmd-487.jpg,3
/var/scratch/adam/cassava-raw/cassavaleafdata/train/cmd/train-cmd-488.jpg,3
/var/scratch/adam/cassava-raw/cassavaleafdata/train/cmd/train-cmd-489.jpg,3
/var/scratch/adam/cassava-raw/cassavaleafdata/train/cmd/train-cmd-49.jpg,3
/var/scratch/adam/cassava-raw/cassavaleafdata/train/cmd/train-cmd-490.jpg,3
/var/scratch/adam/cassava-raw/cassavaleafdata/train/cmd/train-cmd-491.jpg,3
/var/scratch/adam/cassava-raw/cassavaleafdata/train/cmd/train-cmd-492.jpg,3
/var/scratch/adam/cassava-raw/cassavaleafdata/train/cmd/train-cmd-493.jpg,3
/var/scratch/adam/cassava-raw/cassavaleafdata/train/cmd/train-cmd-494.jpg,3
/var/scratch/adam/cassava-raw/cassavaleafdata/train/cmd/train-cmd-495.jpg,3
/var/scratch/adam/cassava-raw/cassavaleafdata/train/cmd/train-cmd-496.jpg,3
/var/scratch/adam/cassava-raw/cassavaleafdata/train/cmd/train-cmd-497.jpg,3
/var/scratch/adam/cassava-raw/cassavaleafdata/train/cmd/train-cmd-498.jpg,3
/var/scratch/adam/cassava-raw/cassavaleafdata/train/cmd/train-cmd-499.jpg,3
/var/scratch/adam/cassava-raw/cassavaleafdata/train/cmd/train-cmd-5.jpg,3
/var/scratch/adam/cassava-raw/cassavaleafdata/train/cmd/train-cmd-50.jpg,3
/var/scratch/adam/cassava-raw/cassavaleafdata/train/cmd/train-cmd-500.jpg,3
/var/scratch/adam/cassava-raw/cassavaleafdata/train/cmd/train-cmd-501.jpg,3
/var/scratch/adam/cassava-raw/cassavaleafdata/train/cmd/train-cmd-502.jpg,3
/var/scratch/adam/cassava-raw/cassavaleafdata/train/cmd/train-cmd-503.jpg,3
/var/scratch/adam/cassava-raw/cassavaleafdata/train/cmd/train-cmd-504.jpg,3
/var/scratch/adam/cassava-raw/cassavaleafdata/train/cmd/train-cmd-505.jpg,3
/var/scratch/adam/cassava-raw/cassavaleafdata/train/cmd/train-cmd-506.jpg,3
/var/scratch/adam/cassava-raw/cassavaleafdata/train/cmd/train-cmd-507.jpg,3
/var/scratch/adam/cassava-raw/cassavaleafdata/train/cmd/train-cmd-508.jpg,3
/var/scratch/adam/cassava-raw/cassavaleafdata/train/cmd/train-cmd-509.jpg,3
/var/scratch/adam/cassava-raw/cassavaleafdata/train/cmd/train-cmd-51.jpg,3
/var/scratch/adam/cassava-raw/cassavaleafdata/train/cmd/train-cmd-510.jpg,3
/var/scratch/adam/cassava-raw/cassavaleafdata/train/cmd/train-cmd-511.jpg,3
/var/scratch/adam/cassava-raw/cassavaleafdata/train/cmd/train-cmd-512.jpg,3
/var/scratch/adam/cassava-raw/cassavaleafdata/train/cmd/train-cmd-513.jpg,3
/var/scratch/adam/cassava-raw/cassavaleafdata/train/cmd/train-cmd-514.jpg,3
/var/scratch/adam/cassava-raw/cassavaleafdata/train/cmd/train-cmd-515.jpg,3
/var/scratch/adam/cassava-raw/cassavaleafdata/train/cmd/train-cmd-516.jpg,3
/var/scratch/adam/cassava-raw/cassavaleafdata/train/cmd/train-cmd-517.jpg,3
/var/scratch/adam/cassava-raw/cassavaleafdata/train/cmd/train-cmd-518.jpg,3
/var/scratch/adam/cassava-raw/cassavaleafdata/train/cmd/train-cmd-519.jpg,3
/var/scratch/adam/cassava-raw/cassavaleafdata/train/cmd/train-cmd-52.jpg,3
/var/scratch/adam/cassava-raw/cassavaleafdata/train/cmd/train-cmd-520.jpg,3
/var/scratch/adam/cassava-raw/cassavaleafdata/train/cmd/train-cmd-521.jpg,3
/var/scratch/adam/cassava-raw/cassavaleafdata/train/cmd/train-cmd-522.jpg,3
/var/scratch/adam/cassava-raw/cassavaleafdata/train/cmd/train-cmd-523.jpg,3
/var/scratch/adam/cassava-raw/cassavaleafdata/train/cmd/train-cmd-524.jpg,3
/var/scratch/adam/cassava-raw/cassavaleafdata/train/cmd/train-cmd-525.jpg,3
/var/scratch/adam/cassava-raw/cassavaleafdata/train/cmd/train-cmd-526.jpg,3
/var/scratch/adam/cassava-raw/cassavaleafdata/train/cmd/train-cmd-527.jpg,3
/var/scratch/adam/cassava-raw/cassavaleafdata/train/cmd/train-cmd-528.jpg,3
/var/scratch/adam/cassava-raw/cassavaleafdata/train/cmd/train-cmd-529.jpg,3
/var/scratch/adam/cassava-raw/cassavaleafdata/train/cmd/train-cmd-53.jpg,3
/var/scratch/adam/cassava-raw/cassavaleafdata/train/cmd/train-cmd-530.jpg,3
/var/scratch/adam/cassava-raw/cassavaleafdata/train/cmd/train-cmd-531.jpg,3
/var/scratch/adam/cassava-raw/cassavaleafdata/train/cmd/train-cmd-532.jpg,3
/var/scratch/adam/cassava-raw/cassavaleafdata/train/cmd/train-cmd-533.jpg,3
/var/scratch/adam/cassava-raw/cassavaleafdata/train/cmd/train-cmd-534.jpg,3
/var/scratch/adam/cassava-raw/cassavaleafdata/train/cmd/train-cmd-535.jpg,3
/var/scratch/adam/cassava-raw/cassavaleafdata/train/cmd/train-cmd-536.jpg,3
/var/scratch/adam/cassava-raw/cassavaleafdata/train/cmd/train-cmd-537.jpg,3
/var/scratch/adam/cassava-raw/cassavaleafdata/train/cmd/train-cmd-538.jpg,3
/var/scratch/adam/cassava-raw/cassavaleafdata/train/cmd/train-cmd-539.jpg,3
/var/scratch/adam/cassava-raw/cassavaleafdata/train/cmd/train-cmd-54.jpg,3
/var/scratch/adam/cassava-raw/cassavaleafdata/train/cmd/train-cmd-540.jpg,3
/var/scratch/adam/cassava-raw/cassavaleafdata/train/cmd/train-cmd-541.jpg,3
/var/scratch/adam/cassava-raw/cassavaleafdata/train/cmd/train-cmd-542.jpg,3
/var/scratch/adam/cassava-raw/cassavaleafdata/train/cmd/train-cmd-543.jpg,3
/var/scratch/adam/cassava-raw/cassavaleafdata/train/cmd/train-cmd-544.jpg,3
/var/scratch/adam/cassava-raw/cassavaleafdata/train/cmd/train-cmd-545.jpg,3
/var/scratch/adam/cassava-raw/cassavaleafdata/train/cmd/train-cmd-546.jpg,3
/var/scratch/adam/cassava-raw/cassavaleafdata/train/cmd/train-cmd-547.jpg,3
/var/scratch/adam/cassava-raw/cassavaleafdata/train/cmd/train-cmd-548.jpg,3
/var/scratch/adam/cassava-raw/cassavaleafdata/train/cmd/train-cmd-549.jpg,3
/var/scratch/adam/cassava-raw/cassavaleafdata/train/cmd/train-cmd-55.jpg,3
/var/scratch/adam/cassava-raw/cassavaleafdata/train/cmd/train-cmd-550.jpg,3
/var/scratch/adam/cassava-raw/cassavaleafdata/train/cmd/train-cmd-551.jpg,3
/var/scratch/adam/cassava-raw/cassavaleafdata/train/cmd/train-cmd-552.jpg,3
/var/scratch/adam/cassava-raw/cassavaleafdata/train/cmd/train-cmd-553.jpg,3
/var/scratch/adam/cassava-raw/cassavaleafdata/train/cmd/train-cmd-554.jpg,3
/var/scratch/adam/cassava-raw/cassavaleafdata/train/cmd/train-cmd-555.jpg,3
/var/scratch/adam/cassava-raw/cassavaleafdata/train/cmd/train-cmd-556.jpg,3
/var/scratch/adam/cassava-raw/cassavaleafdata/train/cmd/train-cmd-557.jpg,3
/var/scratch/adam/cassava-raw/cassavaleafdata/train/cmd/train-cmd-558.jpg,3
/var/scratch/adam/cassava-raw/cassavaleafdata/train/cmd/train-cmd-559.jpg,3
/var/scratch/adam/cassava-raw/cassavaleafdata/train/cmd/train-cmd-56.jpg,3
/var/scratch/adam/cassava-raw/cassavaleafdata/train/cmd/train-cmd-560.jpg,3
/var/scratch/adam/cassava-raw/cassavaleafdata/train/cmd/train-cmd-561.jpg,3
/var/scratch/adam/cassava-raw/cassavaleafdata/train/cmd/train-cmd-562.jpg,3
/var/scratch/adam/cassava-raw/cassavaleafdata/train/cmd/train-cmd-563.jpg,3
/var/scratch/adam/cassava-raw/cassavaleafdata/train/cmd/train-cmd-564.jpg,3
/var/scratch/adam/cassava-raw/cassavaleafdata/train/cmd/train-cmd-565.jpg,3
/var/scratch/adam/cassava-raw/cassavaleafdata/train/cmd/train-cmd-566.jpg,3
/var/scratch/adam/cassava-raw/cassavaleafdata/train/cmd/train-cmd-567.jpg,3
/var/scratch/adam/cassava-raw/cassavaleafdata/train/cmd/train-cmd-568.jpg,3
/var/scratch/adam/cassava-raw/cassavaleafdata/train/cmd/train-cmd-569.jpg,3
/var/scratch/adam/cassava-raw/cassavaleafdata/train/cmd/train-cmd-57.jpg,3
/var/scratch/adam/cassava-raw/cassavaleafdata/train/cmd/train-cmd-570.jpg,3
/var/scratch/adam/cassava-raw/cassavaleafdata/train/cmd/train-cmd-571.jpg,3
/var/scratch/adam/cassava-raw/cassavaleafdata/train/cmd/train-cmd-572.jpg,3
/var/scratch/adam/cassava-raw/cassavaleafdata/train/cmd/train-cmd-573.jpg,3
/var/scratch/adam/cassava-raw/cassavaleafdata/train/cmd/train-cmd-574.jpg,3
/var/scratch/adam/cassava-raw/cassavaleafdata/train/cmd/train-cmd-575.jpg,3
/var/scratch/adam/cassava-raw/cassavaleafdata/train/cmd/train-cmd-576.jpg,3
/var/scratch/adam/cassava-raw/cassavaleafdata/train/cmd/train-cmd-577.jpg,3
/var/scratch/adam/cassava-raw/cassavaleafdata/train/cmd/train-cmd-578.jpg,3
/var/scratch/adam/cassava-raw/cassavaleafdata/train/cmd/train-cmd-579.jpg,3
/var/scratch/adam/cassava-raw/cassavaleafdata/train/cmd/train-cmd-58.jpg,3
/var/scratch/adam/cassava-raw/cassavaleafdata/train/cmd/train-cmd-580.jpg,3
/var/scratch/adam/cassava-raw/cassavaleafdata/train/cmd/train-cmd-581.jpg,3
/var/scratch/adam/cassava-raw/cassavaleafdata/train/cmd/train-cmd-582.jpg,3
/var/scratch/adam/cassava-raw/cassavaleafdata/train/cmd/train-cmd-583.jpg,3
/var/scratch/adam/cassava-raw/cassavaleafdata/train/cmd/train-cmd-584.jpg,3
/var/scratch/adam/cassava-raw/cassavaleafdata/train/cmd/train-cmd-585.jpg,3
/var/scratch/adam/cassava-raw/cassavaleafdata/train/cmd/train-cmd-586.jpg,3
/var/scratch/adam/cassava-raw/cassavaleafdata/train/cmd/train-cmd-587.jpg,3
/var/scratch/adam/cassava-raw/cassavaleafdata/train/cmd/train-cmd-588.jpg,3
/var/scratch/adam/cassava-raw/cassavaleafdata/train/cmd/train-cmd-589.jpg,3
/var/scratch/adam/cassava-raw/cassavaleafdata/train/cmd/train-cmd-59.jpg,3
/var/scratch/adam/cassava-raw/cassavaleafdata/train/cmd/train-cmd-590.jpg,3
/var/scratch/adam/cassava-raw/cassavaleafdata/train/cmd/train-cmd-591.jpg,3
/var/scratch/adam/cassava-raw/cassavaleafdata/train/cmd/train-cmd-592.jpg,3
/var/scratch/adam/cassava-raw/cassavaleafdata/train/cmd/train-cmd-593.jpg,3
/var/scratch/adam/cassava-raw/cassavaleafdata/train/cmd/train-cmd-594.jpg,3
/var/scratch/adam/cassava-raw/cassavaleafdata/train/cmd/train-cmd-595.jpg,3
/var/scratch/adam/cassava-raw/cassavaleafdata/train/cmd/train-cmd-596.jpg,3
/var/scratch/adam/cassava-raw/cassavaleafdata/train/cmd/train-cmd-597.jpg,3
/var/scratch/adam/cassava-raw/cassavaleafdata/train/cmd/train-cmd-598.jpg,3
/var/scratch/adam/cassava-raw/cassavaleafdata/train/cmd/train-cmd-599.jpg,3
/var/scratch/adam/cassava-raw/cassavaleafdata/train/cmd/train-cmd-6.jpg,3
/var/scratch/adam/cassava-raw/cassavaleafdata/train/cmd/train-cmd-60.jpg,3
/var/scratch/adam/cassava-raw/cassavaleafdata/train/cmd/train-cmd-600.jpg,3
/var/scratch/adam/cassava-raw/cassavaleafdata/train/cmd/train-cmd-601.jpg,3
/var/scratch/adam/cassava-raw/cassavaleafdata/train/cmd/train-cmd-602.jpg,3
/var/scratch/adam/cassava-raw/cassavaleafdata/train/cmd/train-cmd-603.jpg,3
/var/scratch/adam/cassava-raw/cassavaleafdata/train/cmd/train-cmd-604.jpg,3
/var/scratch/adam/cassava-raw/cassavaleafdata/train/cmd/train-cmd-605.jpg,3
/var/scratch/adam/cassava-raw/cassavaleafdata/train/cmd/train-cmd-606.jpg,3
/var/scratch/adam/cassava-raw/cassavaleafdata/train/cmd/train-cmd-607.jpg,3
/var/scratch/adam/cassava-raw/cassavaleafdata/train/cmd/train-cmd-608.jpg,3
/var/scratch/adam/cassava-raw/cassavaleafdata/train/cmd/train-cmd-609.jpg,3
/var/scratch/adam/cassava-raw/cassavaleafdata/train/cmd/train-cmd-61.jpg,3
/var/scratch/adam/cassava-raw/cassavaleafdata/train/cmd/train-cmd-610.jpg,3
/var/scratch/adam/cassava-raw/cassavaleafdata/train/cmd/train-cmd-611.jpg,3
/var/scratch/adam/cassava-raw/cassavaleafdata/train/cmd/train-cmd-612.jpg,3
/var/scratch/adam/cassava-raw/cassavaleafdata/train/cmd/train-cmd-613.jpg,3
/var/scratch/adam/cassava-raw/cassavaleafdata/train/cmd/train-cmd-614.jpg,3
/var/scratch/adam/cassava-raw/cassavaleafdata/train/cmd/train-cmd-615.jpg,3
/var/scratch/adam/cassava-raw/cassavaleafdata/train/cmd/train-cmd-616.jpg,3
/var/scratch/adam/cassava-raw/cassavaleafdata/train/cmd/train-cmd-617.jpg,3
/var/scratch/adam/cassava-raw/cassavaleafdata/train/cmd/train-cmd-618.jpg,3
/var/scratch/adam/cassava-raw/cassavaleafdata/train/cmd/train-cmd-619.jpg,3
/var/scratch/adam/cassava-raw/cassavaleafdata/train/cmd/train-cmd-62.jpg,3
/var/scratch/adam/cassava-raw/cassavaleafdata/train/cmd/train-cmd-620.jpg,3
/var/scratch/adam/cassava-raw/cassavaleafdata/train/cmd/train-cmd-621.jpg,3
/var/scratch/adam/cassava-raw/cassavaleafdata/train/cmd/train-cmd-622.jpg,3
/var/scratch/adam/cassava-raw/cassavaleafdata/train/cmd/train-cmd-623.jpg,3
/var/scratch/adam/cassava-raw/cassavaleafdata/train/cmd/train-cmd-624.jpg,3
/var/scratch/adam/cassava-raw/cassavaleafdata/train/cmd/train-cmd-625.jpg,3
/var/scratch/adam/cassava-raw/cassavaleafdata/train/cmd/train-cmd-626.jpg,3
/var/scratch/adam/cassava-raw/cassavaleafdata/train/cmd/train-cmd-627.jpg,3
/var/scratch/adam/cassava-raw/cassavaleafdata/train/cmd/train-cmd-628.jpg,3
/var/scratch/adam/cassava-raw/cassavaleafdata/train/cmd/train-cmd-629.jpg,3
/var/scratch/adam/cassava-raw/cassavaleafdata/train/cmd/train-cmd-63.jpg,3
/var/scratch/adam/cassava-raw/cassavaleafdata/train/cmd/train-cmd-630.jpg,3
/var/scratch/adam/cassava-raw/cassavaleafdata/train/cmd/train-cmd-631.jpg,3
/var/scratch/adam/cassava-raw/cassavaleafdata/train/cmd/train-cmd-632.jpg,3
/var/scratch/adam/cassava-raw/cassavaleafdata/train/cmd/train-cmd-633.jpg,3
/var/scratch/adam/cassava-raw/cassavaleafdata/train/cmd/train-cmd-634.jpg,3
/var/scratch/adam/cassava-raw/cassavaleafdata/train/cmd/train-cmd-635.jpg,3
/var/scratch/adam/cassava-raw/cassavaleafdata/train/cmd/train-cmd-636.jpg,3
/var/scratch/adam/cassava-raw/cassavaleafdata/train/cmd/train-cmd-637.jpg,3
/var/scratch/adam/cassava-raw/cassavaleafdata/train/cmd/train-cmd-638.jpg,3
/var/scratch/adam/cassava-raw/cassavaleafdata/train/cmd/train-cmd-639.jpg,3
/var/scratch/adam/cassava-raw/cassavaleafdata/train/cmd/train-cmd-64.jpg,3
/var/scratch/adam/cassava-raw/cassavaleafdata/train/cmd/train-cmd-640.jpg,3
/var/scratch/adam/cassava-raw/cassavaleafdata/train/cmd/train-cmd-641.jpg,3
/var/scratch/adam/cassava-raw/cassavaleafdata/train/cmd/train-cmd-642.jpg,3
/var/scratch/adam/cassava-raw/cassavaleafdata/train/cmd/train-cmd-643.jpg,3
/var/scratch/adam/cassava-raw/cassavaleafdata/train/cmd/train-cmd-644.jpg,3
/var/scratch/adam/cassava-raw/cassavaleafdata/train/cmd/train-cmd-645.jpg,3
/var/scratch/adam/cassava-raw/cassavaleafdata/train/cmd/train-cmd-646.jpg,3
/var/scratch/adam/cassava-raw/cassavaleafdata/train/cmd/train-cmd-647.jpg,3
/var/scratch/adam/cassava-raw/cassavaleafdata/train/cmd/train-cmd-648.jpg,3
/var/scratch/adam/cassava-raw/cassavaleafdata/train/cmd/train-cmd-649.jpg,3
/var/scratch/adam/cassava-raw/cassavaleafdata/train/cmd/train-cmd-65.jpg,3
/var/scratch/adam/cassava-raw/cassavaleafdata/train/cmd/train-cmd-650.jpg,3
/var/scratch/adam/cassava-raw/cassavaleafdata/train/cmd/train-cmd-651.jpg,3
/var/scratch/adam/cassava-raw/cassavaleafdata/train/cmd/train-cmd-652.jpg,3
/var/scratch/adam/cassava-raw/cassavaleafdata/train/cmd/train-cmd-653.jpg,3
/var/scratch/adam/cassava-raw/cassavaleafdata/train/cmd/train-cmd-654.jpg,3
/var/scratch/adam/cassava-raw/cassavaleafdata/train/cmd/train-cmd-655.jpg,3
/var/scratch/adam/cassava-raw/cassavaleafdata/train/cmd/train-cmd-656.jpg,3
/var/scratch/adam/cassava-raw/cassavaleafdata/train/cmd/train-cmd-657.jpg,3
/var/scratch/adam/cassava-raw/cassavaleafdata/train/cmd/train-cmd-658.jpg,3
/var/scratch/adam/cassava-raw/cassavaleafdata/train/cmd/train-cmd-659.jpg,3
/var/scratch/adam/cassava-raw/cassavaleafdata/train/cmd/train-cmd-66.jpg,3
/var/scratch/adam/cassava-raw/cassavaleafdata/train/cmd/train-cmd-660.jpg,3
/var/scratch/adam/cassava-raw/cassavaleafdata/train/cmd/train-cmd-661.jpg,3
/var/scratch/adam/cassava-raw/cassavaleafdata/train/cmd/train-cmd-662.jpg,3
/var/scratch/adam/cassava-raw/cassavaleafdata/train/cmd/train-cmd-663.jpg,3
/var/scratch/adam/cassava-raw/cassavaleafdata/train/cmd/train-cmd-664.jpg,3
/var/scratch/adam/cassava-raw/cassavaleafdata/train/cmd/train-cmd-665.jpg,3
/var/scratch/adam/cassava-raw/cassavaleafdata/train/cmd/train-cmd-666.jpg,3
/var/scratch/adam/cassava-raw/cassavaleafdata/train/cmd/train-cmd-667.jpg,3
/var/scratch/adam/cassava-raw/cassavaleafdata/train/cmd/train-cmd-668.jpg,3
/var/scratch/adam/cassava-raw/cassavaleafdata/train/cmd/train-cmd-669.jpg,3
/var/scratch/adam/cassava-raw/cassavaleafdata/train/cmd/train-cmd-67.jpg,3
/var/scratch/adam/cassava-raw/cassavaleafdata/train/cmd/train-cmd-670.jpg,3
/var/scratch/adam/cassava-raw/cassavaleafdata/train/cmd/train-cmd-671.jpg,3
/var/scratch/adam/cassava-raw/cassavaleafdata/train/cmd/train-cmd-672.jpg,3
/var/scratch/adam/cassava-raw/cassavaleafdata/train/cmd/train-cmd-673.jpg,3
/var/scratch/adam/cassava-raw/cassavaleafdata/train/cmd/train-cmd-674.jpg,3
/var/scratch/adam/cassava-raw/cassavaleafdata/train/cmd/train-cmd-675.jpg,3
/var/scratch/adam/cassava-raw/cassavaleafdata/train/cmd/train-cmd-676.jpg,3
/var/scratch/adam/cassava-raw/cassavaleafdata/train/cmd/train-cmd-677.jpg,3
/var/scratch/adam/cassava-raw/cassavaleafdata/train/cmd/train-cmd-678.jpg,3
/var/scratch/adam/cassava-raw/cassavaleafdata/train/cmd/train-cmd-679.jpg,3
/var/scratch/adam/cassava-raw/cassavaleafdata/train/cmd/train-cmd-68.jpg,3
/var/scratch/adam/cassava-raw/cassavaleafdata/train/cmd/train-cmd-680.jpg,3
/var/scratch/adam/cassava-raw/cassavaleafdata/train/cmd/train-cmd-681.jpg,3
/var/scratch/adam/cassava-raw/cassavaleafdata/train/cmd/train-cmd-682.jpg,3
/var/scratch/adam/cassava-raw/cassavaleafdata/train/cmd/train-cmd-683.jpg,3
/var/scratch/adam/cassava-raw/cassavaleafdata/train/cmd/train-cmd-684.jpg,3
/var/scratch/adam/cassava-raw/cassavaleafdata/train/cmd/train-cmd-685.jpg,3
/var/scratch/adam/cassava-raw/cassavaleafdata/train/cmd/train-cmd-686.jpg,3
/var/scratch/adam/cassava-raw/cassavaleafdata/train/cmd/train-cmd-687.jpg,3
/var/scratch/adam/cassava-raw/cassavaleafdata/train/cmd/train-cmd-688.jpg,3
/var/scratch/adam/cassava-raw/cassavaleafdata/train/cmd/train-cmd-689.jpg,3
/var/scratch/adam/cassava-raw/cassavaleafdata/train/cmd/train-cmd-69.jpg,3
/var/scratch/adam/cassava-raw/cassavaleafdata/train/cmd/train-cmd-690.jpg,3
/var/scratch/adam/cassava-raw/cassavaleafdata/train/cmd/train-cmd-691.jpg,3
/var/scratch/adam/cassava-raw/cassavaleafdata/train/cmd/train-cmd-692.jpg,3
/var/scratch/adam/cassava-raw/cassavaleafdata/train/cmd/train-cmd-693.jpg,3
/var/scratch/adam/cassava-raw/cassavaleafdata/train/cmd/train-cmd-694.jpg,3
/var/scratch/adam/cassava-raw/cassavaleafdata/train/cmd/train-cmd-695.jpg,3
/var/scratch/adam/cassava-raw/cassavaleafdata/train/cmd/train-cmd-696.jpg,3
/var/scratch/adam/cassava-raw/cassavaleafdata/train/cmd/train-cmd-697.jpg,3
/var/scratch/adam/cassava-raw/cassavaleafdata/train/cmd/train-cmd-698.jpg,3
/var/scratch/adam/cassava-raw/cassavaleafdata/train/cmd/train-cmd-699.jpg,3
/var/scratch/adam/cassava-raw/cassavaleafdata/train/cmd/train-cmd-7.jpg,3
/var/scratch/adam/cassava-raw/cassavaleafdata/train/cmd/train-cmd-70.jpg,3
/var/scratch/adam/cassava-raw/cassavaleafdata/train/cmd/train-cmd-700.jpg,3
/var/scratch/adam/cassava-raw/cassavaleafdata/train/cmd/train-cmd-701.jpg,3
/var/scratch/adam/cassava-raw/cassavaleafdata/train/cmd/train-cmd-702.jpg,3
/var/scratch/adam/cassava-raw/cassavaleafdata/train/cmd/train-cmd-703.jpg,3
/var/scratch/adam/cassava-raw/cassavaleafdata/train/cmd/train-cmd-704.jpg,3
/var/scratch/adam/cassava-raw/cassavaleafdata/train/cmd/train-cmd-705.jpg,3
/var/scratch/adam/cassava-raw/cassavaleafdata/train/cmd/train-cmd-706.jpg,3
/var/scratch/adam/cassava-raw/cassavaleafdata/train/cmd/train-cmd-707.jpg,3
/var/scratch/adam/cassava-raw/cassavaleafdata/train/cmd/train-cmd-708.jpg,3
/var/scratch/adam/cassava-raw/cassavaleafdata/train/cmd/train-cmd-709.jpg,3
/var/scratch/adam/cassava-raw/cassavaleafdata/train/cmd/train-cmd-71.jpg,3
/var/scratch/adam/cassava-raw/cassavaleafdata/train/cmd/train-cmd-710.jpg,3
/var/scratch/adam/cassava-raw/cassavaleafdata/train/cmd/train-cmd-711.jpg,3
/var/scratch/adam/cassava-raw/cassavaleafdata/train/cmd/train-cmd-712.jpg,3
/var/scratch/adam/cassava-raw/cassavaleafdata/train/cmd/train-cmd-713.jpg,3
/var/scratch/adam/cassava-raw/cassavaleafdata/train/cmd/train-cmd-714.jpg,3
/var/scratch/adam/cassava-raw/cassavaleafdata/train/cmd/train-cmd-715.jpg,3
/var/scratch/adam/cassava-raw/cassavaleafdata/train/cmd/train-cmd-716.jpg,3
/var/scratch/adam/cassava-raw/cassavaleafdata/train/cmd/train-cmd-717.jpg,3
/var/scratch/adam/cassava-raw/cassavaleafdata/train/cmd/train-cmd-718.jpg,3
/var/scratch/adam/cassava-raw/cassavaleafdata/train/cmd/train-cmd-719.jpg,3
/var/scratch/adam/cassava-raw/cassavaleafdata/train/cmd/train-cmd-72.jpg,3
/var/scratch/adam/cassava-raw/cassavaleafdata/train/cmd/train-cmd-720.jpg,3
/var/scratch/adam/cassava-raw/cassavaleafdata/train/cmd/train-cmd-721.jpg,3
/var/scratch/adam/cassava-raw/cassavaleafdata/train/cmd/train-cmd-722.jpg,3
/var/scratch/adam/cassava-raw/cassavaleafdata/train/cmd/train-cmd-723.jpg,3
/var/scratch/adam/cassava-raw/cassavaleafdata/train/cmd/train-cmd-724.jpg,3
/var/scratch/adam/cassava-raw/cassavaleafdata/train/cmd/train-cmd-725.jpg,3
/var/scratch/adam/cassava-raw/cassavaleafdata/train/cmd/train-cmd-726.jpg,3
/var/scratch/adam/cassava-raw/cassavaleafdata/train/cmd/train-cmd-727.jpg,3
/var/scratch/adam/cassava-raw/cassavaleafdata/train/cmd/train-cmd-728.jpg,3
/var/scratch/adam/cassava-raw/cassavaleafdata/train/cmd/train-cmd-729.jpg,3
/var/scratch/adam/cassava-raw/cassavaleafdata/train/cmd/train-cmd-73.jpg,3
/var/scratch/adam/cassava-raw/cassavaleafdata/train/cmd/train-cmd-730.jpg,3
/var/scratch/adam/cassava-raw/cassavaleafdata/train/cmd/train-cmd-731.jpg,3
/var/scratch/adam/cassava-raw/cassavaleafdata/train/cmd/train-cmd-732.jpg,3
/var/scratch/adam/cassava-raw/cassavaleafdata/train/cmd/train-cmd-733.jpg,3
/var/scratch/adam/cassava-raw/cassavaleafdata/train/cmd/train-cmd-734.jpg,3
/var/scratch/adam/cassava-raw/cassavaleafdata/train/cmd/train-cmd-735.jpg,3
/var/scratch/adam/cassava-raw/cassavaleafdata/train/cmd/train-cmd-736.jpg,3
/var/scratch/adam/cassava-raw/cassavaleafdata/train/cmd/train-cmd-737.jpg,3
/var/scratch/adam/cassava-raw/cassavaleafdata/train/cmd/train-cmd-738.jpg,3
/var/scratch/adam/cassava-raw/cassavaleafdata/train/cmd/train-cmd-739.jpg,3
/var/scratch/adam/cassava-raw/cassavaleafdata/train/cmd/train-cmd-74.jpg,3
/var/scratch/adam/cassava-raw/cassavaleafdata/train/cmd/train-cmd-740.jpg,3
/var/scratch/adam/cassava-raw/cassavaleafdata/train/cmd/train-cmd-741.jpg,3
/var/scratch/adam/cassava-raw/cassavaleafdata/train/cmd/train-cmd-742.jpg,3
/var/scratch/adam/cassava-raw/cassavaleafdata/train/cmd/train-cmd-743.jpg,3
/var/scratch/adam/cassava-raw/cassavaleafdata/train/cmd/train-cmd-744.jpg,3
/var/scratch/adam/cassava-raw/cassavaleafdata/train/cmd/train-cmd-745.jpg,3
/var/scratch/adam/cassava-raw/cassavaleafdata/train/cmd/train-cmd-746.jpg,3
/var/scratch/adam/cassava-raw/cassavaleafdata/train/cmd/train-cmd-747.jpg,3
/var/scratch/adam/cassava-raw/cassavaleafdata/train/cmd/train-cmd-748.jpg,3
/var/scratch/adam/cassava-raw/cassavaleafdata/train/cmd/train-cmd-749.jpg,3
/var/scratch/adam/cassava-raw/cassavaleafdata/train/cmd/train-cmd-75.jpg,3
/var/scratch/adam/cassava-raw/cassavaleafdata/train/cmd/train-cmd-750.jpg,3
/var/scratch/adam/cassava-raw/cassavaleafdata/train/cmd/train-cmd-751.jpg,3
/var/scratch/adam/cassava-raw/cassavaleafdata/train/cmd/train-cmd-752.jpg,3
/var/scratch/adam/cassava-raw/cassavaleafdata/train/cmd/train-cmd-753.jpg,3
/var/scratch/adam/cassava-raw/cassavaleafdata/train/cmd/train-cmd-754.jpg,3
/var/scratch/adam/cassava-raw/cassavaleafdata/train/cmd/train-cmd-755.jpg,3
/var/scratch/adam/cassava-raw/cassavaleafdata/train/cmd/train-cmd-756.jpg,3
/var/scratch/adam/cassava-raw/cassavaleafdata/train/cmd/train-cmd-757.jpg,3
/var/scratch/adam/cassava-raw/cassavaleafdata/train/cmd/train-cmd-758.jpg,3
/var/scratch/adam/cassava-raw/cassavaleafdata/train/cmd/train-cmd-759.jpg,3
/var/scratch/adam/cassava-raw/cassavaleafdata/train/cmd/train-cmd-76.jpg,3
/var/scratch/adam/cassava-raw/cassavaleafdata/train/cmd/train-cmd-760.jpg,3
/var/scratch/adam/cassava-raw/cassavaleafdata/train/cmd/train-cmd-761.jpg,3
/var/scratch/adam/cassava-raw/cassavaleafdata/train/cmd/train-cmd-762.jpg,3
/var/scratch/adam/cassava-raw/cassavaleafdata/train/cmd/train-cmd-763.jpg,3
/var/scratch/adam/cassava-raw/cassavaleafdata/train/cmd/train-cmd-764.jpg,3
/var/scratch/adam/cassava-raw/cassavaleafdata/train/cmd/train-cmd-765.jpg,3
/var/scratch/adam/cassava-raw/cassavaleafdata/train/cmd/train-cmd-766.jpg,3
/var/scratch/adam/cassava-raw/cassavaleafdata/train/cmd/train-cmd-767.jpg,3
/var/scratch/adam/cassava-raw/cassavaleafdata/train/cmd/train-cmd-768.jpg,3
/var/scratch/adam/cassava-raw/cassavaleafdata/train/cmd/train-cmd-769.jpg,3
/var/scratch/adam/cassava-raw/cassavaleafdata/train/cmd/train-cmd-77.jpg,3
/var/scratch/adam/cassava-raw/cassavaleafdata/train/cmd/train-cmd-770.jpg,3
/var/scratch/adam/cassava-raw/cassavaleafdata/train/cmd/train-cmd-771.jpg,3
/var/scratch/adam/cassava-raw/cassavaleafdata/train/cmd/train-cmd-772.jpg,3
/var/scratch/adam/cassava-raw/cassavaleafdata/train/cmd/train-cmd-773.jpg,3
/var/scratch/adam/cassava-raw/cassavaleafdata/train/cmd/train-cmd-774.jpg,3
/var/scratch/adam/cassava-raw/cassavaleafdata/train/cmd/train-cmd-775.jpg,3
/var/scratch/adam/cassava-raw/cassavaleafdata/train/cmd/train-cmd-776.jpg,3
/var/scratch/adam/cassava-raw/cassavaleafdata/train/cmd/train-cmd-777.jpg,3
/var/scratch/adam/cassava-raw/cassavaleafdata/train/cmd/train-cmd-778.jpg,3
/var/scratch/adam/cassava-raw/cassavaleafdata/train/cmd/train-cmd-779.jpg,3
/var/scratch/adam/cassava-raw/cassavaleafdata/train/cmd/train-cmd-78.jpg,3
/var/scratch/adam/cassava-raw/cassavaleafdata/train/cmd/train-cmd-780.jpg,3
/var/scratch/adam/cassava-raw/cassavaleafdata/train/cmd/train-cmd-781.jpg,3
/var/scratch/adam/cassava-raw/cassavaleafdata/train/cmd/train-cmd-782.jpg,3
/var/scratch/adam/cassava-raw/cassavaleafdata/train/cmd/train-cmd-783.jpg,3
/var/scratch/adam/cassava-raw/cassavaleafdata/train/cmd/train-cmd-784.jpg,3
/var/scratch/adam/cassava-raw/cassavaleafdata/train/cmd/train-cmd-785.jpg,3
/var/scratch/adam/cassava-raw/cassavaleafdata/train/cmd/train-cmd-786.jpg,3
/var/scratch/adam/cassava-raw/cassavaleafdata/train/cmd/train-cmd-787.jpg,3
/var/scratch/adam/cassava-raw/cassavaleafdata/train/cmd/train-cmd-788.jpg,3
/var/scratch/adam/cassava-raw/cassavaleafdata/train/cmd/train-cmd-789.jpg,3
/var/scratch/adam/cassava-raw/cassavaleafdata/train/cmd/train-cmd-79.jpg,3
/var/scratch/adam/cassava-raw/cassavaleafdata/train/cmd/train-cmd-790.jpg,3
/var/scratch/adam/cassava-raw/cassavaleafdata/train/cmd/train-cmd-791.jpg,3
/var/scratch/adam/cassava-raw/cassavaleafdata/train/cmd/train-cmd-792.jpg,3
/var/scratch/adam/cassava-raw/cassavaleafdata/train/cmd/train-cmd-793.jpg,3
/var/scratch/adam/cassava-raw/cassavaleafdata/train/cmd/train-cmd-794.jpg,3
/var/scratch/adam/cassava-raw/cassavaleafdata/train/cmd/train-cmd-795.jpg,3
/var/scratch/adam/cassava-raw/cassavaleafdata/train/cmd/train-cmd-796.jpg,3
/var/scratch/adam/cassava-raw/cassavaleafdata/train/cmd/train-cmd-797.jpg,3
/var/scratch/adam/cassava-raw/cassavaleafdata/train/cmd/train-cmd-798.jpg,3
/var/scratch/adam/cassava-raw/cassavaleafdata/train/cmd/train-cmd-799.jpg,3
/var/scratch/adam/cassava-raw/cassavaleafdata/train/cmd/train-cmd-8.jpg,3
/var/scratch/adam/cassava-raw/cassavaleafdata/train/cmd/train-cmd-80.jpg,3
/var/scratch/adam/cassava-raw/cassavaleafdata/train/cmd/train-cmd-800.jpg,3
/var/scratch/adam/cassava-raw/cassavaleafdata/train/cmd/train-cmd-801.jpg,3
/var/scratch/adam/cassava-raw/cassavaleafdata/train/cmd/train-cmd-802.jpg,3
/var/scratch/adam/cassava-raw/cassavaleafdata/train/cmd/train-cmd-803.jpg,3
/var/scratch/adam/cassava-raw/cassavaleafdata/train/cmd/train-cmd-804.jpg,3
/var/scratch/adam/cassava-raw/cassavaleafdata/train/cmd/train-cmd-805.jpg,3
/var/scratch/adam/cassava-raw/cassavaleafdata/train/cmd/train-cmd-806.jpg,3
/var/scratch/adam/cassava-raw/cassavaleafdata/train/cmd/train-cmd-807.jpg,3
/var/scratch/adam/cassava-raw/cassavaleafdata/train/cmd/train-cmd-808.jpg,3
/var/scratch/adam/cassava-raw/cassavaleafdata/train/cmd/train-cmd-809.jpg,3
/var/scratch/adam/cassava-raw/cassavaleafdata/train/cmd/train-cmd-81.jpg,3
/var/scratch/adam/cassava-raw/cassavaleafdata/train/cmd/train-cmd-810.jpg,3
/var/scratch/adam/cassava-raw/cassavaleafdata/train/cmd/train-cmd-811.jpg,3
/var/scratch/adam/cassava-raw/cassavaleafdata/train/cmd/train-cmd-812.jpg,3
/var/scratch/adam/cassava-raw/cassavaleafdata/train/cmd/train-cmd-813.jpg,3
/var/scratch/adam/cassava-raw/cassavaleafdata/train/cmd/train-cmd-814.jpg,3
/var/scratch/adam/cassava-raw/cassavaleafdata/train/cmd/train-cmd-815.jpg,3
/var/scratch/adam/cassava-raw/cassavaleafdata/train/cmd/train-cmd-816.jpg,3
/var/scratch/adam/cassava-raw/cassavaleafdata/train/cmd/train-cmd-817.jpg,3
/var/scratch/adam/cassava-raw/cassavaleafdata/train/cmd/train-cmd-818.jpg,3
/var/scratch/adam/cassava-raw/cassavaleafdata/train/cmd/train-cmd-819.jpg,3
/var/scratch/adam/cassava-raw/cassavaleafdata/train/cmd/train-cmd-82.jpg,3
/var/scratch/adam/cassava-raw/cassavaleafdata/train/cmd/train-cmd-820.jpg,3
/var/scratch/adam/cassava-raw/cassavaleafdata/train/cmd/train-cmd-821.jpg,3
/var/scratch/adam/cassava-raw/cassavaleafdata/train/cmd/train-cmd-822.jpg,3
/var/scratch/adam/cassava-raw/cassavaleafdata/train/cmd/train-cmd-823.jpg,3
/var/scratch/adam/cassava-raw/cassavaleafdata/train/cmd/train-cmd-824.jpg,3
/var/scratch/adam/cassava-raw/cassavaleafdata/train/cmd/train-cmd-825.jpg,3
/var/scratch/adam/cassava-raw/cassavaleafdata/train/cmd/train-cmd-826.jpg,3
/var/scratch/adam/cassava-raw/cassavaleafdata/train/cmd/train-cmd-827.jpg,3
/var/scratch/adam/cassava-raw/cassavaleafdata/train/cmd/train-cmd-828.jpg,3
/var/scratch/adam/cassava-raw/cassavaleafdata/train/cmd/train-cmd-829.jpg,3
/var/scratch/adam/cassava-raw/cassavaleafdata/train/cmd/train-cmd-83.jpg,3
/var/scratch/adam/cassava-raw/cassavaleafdata/train/cmd/train-cmd-830.jpg,3
/var/scratch/adam/cassava-raw/cassavaleafdata/train/cmd/train-cmd-831.jpg,3
/var/scratch/adam/cassava-raw/cassavaleafdata/train/cmd/train-cmd-832.jpg,3
/var/scratch/adam/cassava-raw/cassavaleafdata/train/cmd/train-cmd-833.jpg,3
/var/scratch/adam/cassava-raw/cassavaleafdata/train/cmd/train-cmd-834.jpg,3
/var/scratch/adam/cassava-raw/cassavaleafdata/train/cmd/train-cmd-835.jpg,3
/var/scratch/adam/cassava-raw/cassavaleafdata/train/cmd/train-cmd-836.jpg,3
/var/scratch/adam/cassava-raw/cassavaleafdata/train/cmd/train-cmd-837.jpg,3
/var/scratch/adam/cassava-raw/cassavaleafdata/train/cmd/train-cmd-838.jpg,3
/var/scratch/adam/cassava-raw/cassavaleafdata/train/cmd/train-cmd-839.jpg,3
/var/scratch/adam/cassava-raw/cassavaleafdata/train/cmd/train-cmd-84.jpg,3
/var/scratch/adam/cassava-raw/cassavaleafdata/train/cmd/train-cmd-840.jpg,3
/var/scratch/adam/cassava-raw/cassavaleafdata/train/cmd/train-cmd-841.jpg,3
/var/scratch/adam/cassava-raw/cassavaleafdata/train/cmd/train-cmd-842.jpg,3
/var/scratch/adam/cassava-raw/cassavaleafdata/train/cmd/train-cmd-843.jpg,3
/var/scratch/adam/cassava-raw/cassavaleafdata/train/cmd/train-cmd-844.jpg,3
/var/scratch/adam/cassava-raw/cassavaleafdata/train/cmd/train-cmd-845.jpg,3
/var/scratch/adam/cassava-raw/cassavaleafdata/train/cmd/train-cmd-846.jpg,3
/var/scratch/adam/cassava-raw/cassavaleafdata/train/cmd/train-cmd-847.jpg,3
/var/scratch/adam/cassava-raw/cassavaleafdata/train/cmd/train-cmd-848.jpg,3
/var/scratch/adam/cassava-raw/cassavaleafdata/train/cmd/train-cmd-849.jpg,3
/var/scratch/adam/cassava-raw/cassavaleafdata/train/cmd/train-cmd-85.jpg,3
/var/scratch/adam/cassava-raw/cassavaleafdata/train/cmd/train-cmd-850.jpg,3
/var/scratch/adam/cassava-raw/cassavaleafdata/train/cmd/train-cmd-851.jpg,3
/var/scratch/adam/cassava-raw/cassavaleafdata/train/cmd/train-cmd-852.jpg,3
/var/scratch/adam/cassava-raw/cassavaleafdata/train/cmd/train-cmd-853.jpg,3
/var/scratch/adam/cassava-raw/cassavaleafdata/train/cmd/train-cmd-854.jpg,3
/var/scratch/adam/cassava-raw/cassavaleafdata/train/cmd/train-cmd-855.jpg,3
/var/scratch/adam/cassava-raw/cassavaleafdata/train/cmd/train-cmd-856.jpg,3
/var/scratch/adam/cassava-raw/cassavaleafdata/train/cmd/train-cmd-857.jpg,3
/var/scratch/adam/cassava-raw/cassavaleafdata/train/cmd/train-cmd-858.jpg,3
/var/scratch/adam/cassava-raw/cassavaleafdata/train/cmd/train-cmd-859.jpg,3
/var/scratch/adam/cassava-raw/cassavaleafdata/train/cmd/train-cmd-86.jpg,3
/var/scratch/adam/cassava-raw/cassavaleafdata/train/cmd/train-cmd-860.jpg,3
/var/scratch/adam/cassava-raw/cassavaleafdata/train/cmd/train-cmd-861.jpg,3
/var/scratch/adam/cassava-raw/cassavaleafdata/train/cmd/train-cmd-862.jpg,3
/var/scratch/adam/cassava-raw/cassavaleafdata/train/cmd/train-cmd-863.jpg,3
/var/scratch/adam/cassava-raw/cassavaleafdata/train/cmd/train-cmd-864.jpg,3
/var/scratch/adam/cassava-raw/cassavaleafdata/train/cmd/train-cmd-865.jpg,3
/var/scratch/adam/cassava-raw/cassavaleafdata/train/cmd/train-cmd-866.jpg,3
/var/scratch/adam/cassava-raw/cassavaleafdata/train/cmd/train-cmd-867.jpg,3
/var/scratch/adam/cassava-raw/cassavaleafdata/train/cmd/train-cmd-868.jpg,3
/var/scratch/adam/cassava-raw/cassavaleafdata/train/cmd/train-cmd-869.jpg,3
/var/scratch/adam/cassava-raw/cassavaleafdata/train/cmd/train-cmd-87.jpg,3
/var/scratch/adam/cassava-raw/cassavaleafdata/train/cmd/train-cmd-870.jpg,3
/var/scratch/adam/cassava-raw/cassavaleafdata/train/cmd/train-cmd-871.jpg,3
/var/scratch/adam/cassava-raw/cassavaleafdata/train/cmd/train-cmd-872.jpg,3
/var/scratch/adam/cassava-raw/cassavaleafdata/train/cmd/train-cmd-873.jpg,3
/var/scratch/adam/cassava-raw/cassavaleafdata/train/cmd/train-cmd-874.jpg,3
/var/scratch/adam/cassava-raw/cassavaleafdata/train/cmd/train-cmd-875.jpg,3
/var/scratch/adam/cassava-raw/cassavaleafdata/train/cmd/train-cmd-876.jpg,3
/var/scratch/adam/cassava-raw/cassavaleafdata/train/cmd/train-cmd-877.jpg,3
/var/scratch/adam/cassava-raw/cassavaleafdata/train/cmd/train-cmd-878.jpg,3
/var/scratch/adam/cassava-raw/cassavaleafdata/train/cmd/train-cmd-879.jpg,3
/var/scratch/adam/cassava-raw/cassavaleafdata/train/cmd/train-cmd-88.jpg,3
/var/scratch/adam/cassava-raw/cassavaleafdata/train/cmd/train-cmd-880.jpg,3
/var/scratch/adam/cassava-raw/cassavaleafdata/train/cmd/train-cmd-881.jpg,3
/var/scratch/adam/cassava-raw/cassavaleafdata/train/cmd/train-cmd-882.jpg,3
/var/scratch/adam/cassava-raw/cassavaleafdata/train/cmd/train-cmd-883.jpg,3
/var/scratch/adam/cassava-raw/cassavaleafdata/train/cmd/train-cmd-884.jpg,3
/var/scratch/adam/cassava-raw/cassavaleafdata/train/cmd/train-cmd-885.jpg,3
/var/scratch/adam/cassava-raw/cassavaleafdata/train/cmd/train-cmd-886.jpg,3
/var/scratch/adam/cassava-raw/cassavaleafdata/train/cmd/train-cmd-887.jpg,3
/var/scratch/adam/cassava-raw/cassavaleafdata/train/cmd/train-cmd-888.jpg,3
/var/scratch/adam/cassava-raw/cassavaleafdata/train/cmd/train-cmd-889.jpg,3
/var/scratch/adam/cassava-raw/cassavaleafdata/train/cmd/train-cmd-89.jpg,3
/var/scratch/adam/cassava-raw/cassavaleafdata/train/cmd/train-cmd-890.jpg,3
/var/scratch/adam/cassava-raw/cassavaleafdata/train/cmd/train-cmd-891.jpg,3
/var/scratch/adam/cassava-raw/cassavaleafdata/train/cmd/train-cmd-892.jpg,3
/var/scratch/adam/cassava-raw/cassavaleafdata/train/cmd/train-cmd-893.jpg,3
/var/scratch/adam/cassava-raw/cassavaleafdata/train/cmd/train-cmd-894.jpg,3
/var/scratch/adam/cassava-raw/cassavaleafdata/train/cmd/train-cmd-895.jpg,3
/var/scratch/adam/cassava-raw/cassavaleafdata/train/cmd/train-cmd-896.jpg,3
/var/scratch/adam/cassava-raw/cassavaleafdata/train/cmd/train-cmd-897.jpg,3
/var/scratch/adam/cassava-raw/cassavaleafdata/train/cmd/train-cmd-898.jpg,3
/var/scratch/adam/cassava-raw/cassavaleafdata/train/cmd/train-cmd-899.jpg,3
/var/scratch/adam/cassava-raw/cassavaleafdata/train/cmd/train-cmd-9.jpg,3
/var/scratch/adam/cassava-raw/cassavaleafdata/train/cmd/train-cmd-90.jpg,3
/var/scratch/adam/cassava-raw/cassavaleafdata/train/cmd/train-cmd-900.jpg,3
/var/scratch/adam/cassava-raw/cassavaleafdata/train/cmd/train-cmd-901.jpg,3
/var/scratch/adam/cassava-raw/cassavaleafdata/train/cmd/train-cmd-902.jpg,3
/var/scratch/adam/cassava-raw/cassavaleafdata/train/cmd/train-cmd-903.jpg,3
/var/scratch/adam/cassava-raw/cassavaleafdata/train/cmd/train-cmd-904.jpg,3
/var/scratch/adam/cassava-raw/cassavaleafdata/train/cmd/train-cmd-905.jpg,3
/var/scratch/adam/cassava-raw/cassavaleafdata/train/cmd/train-cmd-906.jpg,3
/var/scratch/adam/cassava-raw/cassavaleafdata/train/cmd/train-cmd-907.jpg,3
/var/scratch/adam/cassava-raw/cassavaleafdata/train/cmd/train-cmd-908.jpg,3
/var/scratch/adam/cassava-raw/cassavaleafdata/train/cmd/train-cmd-909.jpg,3
/var/scratch/adam/cassava-raw/cassavaleafdata/train/cmd/train-cmd-91.jpg,3
/var/scratch/adam/cassava-raw/cassavaleafdata/train/cmd/train-cmd-910.jpg,3
/var/scratch/adam/cassava-raw/cassavaleafdata/train/cmd/train-cmd-911.jpg,3
/var/scratch/adam/cassava-raw/cassavaleafdata/train/cmd/train-cmd-912.jpg,3
/var/scratch/adam/cassava-raw/cassavaleafdata/train/cmd/train-cmd-913.jpg,3
/var/scratch/adam/cassava-raw/cassavaleafdata/train/cmd/train-cmd-914.jpg,3
/var/scratch/adam/cassava-raw/cassavaleafdata/train/cmd/train-cmd-915.jpg,3
/var/scratch/adam/cassava-raw/cassavaleafdata/train/cmd/train-cmd-916.jpg,3
/var/scratch/adam/cassava-raw/cassavaleafdata/train/cmd/train-cmd-917.jpg,3
/var/scratch/adam/cassava-raw/cassavaleafdata/train/cmd/train-cmd-918.jpg,3
/var/scratch/adam/cassava-raw/cassavaleafdata/train/cmd/train-cmd-919.jpg,3
/var/scratch/adam/cassava-raw/cassavaleafdata/train/cmd/train-cmd-92.jpg,3
/var/scratch/adam/cassava-raw/cassavaleafdata/train/cmd/train-cmd-920.jpg,3
/var/scratch/adam/cassava-raw/cassavaleafdata/train/cmd/train-cmd-921.jpg,3
/var/scratch/adam/cassava-raw/cassavaleafdata/train/cmd/train-cmd-922.jpg,3
/var/scratch/adam/cassava-raw/cassavaleafdata/train/cmd/train-cmd-923.jpg,3
/var/scratch/adam/cassava-raw/cassavaleafdata/train/cmd/train-cmd-924.jpg,3
/var/scratch/adam/cassava-raw/cassavaleafdata/train/cmd/train-cmd-925.jpg,3
/var/scratch/adam/cassava-raw/cassavaleafdata/train/cmd/train-cmd-926.jpg,3
/var/scratch/adam/cassava-raw/cassavaleafdata/train/cmd/train-cmd-927.jpg,3
/var/scratch/adam/cassava-raw/cassavaleafdata/train/cmd/train-cmd-928.jpg,3
/var/scratch/adam/cassava-raw/cassavaleafdata/train/cmd/train-cmd-929.jpg,3
/var/scratch/adam/cassava-raw/cassavaleafdata/train/cmd/train-cmd-93.jpg,3
/var/scratch/adam/cassava-raw/cassavaleafdata/train/cmd/train-cmd-930.jpg,3
/var/scratch/adam/cassava-raw/cassavaleafdata/train/cmd/train-cmd-931.jpg,3
/var/scratch/adam/cassava-raw/cassavaleafdata/train/cmd/train-cmd-932.jpg,3
/var/scratch/adam/cassava-raw/cassavaleafdata/train/cmd/train-cmd-933.jpg,3
/var/scratch/adam/cassava-raw/cassavaleafdata/train/cmd/train-cmd-934.jpg,3
/var/scratch/adam/cassava-raw/cassavaleafdata/train/cmd/train-cmd-935.jpg,3
/var/scratch/adam/cassava-raw/cassavaleafdata/train/cmd/train-cmd-936.jpg,3
/var/scratch/adam/cassava-raw/cassavaleafdata/train/cmd/train-cmd-937.jpg,3
/var/scratch/adam/cassava-raw/cassavaleafdata/train/cmd/train-cmd-938.jpg,3
/var/scratch/adam/cassava-raw/cassavaleafdata/train/cmd/train-cmd-939.jpg,3
/var/scratch/adam/cassava-raw/cassavaleafdata/train/cmd/train-cmd-94.jpg,3
/var/scratch/adam/cassava-raw/cassavaleafdata/train/cmd/train-cmd-940.jpg,3
/var/scratch/adam/cassava-raw/cassavaleafdata/train/cmd/train-cmd-941.jpg,3
/var/scratch/adam/cassava-raw/cassavaleafdata/train/cmd/train-cmd-942.jpg,3
/var/scratch/adam/cassava-raw/cassavaleafdata/train/cmd/train-cmd-943.jpg,3
/var/scratch/adam/cassava-raw/cassavaleafdata/train/cmd/train-cmd-944.jpg,3
/var/scratch/adam/cassava-raw/cassavaleafdata/train/cmd/train-cmd-945.jpg,3
/var/scratch/adam/cassava-raw/cassavaleafdata/train/cmd/train-cmd-946.jpg,3
/var/scratch/adam/cassava-raw/cassavaleafdata/train/cmd/train-cmd-947.jpg,3
/var/scratch/adam/cassava-raw/cassavaleafdata/train/cmd/train-cmd-948.jpg,3
/var/scratch/adam/cassava-raw/cassavaleafdata/train/cmd/train-cmd-949.jpg,3
/var/scratch/adam/cassava-raw/cassavaleafdata/train/cmd/train-cmd-95.jpg,3
/var/scratch/adam/cassava-raw/cassavaleafdata/train/cmd/train-cmd-950.jpg,3
/var/scratch/adam/cassava-raw/cassavaleafdata/train/cmd/train-cmd-951.jpg,3
/var/scratch/adam/cassava-raw/cassavaleafdata/train/cmd/train-cmd-952.jpg,3
/var/scratch/adam/cassava-raw/cassavaleafdata/train/cmd/train-cmd-953.jpg,3
/var/scratch/adam/cassava-raw/cassavaleafdata/train/cmd/train-cmd-954.jpg,3
/var/scratch/adam/cassava-raw/cassavaleafdata/train/cmd/train-cmd-955.jpg,3
/var/scratch/adam/cassava-raw/cassavaleafdata/train/cmd/train-cmd-956.jpg,3
/var/scratch/adam/cassava-raw/cassavaleafdata/train/cmd/train-cmd-957.jpg,3
/var/scratch/adam/cassava-raw/cassavaleafdata/train/cmd/train-cmd-958.jpg,3
/var/scratch/adam/cassava-raw/cassavaleafdata/train/cmd/train-cmd-959.jpg,3
/var/scratch/adam/cassava-raw/cassavaleafdata/train/cmd/train-cmd-96.jpg,3
/var/scratch/adam/cassava-raw/cassavaleafdata/train/cmd/train-cmd-960.jpg,3
/var/scratch/adam/cassava-raw/cassavaleafdata/train/cmd/train-cmd-961.jpg,3
/var/scratch/adam/cassava-raw/cassavaleafdata/train/cmd/train-cmd-962.jpg,3
/var/scratch/adam/cassava-raw/cassavaleafdata/train/cmd/train-cmd-963.jpg,3
/var/scratch/adam/cassava-raw/cassavaleafdata/train/cmd/train-cmd-964.jpg,3
/var/scratch/adam/cassava-raw/cassavaleafdata/train/cmd/train-cmd-965.jpg,3
/var/scratch/adam/cassava-raw/cassavaleafdata/train/cmd/train-cmd-966.jpg,3
/var/scratch/adam/cassava-raw/cassavaleafdata/train/cmd/train-cmd-967.jpg,3
/var/scratch/adam/cassava-raw/cassavaleafdata/train/cmd/train-cmd-968.jpg,3
/var/scratch/adam/cassava-raw/cassavaleafdata/train/cmd/train-cmd-969.jpg,3
/var/scratch/adam/cassava-raw/cassavaleafdata/train/cmd/train-cmd-97.jpg,3
/var/scratch/adam/cassava-raw/cassavaleafdata/train/cmd/train-cmd-970.jpg,3
/var/scratch/adam/cassava-raw/cassavaleafdata/train/cmd/train-cmd-971.jpg,3
/var/scratch/adam/cassava-raw/cassavaleafdata/train/cmd/train-cmd-972.jpg,3
/var/scratch/adam/cassava-raw/cassavaleafdata/train/cmd/train-cmd-973.jpg,3
/var/scratch/adam/cassava-raw/cassavaleafdata/train/cmd/train-cmd-974.jpg,3
/var/scratch/adam/cassava-raw/cassavaleafdata/train/cmd/train-cmd-975.jpg,3
/var/scratch/adam/cassava-raw/cassavaleafdata/train/cmd/train-cmd-976.jpg,3
/var/scratch/adam/cassava-raw/cassavaleafdata/train/cmd/train-cmd-977.jpg,3
/var/scratch/adam/cassava-raw/cassavaleafdata/train/cmd/train-cmd-978.jpg,3
/var/scratch/adam/cassava-raw/cassavaleafdata/train/cmd/train-cmd-979.jpg,3
/var/scratch/adam/cassava-raw/cassavaleafdata/train/cmd/train-cmd-98.jpg,3
/var/scratch/adam/cassava-raw/cassavaleafdata/train/cmd/train-cmd-980.jpg,3
/var/scratch/adam/cassava-raw/cassavaleafdata/train/cmd/train-cmd-981.jpg,3
/var/scratch/adam/cassava-raw/cassavaleafdata/train/cmd/train-cmd-982.jpg,3
/var/scratch/adam/cassava-raw/cassavaleafdata/train/cmd/train-cmd-983.jpg,3
/var/scratch/adam/cassava-raw/cassavaleafdata/train/cmd/train-cmd-984.jpg,3
/var/scratch/adam/cassava-raw/cassavaleafdata/train/cmd/train-cmd-985.jpg,3
/var/scratch/adam/cassava-raw/cassavaleafdata/train/cmd/train-cmd-986.jpg,3
/var/scratch/adam/cassava-raw/cassavaleafdata/train/cmd/train-cmd-987.jpg,3
/var/scratch/adam/cassava-raw/cassavaleafdata/train/cmd/train-cmd-988.jpg,3
/var/scratch/adam/cassava-raw/cassavaleafdata/train/cmd/train-cmd-989.jpg,3
/var/scratch/adam/cassava-raw/cassavaleafdata/train/cmd/train-cmd-99.jpg,3
/var/scratch/adam/cassava-raw/cassavaleafdata/train/cmd/train-cmd-990.jpg,3
/var/scratch/adam/cassava-raw/cassavaleafdata/train/cmd/train-cmd-991.jpg,3
/var/scratch/adam/cassava-raw/cassavaleafdata/train/cmd/train-cmd-992.jpg,3
/var/scratch/adam/cassava-raw/cassavaleafdata/train/cmd/train-cmd-993.jpg,3
/var/scratch/adam/cassava-raw/cassavaleafdata/train/cmd/train-cmd-994.jpg,3
/var/scratch/adam/cassava-raw/cassavaleafdata/train/cmd/train-cmd-995.jpg,3
/var/scratch/adam/cassava-raw/cassavaleafdata/train/cmd/train-cmd-996.jpg,3
/var/scratch/adam/cassava-raw/cassavaleafdata/train/cmd/train-cmd-997.jpg,3
/var/scratch/adam/cassava-raw/cassavaleafdata/train/cmd/train-cmd-998.jpg,3
/var/scratch/adam/cassava-raw/cassavaleafdata/train/cmd/train-cmd-999.jpg,3
/var/scratch/adam/cassava-raw/cassavaleafdata/train/healthy/train-healthy-0.jpg,4
/var/scratch/adam/cassava-raw/cassavaleafdata/train/healthy/train-healthy-1.jpg,4
/var/scratch/adam/cassava-raw/cassavaleafdata/train/healthy/train-healthy-10.jpg,4
/var/scratch/adam/cassava-raw/cassavaleafdata/train/healthy/train-healthy-100.jpg,4
/var/scratch/adam/cassava-raw/cassavaleafdata/train/healthy/train-healthy-101.jpg,4
/var/scratch/adam/cassava-raw/cassavaleafdata/train/healthy/train-healthy-102.jpg,4
/var/scratch/adam/cassava-raw/cassavaleafdata/train/healthy/train-healthy-103.jpg,4
/var/scratch/adam/cassava-raw/cassavaleafdata/train/healthy/train-healthy-104.jpg,4
/var/scratch/adam/cassava-raw/cassavaleafdata/train/healthy/train-healthy-105.jpg,4
/var/scratch/adam/cassava-raw/cassavaleafdata/train/healthy/train-healthy-106.jpg,4
/var/scratch/adam/cassava-raw/cassavaleafdata/train/healthy/train-healthy-107.jpg,4
/var/scratch/adam/cassava-raw/cassavaleafdata/train/healthy/train-healthy-108.jpg,4
/var/scratch/adam/cassava-raw/cassavaleafdata/train/healthy/train-healthy-109.jpg,4
/var/scratch/adam/cassava-raw/cassavaleafdata/train/healthy/train-healthy-11.jpg,4
/var/scratch/adam/cassava-raw/cassavaleafdata/train/healthy/train-healthy-110.jpg,4
/var/scratch/adam/cassava-raw/cassavaleafdata/train/healthy/train-healthy-111.jpg,4
/var/scratch/adam/cassava-raw/cassavaleafdata/train/healthy/train-healthy-112.jpg,4
/var/scratch/adam/cassava-raw/cassavaleafdata/train/healthy/train-healthy-113.jpg,4
/var/scratch/adam/cassava-raw/cassavaleafdata/train/healthy/train-healthy-114.jpg,4
/var/scratch/adam/cassava-raw/cassavaleafdata/train/healthy/train-healthy-115.jpg,4
/var/scratch/adam/cassava-raw/cassavaleafdata/train/healthy/train-healthy-116.jpg,4
/var/scratch/adam/cassava-raw/cassavaleafdata/train/healthy/train-healthy-117.jpg,4
/var/scratch/adam/cassava-raw/cassavaleafdata/train/healthy/train-healthy-118.jpg,4
/var/scratch/adam/cassava-raw/cassavaleafdata/train/healthy/train-healthy-119.jpg,4
/var/scratch/adam/cassava-raw/cassavaleafdata/train/healthy/train-healthy-12.jpg,4
/var/scratch/adam/cassava-raw/cassavaleafdata/train/healthy/train-healthy-120.jpg,4
/var/scratch/adam/cassava-raw/cassavaleafdata/train/healthy/train-healthy-121.jpg,4
/var/scratch/adam/cassava-raw/cassavaleafdata/train/healthy/train-healthy-122.jpg,4
/var/scratch/adam/cassava-raw/cassavaleafdata/train/healthy/train-healthy-123.jpg,4
/var/scratch/adam/cassava-raw/cassavaleafdata/train/healthy/train-healthy-124.jpg,4
/var/scratch/adam/cassava-raw/cassavaleafdata/train/healthy/train-healthy-125.jpg,4
/var/scratch/adam/cassava-raw/cassavaleafdata/train/healthy/train-healthy-126.jpg,4
/var/scratch/adam/cassava-raw/cassavaleafdata/train/healthy/train-healthy-127.jpg,4
/var/scratch/adam/cassava-raw/cassavaleafdata/train/healthy/train-healthy-128.jpg,4
/var/scratch/adam/cassava-raw/cassavaleafdata/train/healthy/train-healthy-129.jpg,4
/var/scratch/adam/cassava-raw/cassavaleafdata/train/healthy/train-healthy-13.jpg,4
/var/scratch/adam/cassava-raw/cassavaleafdata/train/healthy/train-healthy-130.jpg,4
/var/scratch/adam/cassava-raw/cassavaleafdata/train/healthy/train-healthy-131.jpg,4
/var/scratch/adam/cassava-raw/cassavaleafdata/train/healthy/train-healthy-132.jpg,4
/var/scratch/adam/cassava-raw/cassavaleafdata/train/healthy/train-healthy-133.jpg,4
/var/scratch/adam/cassava-raw/cassavaleafdata/train/healthy/train-healthy-134.jpg,4
/var/scratch/adam/cassava-raw/cassavaleafdata/train/healthy/train-healthy-135.jpg,4
/var/scratch/adam/cassava-raw/cassavaleafdata/train/healthy/train-healthy-136.jpg,4
/var/scratch/adam/cassava-raw/cassavaleafdata/train/healthy/train-healthy-137.jpg,4
/var/scratch/adam/cassava-raw/cassavaleafdata/train/healthy/train-healthy-138.jpg,4
/var/scratch/adam/cassava-raw/cassavaleafdata/train/healthy/train-healthy-139.jpg,4
/var/scratch/adam/cassava-raw/cassavaleafdata/train/healthy/train-healthy-14.jpg,4
/var/scratch/adam/cassava-raw/cassavaleafdata/train/healthy/train-healthy-140.jpg,4
/var/scratch/adam/cassava-raw/cassavaleafdata/train/healthy/train-healthy-141.jpg,4
/var/scratch/adam/cassava-raw/cassavaleafdata/train/healthy/train-healthy-142.jpg,4
/var/scratch/adam/cassava-raw/cassavaleafdata/train/healthy/train-healthy-143.jpg,4
/var/scratch/adam/cassava-raw/cassavaleafdata/train/healthy/train-healthy-144.jpg,4
/var/scratch/adam/cassava-raw/cassavaleafdata/train/healthy/train-healthy-145.jpg,4
/var/scratch/adam/cassava-raw/cassavaleafdata/train/healthy/train-healthy-146.jpg,4
/var/scratch/adam/cassava-raw/cassavaleafdata/train/healthy/train-healthy-147.jpg,4
/var/scratch/adam/cassava-raw/cassavaleafdata/train/healthy/train-healthy-148.jpg,4
/var/scratch/adam/cassava-raw/cassavaleafdata/train/healthy/train-healthy-149.jpg,4
/var/scratch/adam/cassava-raw/cassavaleafdata/train/healthy/train-healthy-15.jpg,4
/var/scratch/adam/cassava-raw/cassavaleafdata/train/healthy/train-healthy-150.jpg,4
/var/scratch/adam/cassava-raw/cassavaleafdata/train/healthy/train-healthy-151.jpg,4
/var/scratch/adam/cassava-raw/cassavaleafdata/train/healthy/train-healthy-152.jpg,4
/var/scratch/adam/cassava-raw/cassavaleafdata/train/healthy/train-healthy-153.jpg,4
/var/scratch/adam/cassava-raw/cassavaleafdata/train/healthy/train-healthy-154.jpg,4
/var/scratch/adam/cassava-raw/cassavaleafdata/train/healthy/train-healthy-155.jpg,4
/var/scratch/adam/cassava-raw/cassavaleafdata/train/healthy/train-healthy-156.jpg,4
/var/scratch/adam/cassava-raw/cassavaleafdata/train/healthy/train-healthy-157.jpg,4
/var/scratch/adam/cassava-raw/cassavaleafdata/train/healthy/train-healthy-158.jpg,4
/var/scratch/adam/cassava-raw/cassavaleafdata/train/healthy/train-healthy-159.jpg,4
/var/scratch/adam/cassava-raw/cassavaleafdata/train/healthy/train-healthy-16.jpg,4
/var/scratch/adam/cassava-raw/cassavaleafdata/train/healthy/train-healthy-160.jpg,4
/var/scratch/adam/cassava-raw/cassavaleafdata/train/healthy/train-healthy-161.jpg,4
/var/scratch/adam/cassava-raw/cassavaleafdata/train/healthy/train-healthy-162.jpg,4
/var/scratch/adam/cassava-raw/cassavaleafdata/train/healthy/train-healthy-163.jpg,4
/var/scratch/adam/cassava-raw/cassavaleafdata/train/healthy/train-healthy-164.jpg,4
/var/scratch/adam/cassava-raw/cassavaleafdata/train/healthy/train-healthy-165.jpg,4
/var/scratch/adam/cassava-raw/cassavaleafdata/train/healthy/train-healthy-166.jpg,4
/var/scratch/adam/cassava-raw/cassavaleafdata/train/healthy/train-healthy-167.jpg,4
/var/scratch/adam/cassava-raw/cassavaleafdata/train/healthy/train-healthy-168.jpg,4
/var/scratch/adam/cassava-raw/cassavaleafdata/train/healthy/train-healthy-169.jpg,4
/var/scratch/adam/cassava-raw/cassavaleafdata/train/healthy/train-healthy-17.jpg,4
/var/scratch/adam/cassava-raw/cassavaleafdata/train/healthy/train-healthy-170.jpg,4
/var/scratch/adam/cassava-raw/cassavaleafdata/train/healthy/train-healthy-171.jpg,4
/var/scratch/adam/cassava-raw/cassavaleafdata/train/healthy/train-healthy-172.jpg,4
/var/scratch/adam/cassava-raw/cassavaleafdata/train/healthy/train-healthy-173.jpg,4
/var/scratch/adam/cassava-raw/cassavaleafdata/train/healthy/train-healthy-174.jpg,4
/var/scratch/adam/cassava-raw/cassavaleafdata/train/healthy/train-healthy-175.jpg,4
/var/scratch/adam/cassava-raw/cassavaleafdata/train/healthy/train-healthy-176.jpg,4
/var/scratch/adam/cassava-raw/cassavaleafdata/train/healthy/train-healthy-177.jpg,4
/var/scratch/adam/cassava-raw/cassavaleafdata/train/healthy/train-healthy-178.jpg,4
/var/scratch/adam/cassava-raw/cassavaleafdata/train/healthy/train-healthy-179.jpg,4
/var/scratch/adam/cassava-raw/cassavaleafdata/train/healthy/train-healthy-18.jpg,4
/var/scratch/adam/cassava-raw/cassavaleafdata/train/healthy/train-healthy-180.jpg,4
/var/scratch/adam/cassava-raw/cassavaleafdata/train/healthy/train-healthy-181.jpg,4
/var/scratch/adam/cassava-raw/cassavaleafdata/train/healthy/train-healthy-182.jpg,4
/var/scratch/adam/cassava-raw/cassavaleafdata/train/healthy/train-healthy-183.jpg,4
/var/scratch/adam/cassava-raw/cassavaleafdata/train/healthy/train-healthy-184.jpg,4
/var/scratch/adam/cassava-raw/cassavaleafdata/train/healthy/train-healthy-185.jpg,4
/var/scratch/adam/cassava-raw/cassavaleafdata/train/healthy/train-healthy-186.jpg,4
/var/scratch/adam/cassava-raw/cassavaleafdata/train/healthy/train-healthy-187.jpg,4
/var/scratch/adam/cassava-raw/cassavaleafdata/train/healthy/train-healthy-188.jpg,4
/var/scratch/adam/cassava-raw/cassavaleafdata/train/healthy/train-healthy-189.jpg,4
/var/scratch/adam/cassava-raw/cassavaleafdata/train/healthy/train-healthy-19.jpg,4
/var/scratch/adam/cassava-raw/cassavaleafdata/train/healthy/train-healthy-190.jpg,4
/var/scratch/adam/cassava-raw/cassavaleafdata/train/healthy/train-healthy-191.jpg,4
/var/scratch/adam/cassava-raw/cassavaleafdata/train/healthy/train-healthy-192.jpg,4
/var/scratch/adam/cassava-raw/cassavaleafdata/train/healthy/train-healthy-193.jpg,4
/var/scratch/adam/cassava-raw/cassavaleafdata/train/healthy/train-healthy-194.jpg,4
/var/scratch/adam/cassava-raw/cassavaleafdata/train/healthy/train-healthy-195.jpg,4
/var/scratch/adam/cassava-raw/cassavaleafdata/train/healthy/train-healthy-196.jpg,4
/var/scratch/adam/cassava-raw/cassavaleafdata/train/healthy/train-healthy-197.jpg,4
/var/scratch/adam/cassava-raw/cassavaleafdata/train/healthy/train-healthy-198.jpg,4
/var/scratch/adam/cassava-raw/cassavaleafdata/train/healthy/train-healthy-199.jpg,4
/var/scratch/adam/cassava-raw/cassavaleafdata/train/healthy/train-healthy-2.jpg,4
/var/scratch/adam/cassava-raw/cassavaleafdata/train/healthy/train-healthy-20.jpg,4
/var/scratch/adam/cassava-raw/cassavaleafdata/train/healthy/train-healthy-200.jpg,4
/var/scratch/adam/cassava-raw/cassavaleafdata/train/healthy/train-healthy-201.jpg,4
/var/scratch/adam/cassava-raw/cassavaleafdata/train/healthy/train-healthy-202.jpg,4
/var/scratch/adam/cassava-raw/cassavaleafdata/train/healthy/train-healthy-203.jpg,4
/var/scratch/adam/cassava-raw/cassavaleafdata/train/healthy/train-healthy-204.jpg,4
/var/scratch/adam/cassava-raw/cassavaleafdata/train/healthy/train-healthy-205.jpg,4
/var/scratch/adam/cassava-raw/cassavaleafdata/train/healthy/train-healthy-206.jpg,4
/var/scratch/adam/cassava-raw/cassavaleafdata/train/healthy/train-healthy-207.jpg,4
/var/scratch/adam/cassava-raw/cassavaleafdata/train/healthy/train-healthy-208.jpg,4
/var/scratch/adam/cassava-raw/cassavaleafdata/train/healthy/train-healthy-209.jpg,4
/var/scratch/adam/cassava-raw/cassavaleafdata/train/healthy/train-healthy-21.jpg,4
/var/scratch/adam/cassava-raw/cassavaleafdata/train/healthy/train-healthy-210.jpg,4
/var/scratch/adam/cassava-raw/cassavaleafdata/train/healthy/train-healthy-211.jpg,4
/var/scratch/adam/cassava-raw/cassavaleafdata/train/healthy/train-healthy-212.jpg,4
/var/scratch/adam/cassava-raw/cassavaleafdata/train/healthy/train-healthy-213.jpg,4
/var/scratch/adam/cassava-raw/cassavaleafdata/train/healthy/train-healthy-214.jpg,4
/var/scratch/adam/cassava-raw/cassavaleafdata/train/healthy/train-healthy-215.jpg,4
/var/scratch/adam/cassava-raw/cassavaleafdata/train/healthy/train-healthy-216.jpg,4
/var/scratch/adam/cassava-raw/cassavaleafdata/train/healthy/train-healthy-217.jpg,4
/var/scratch/adam/cassava-raw/cassavaleafdata/train/healthy/train-healthy-218.jpg,4
/var/scratch/adam/cassava-raw/cassavaleafdata/train/healthy/train-healthy-219.jpg,4
/var/scratch/adam/cassava-raw/cassavaleafdata/train/healthy/train-healthy-22.jpg,4
/var/scratch/adam/cassava-raw/cassavaleafdata/train/healthy/train-healthy-220.jpg,4
/var/scratch/adam/cassava-raw/cassavaleafdata/train/healthy/train-healthy-221.jpg,4
/var/scratch/adam/cassava-raw/cassavaleafdata/train/healthy/train-healthy-222.jpg,4
/var/scratch/adam/cassava-raw/cassavaleafdata/train/healthy/train-healthy-223.jpg,4
/var/scratch/adam/cassava-raw/cassavaleafdata/train/healthy/train-healthy-224.jpg,4
/var/scratch/adam/cassava-raw/cassavaleafdata/train/healthy/train-healthy-225.jpg,4
/var/scratch/adam/cassava-raw/cassavaleafdata/train/healthy/train-healthy-226.jpg,4
/var/scratch/adam/cassava-raw/cassavaleafdata/train/healthy/train-healthy-227.jpg,4
/var/scratch/adam/cassava-raw/cassavaleafdata/train/healthy/train-healthy-228.jpg,4
/var/scratch/adam/cassava-raw/cassavaleafdata/train/healthy/train-healthy-229.jpg,4
/var/scratch/adam/cassava-raw/cassavaleafdata/train/healthy/train-healthy-23.jpg,4
/var/scratch/adam/cassava-raw/cassavaleafdata/train/healthy/train-healthy-230.jpg,4
/var/scratch/adam/cassava-raw/cassavaleafdata/train/healthy/train-healthy-231.jpg,4
/var/scratch/adam/cassava-raw/cassavaleafdata/train/healthy/train-healthy-232.jpg,4
/var/scratch/adam/cassava-raw/cassavaleafdata/train/healthy/train-healthy-233.jpg,4
/var/scratch/adam/cassava-raw/cassavaleafdata/train/healthy/train-healthy-234.jpg,4
/var/scratch/adam/cassava-raw/cassavaleafdata/train/healthy/train-healthy-235.jpg,4
/var/scratch/adam/cassava-raw/cassavaleafdata/train/healthy/train-healthy-236.jpg,4
/var/scratch/adam/cassava-raw/cassavaleafdata/train/healthy/train-healthy-237.jpg,4
/var/scratch/adam/cassava-raw/cassavaleafdata/train/healthy/train-healthy-238.jpg,4
/var/scratch/adam/cassava-raw/cassavaleafdata/train/healthy/train-healthy-239.jpg,4
/var/scratch/adam/cassava-raw/cassavaleafdata/train/healthy/train-healthy-24.jpg,4
/var/scratch/adam/cassava-raw/cassavaleafdata/train/healthy/train-healthy-240.jpg,4
/var/scratch/adam/cassava-raw/cassavaleafdata/train/healthy/train-healthy-241.jpg,4
/var/scratch/adam/cassava-raw/cassavaleafdata/train/healthy/train-healthy-242.jpg,4
/var/scratch/adam/cassava-raw/cassavaleafdata/train/healthy/train-healthy-243.jpg,4
/var/scratch/adam/cassava-raw/cassavaleafdata/train/healthy/train-healthy-244.jpg,4
/var/scratch/adam/cassava-raw/cassavaleafdata/train/healthy/train-healthy-245.jpg,4
/var/scratch/adam/cassava-raw/cassavaleafdata/train/healthy/train-healthy-246.jpg,4
/var/scratch/adam/cassava-raw/cassavaleafdata/train/healthy/train-healthy-247.jpg,4
/var/scratch/adam/cassava-raw/cassavaleafdata/train/healthy/train-healthy-248.jpg,4
/var/scratch/adam/cassava-raw/cassavaleafdata/train/healthy/train-healthy-249.jpg,4
/var/scratch/adam/cassava-raw/cassavaleafdata/train/healthy/train-healthy-25.jpg,4
/var/scratch/adam/cassava-raw/cassavaleafdata/train/healthy/train-healthy-250.jpg,4
/var/scratch/adam/cassava-raw/cassavaleafdata/train/healthy/train-healthy-251.jpg,4
/var/scratch/adam/cassava-raw/cassavaleafdata/train/healthy/train-healthy-252.jpg,4
/var/scratch/adam/cassava-raw/cassavaleafdata/train/healthy/train-healthy-253.jpg,4
/var/scratch/adam/cassava-raw/cassavaleafdata/train/healthy/train-healthy-254.jpg,4
/var/scratch/adam/cassava-raw/cassavaleafdata/train/healthy/train-healthy-255.jpg,4
/var/scratch/adam/cassava-raw/cassavaleafdata/train/healthy/train-healthy-256.jpg,4
/var/scratch/adam/cassava-raw/cassavaleafdata/train/healthy/train-healthy-257.jpg,4
/var/scratch/adam/cassava-raw/cassavaleafdata/train/healthy/train-healthy-258.jpg,4
/var/scratch/adam/cassava-raw/cassavaleafdata/train/healthy/train-healthy-259.jpg,4
/var/scratch/adam/cassava-raw/cassavaleafdata/train/healthy/train-healthy-26.jpg,4
/var/scratch/adam/cassava-raw/cassavaleafdata/train/healthy/train-healthy-260.jpg,4
/var/scratch/adam/cassava-raw/cassavaleafdata/train/healthy/train-healthy-261.jpg,4
/var/scratch/adam/cassava-raw/cassavaleafdata/train/healthy/train-healthy-262.jpg,4
/var/scratch/adam/cassava-raw/cassavaleafdata/train/healthy/train-healthy-263.jpg,4
/var/scratch/adam/cassava-raw/cassavaleafdata/train/healthy/train-healthy-264.jpg,4
/var/scratch/adam/cassava-raw/cassavaleafdata/train/healthy/train-healthy-265.jpg,4
/var/scratch/adam/cassava-raw/cassavaleafdata/train/healthy/train-healthy-266.jpg,4
/var/scratch/adam/cassava-raw/cassavaleafdata/train/healthy/train-healthy-267.jpg,4
/var/scratch/adam/cassava-raw/cassavaleafdata/train/healthy/train-healthy-268.jpg,4
/var/scratch/adam/cassava-raw/cassavaleafdata/train/healthy/train-healthy-269.jpg,4
/var/scratch/adam/cassava-raw/cassavaleafdata/train/healthy/train-healthy-27.jpg,4
/var/scratch/adam/cassava-raw/cassavaleafdata/train/healthy/train-healthy-270.jpg,4
/var/scratch/adam/cassava-raw/cassavaleafdata/train/healthy/train-healthy-271.jpg,4
/var/scratch/adam/cassava-raw/cassavaleafdata/train/healthy/train-healthy-272.jpg,4
/var/scratch/adam/cassava-raw/cassavaleafdata/train/healthy/train-healthy-273.jpg,4
/var/scratch/adam/cassava-raw/cassavaleafdata/train/healthy/train-healthy-274.jpg,4
/var/scratch/adam/cassava-raw/cassavaleafdata/train/healthy/train-healthy-275.jpg,4
/var/scratch/adam/cassava-raw/cassavaleafdata/train/healthy/train-healthy-276.jpg,4
/var/scratch/adam/cassava-raw/cassavaleafdata/train/healthy/train-healthy-277.jpg,4
/var/scratch/adam/cassava-raw/cassavaleafdata/train/healthy/train-healthy-278.jpg,4
/var/scratch/adam/cassava-raw/cassavaleafdata/train/healthy/train-healthy-279.jpg,4
/var/scratch/adam/cassava-raw/cassavaleafdata/train/healthy/train-healthy-28.jpg,4
/var/scratch/adam/cassava-raw/cassavaleafdata/train/healthy/train-healthy-280.jpg,4
/var/scratch/adam/cassava-raw/cassavaleafdata/train/healthy/train-healthy-281.jpg,4
/var/scratch/adam/cassava-raw/cassavaleafdata/train/healthy/train-healthy-29.jpg,4
/var/scratch/adam/cassava-raw/cassavaleafdata/train/healthy/train-healthy-282.jpg,4
/var/scratch/adam/cassava-raw/cassavaleafdata/train/healthy/train-healthy-283.jpg,4
/var/scratch/adam/cassava-raw/cassavaleafdata/train/healthy/train-healthy-284.jpg,4
/var/scratch/adam/cassava-raw/cassavaleafdata/train/healthy/train-healthy-285.jpg,4
/var/scratch/adam/cassava-raw/cassavaleafdata/train/healthy/train-healthy-286.jpg,4
/var/scratch/adam/cassava-raw/cassavaleafdata/train/healthy/train-healthy-287.jpg,4
/var/scratch/adam/cassava-raw/cassavaleafdata/train/healthy/train-healthy-288.jpg,4
/var/scratch/adam/cassava-raw/cassavaleafdata/train/healthy/train-healthy-289.jpg,4
/var/scratch/adam/cassava-raw/cassavaleafdata/train/healthy/train-healthy-290.jpg,4
/var/scratch/adam/cassava-raw/cassavaleafdata/train/healthy/train-healthy-291.jpg,4
/var/scratch/adam/cassava-raw/cassavaleafdata/train/healthy/train-healthy-292.jpg,4
/var/scratch/adam/cassava-raw/cassavaleafdata/train/healthy/train-healthy-293.jpg,4
/var/scratch/adam/cassava-raw/cassavaleafdata/train/healthy/train-healthy-294.jpg,4
/var/scratch/adam/cassava-raw/cassavaleafdata/train/healthy/train-healthy-295.jpg,4
/var/scratch/adam/cassava-raw/cassavaleafdata/train/healthy/train-healthy-296.jpg,4
/var/scratch/adam/cassava-raw/cassavaleafdata/train/healthy/train-healthy-297.jpg,4
/var/scratch/adam/cassava-raw/cassavaleafdata/train/healthy/train-healthy-298.jpg,4
/var/scratch/adam/cassava-raw/cassavaleafdata/train/healthy/train-healthy-299.jpg,4
/var/scratch/adam/cassava-raw/cassavaleafdata/train/healthy/train-healthy-3.jpg,4
/var/scratch/adam/cassava-raw/cassavaleafdata/train/healthy/train-healthy-30.jpg,4
/var/scratch/adam/cassava-raw/cassavaleafdata/train/healthy/train-healthy-300.jpg,4
/var/scratch/adam/cassava-raw/cassavaleafdata/train/healthy/train-healthy-301.jpg,4
/var/scratch/adam/cassava-raw/cassavaleafdata/train/healthy/train-healthy-302.jpg,4
/var/scratch/adam/cassava-raw/cassavaleafdata/train/healthy/train-healthy-303.jpg,4
/var/scratch/adam/cassava-raw/cassavaleafdata/train/healthy/train-healthy-304.jpg,4
/var/scratch/adam/cassava-raw/cassavaleafdata/train/healthy/train-healthy-305.jpg,4
/var/scratch/adam/cassava-raw/cassavaleafdata/train/healthy/train-healthy-306.jpg,4
/var/scratch/adam/cassava-raw/cassavaleafdata/train/healthy/train-healthy-307.jpg,4
/var/scratch/adam/cassava-raw/cassavaleafdata/train/healthy/train-healthy-308.jpg,4
/var/scratch/adam/cassava-raw/cassavaleafdata/train/healthy/train-healthy-309.jpg,4
/var/scratch/adam/cassava-raw/cassavaleafdata/train/healthy/train-healthy-31.jpg,4
/var/scratch/adam/cassava-raw/cassavaleafdata/train/healthy/train-healthy-310.jpg,4
/var/scratch/adam/cassava-raw/cassavaleafdata/train/healthy/train-healthy-311.jpg,4
/var/scratch/adam/cassava-raw/cassavaleafdata/train/healthy/train-healthy-312.jpg,4
/var/scratch/adam/cassava-raw/cassavaleafdata/train/healthy/train-healthy-313.jpg,4
/var/scratch/adam/cassava-raw/cassavaleafdata/train/healthy/train-healthy-314.jpg,4
/var/scratch/adam/cassava-raw/cassavaleafdata/train/healthy/train-healthy-315.jpg,4
/var/scratch/adam/cassava-raw/cassavaleafdata/train/healthy/train-healthy-32.jpg,4
/var/scratch/adam/cassava-raw/cassavaleafdata/train/healthy/train-healthy-33.jpg,4
/var/scratch/adam/cassava-raw/cassavaleafdata/train/healthy/train-healthy-34.jpg,4
/var/scratch/adam/cassava-raw/cassavaleafdata/train/healthy/train-healthy-35.jpg,4
/var/scratch/adam/cassava-raw/cassavaleafdata/train/healthy/train-healthy-36.jpg,4
/var/scratch/adam/cassava-raw/cassavaleafdata/train/healthy/train-healthy-37.jpg,4
/var/scratch/adam/cassava-raw/cassavaleafdata/train/healthy/train-healthy-38.jpg,4
/var/scratch/adam/cassava-raw/cassavaleafdata/train/healthy/train-healthy-39.jpg,4
/var/scratch/adam/cassava-raw/cassavaleafdata/train/healthy/train-healthy-4.jpg,4
/var/scratch/adam/cassava-raw/cassavaleafdata/train/healthy/train-healthy-40.jpg,4
/var/scratch/adam/cassava-raw/cassavaleafdata/train/healthy/train-healthy-41.jpg,4
/var/scratch/adam/cassava-raw/cassavaleafdata/train/healthy/train-healthy-42.jpg,4
/var/scratch/adam/cassava-raw/cassavaleafdata/train/healthy/train-healthy-43.jpg,4
/var/scratch/adam/cassava-raw/cassavaleafdata/train/healthy/train-healthy-44.jpg,4
/var/scratch/adam/cassava-raw/cassavaleafdata/train/healthy/train-healthy-45.jpg,4
/var/scratch/adam/cassava-raw/cassavaleafdata/train/healthy/train-healthy-46.jpg,4
/var/scratch/adam/cassava-raw/cassavaleafdata/train/healthy/train-healthy-47.jpg,4
/var/scratch/adam/cassava-raw/cassavaleafdata/train/healthy/train-healthy-48.jpg,4
/var/scratch/adam/cassava-raw/cassavaleafdata/train/healthy/train-healthy-49.jpg,4
/var/scratch/adam/cassava-raw/cassavaleafdata/train/healthy/train-healthy-5.jpg,4
/var/scratch/adam/cassava-raw/cassavaleafdata/train/healthy/train-healthy-50.jpg,4
/var/scratch/adam/cassava-raw/cassavaleafdata/train/healthy/train-healthy-51.jpg,4
/var/scratch/adam/cassava-raw/cassavaleafdata/train/healthy/train-healthy-52.jpg,4
/var/scratch/adam/cassava-raw/cassavaleafdata/train/healthy/train-healthy-53.jpg,4
/var/scratch/adam/cassava-raw/cassavaleafdata/train/healthy/train-healthy-54.jpg,4
/var/scratch/adam/cassava-raw/cassavaleafdata/train/healthy/train-healthy-55.jpg,4
/var/scratch/adam/cassava-raw/cassavaleafdata/train/healthy/train-healthy-56.jpg,4
/var/scratch/adam/cassava-raw/cassavaleafdata/train/healthy/train-healthy-57.jpg,4
/var/scratch/adam/cassava-raw/cassavaleafdata/train/healthy/train-healthy-58.jpg,4
/var/scratch/adam/cassava-raw/cassavaleafdata/train/healthy/train-healthy-59.jpg,4
/var/scratch/adam/cassava-raw/cassavaleafdata/train/healthy/train-healthy-6.jpg,4
/var/scratch/adam/cassava-raw/cassavaleafdata/train/healthy/train-healthy-60.jpg,4
/var/scratch/adam/cassava-raw/cassavaleafdata/train/healthy/train-healthy-61.jpg,4
/var/scratch/adam/cassava-raw/cassavaleafdata/train/healthy/train-healthy-62.jpg,4
/var/scratch/adam/cassava-raw/cassavaleafdata/train/healthy/train-healthy-63.jpg,4
/var/scratch/adam/cassava-raw/cassavaleafdata/train/healthy/train-healthy-64.jpg,4
/var/scratch/adam/cassava-raw/cassavaleafdata/train/healthy/train-healthy-65.jpg,4
/var/scratch/adam/cassava-raw/cassavaleafdata/train/healthy/train-healthy-66.jpg,4
/var/scratch/adam/cassava-raw/cassavaleafdata/train/healthy/train-healthy-67.jpg,4
/var/scratch/adam/cassava-raw/cassavaleafdata/train/healthy/train-healthy-68.jpg,4
/var/scratch/adam/cassava-raw/cassavaleafdata/train/healthy/train-healthy-69.jpg,4
/var/scratch/adam/cassava-raw/cassavaleafdata/train/healthy/train-healthy-7.jpg,4
/var/scratch/adam/cassava-raw/cassavaleafdata/train/healthy/train-healthy-70.jpg,4
/var/scratch/adam/cassava-raw/cassavaleafdata/train/healthy/train-healthy-71.jpg,4
/var/scratch/adam/cassava-raw/cassavaleafdata/train/healthy/train-healthy-72.jpg,4
/var/scratch/adam/cassava-raw/cassavaleafdata/train/healthy/train-healthy-73.jpg,4
/var/scratch/adam/cassava-raw/cassavaleafdata/train/healthy/train-healthy-74.jpg,4
/var/scratch/adam/cassava-raw/cassavaleafdata/train/healthy/train-healthy-75.jpg,4
/var/scratch/adam/cassava-raw/cassavaleafdata/train/healthy/train-healthy-76.jpg,4
/var/scratch/adam/cassava-raw/cassavaleafdata/train/healthy/train-healthy-77.jpg,4
/var/scratch/adam/cassava-raw/cassavaleafdata/train/healthy/train-healthy-78.jpg,4
/var/scratch/adam/cassava-raw/cassavaleafdata/train/healthy/train-healthy-79.jpg,4
/var/scratch/adam/cassava-raw/cassavaleafdata/train/healthy/train-healthy-8.jpg,4
/var/scratch/adam/cassava-raw/cassavaleafdata/train/healthy/train-healthy-80.jpg,4
/var/scratch/adam/cassava-raw/cassavaleafdata/train/healthy/train-healthy-81.jpg,4
/var/scratch/adam/cassava-raw/cassavaleafdata/train/healthy/train-healthy-82.jpg,4
/var/scratch/adam/cassava-raw/cassavaleafdata/train/healthy/train-healthy-83.jpg,4
/var/scratch/adam/cassava-raw/cassavaleafdata/train/healthy/train-healthy-84.jpg,4
/var/scratch/adam/cassava-raw/cassavaleafdata/train/healthy/train-healthy-85.jpg,4
/var/scratch/adam/cassava-raw/cassavaleafdata/train/healthy/train-healthy-86.jpg,4
/var/scratch/adam/cassava-raw/cassavaleafdata/train/healthy/train-healthy-87.jpg,4
/var/scratch/adam/cassava-raw/cassavaleafdata/train/healthy/train-healthy-88.jpg,4
/var/scratch/adam/cassava-raw/cassavaleafdata/train/healthy/train-healthy-89.jpg,4
/var/scratch/adam/cassava-raw/cassavaleafdata/train/healthy/train-healthy-9.jpg,4
/var/scratch/adam/cassava-raw/cassavaleafdata/train/healthy/train-healthy-90.jpg,4
/var/scratch/adam/cassava-raw/cassavaleafdata/train/healthy/train-healthy-91.jpg,4
/var/scratch/adam/cassava-raw/cassavaleafdata/train/healthy/train-healthy-92.jpg,4
/var/scratch/adam/cassava-raw/cassavaleafdata/train/healthy/train-healthy-93.jpg,4
/var/scratch/adam/cassava-raw/cassavaleafdata/train/healthy/train-healthy-94.jpg,4
/var/scratch/adam/cassava-raw/cassavaleafdata/train/healthy/train-healthy-95.jpg,4
/var/scratch/adam/cassava-raw/cassavaleafdata/train/healthy/train-healthy-96.jpg,4
/var/scratch/adam/cassava-raw/cassavaleafdata/train/healthy/train-healthy-97.jpg,4
/var/scratch/adam/cassava-raw/cassavaleafdata/train/healthy/train-healthy-98.jpg,4
/var/scratch/adam/cassava-raw/cassavaleafdata/train/healthy/train-healthy-99.jpg,4
