image,label
/var/scratch/adam/cassava-raw/cassavaleafdata/train/cmd/train-cmd-2308.jpg,3
/var/scratch/adam/cassava-raw/cassavaleafdata/train/cbsd/train-cbsd-253.jpg,1
/var/scratch/adam/cassava-raw/cassavaleafdata/train/cbsd/train-cbsd-547.jpg,1
/var/scratch/adam/cassava-raw/cassavaleafdata/train/cmd/train-cmd-1189.jpg,3
/var/scratch/adam/cassava-raw/cassavaleafdata/train/cmd/train-cmd-2483.jpg,3
/var/scratch/adam/cassava-raw/cassavaleafdata/train/cbb/train-cbb-106.jpg,0
/var/scratch/adam/cassava-raw/cassavaleafdata/train/cmd/train-cmd-1690.jpg,3
/var/scratch/adam/cassava-raw/cassavaleafdata/train/cmd/train-cmd-387.jpg,3
/var/scratch/adam/cassava-raw/cassavaleafdata/train/cmd/train-cmd-1290.jpg,3
/var/scratch/adam/cassava-raw/cassavaleafdata/train/cbb/train-cbb-300.jpg,0
/var/scratch/adam/cassava-raw/cassavaleafdata/train/cgm/train-cgm-484.jpg,2
/var/scratch/adam/cassava-raw/cassavaleafdata/train/cmd/train-cmd-1516.jpg,3
/var/scratch/adam/cassava-raw/cassavaleafdata/train/cmd/train-cmd-159.jpg,3
/var/scratch/adam/cassava-raw/cassavaleafdata/train/cgm/train-cgm-251.jpg,2
/var/scratch/adam/cassava-raw/cassavaleafdata/train/cmd/train-cmd-76.jpg,3
/var/scratch/adam/cassava-raw/cassavaleafdata/train/cgm/train-cgm-744.jpg,2
/var/scratch/adam/cassava-raw/cassavaleafdata/train/cbsd/train-cbsd-1129.jpg,1
/var/scratch/adam/cassava-raw/cassavaleafdata/train/cbsd/train-cbsd-631.jpg,1
/var/scratch/adam/cassava-raw/cassavaleafdata/train/healthy/train-healthy-28.jpg,4
/var/scratch/adam/cassava-raw/cassavaleafdata/train/cmd/train-cmd-1908.jpg,3
/var/scratch/adam/cassava-raw/cassavaleafdata/train/cmd/train-cmd-363.jpg,3
/var/scratch/adam/cassava-raw/cassavaleafdata/train/cgm/train-cgm-170.jpg,2
/var/scratch/adam/cassava-raw/cassavaleafdata/train/cbsd/train-cbsd-944.jpg,1
/var/scratch/adam/cassava-raw/cassavaleafdata/train/cbb/train-cbb-16.jpg,0
/var/scratch/adam/cassava-raw/cassavaleafdata/train/healthy/train-healthy-46.jpg,4
/var/scratch/adam/cassava-raw/cassavaleafdata/train/cgm/train-cgm-89.jpg,2
/var/scratch/adam/cassava-raw/cassavaleafdata/train/cbsd/train-cbsd-1240.jpg,1
/var/scratch/adam/cassava-raw/cassavaleafdata/train/cgm/train-cgm-318.jpg,2
/var/scratch/adam/cassava-raw/cassavaleafdata/train/cmd/train-cmd-721.jpg,3
/var/scratch/adam/cassava-raw/cassavaleafdata/train/cmd/train-cmd-1571.jpg,3
/var/scratch/adam/cassava-raw/cassavaleafdata/train/healthy/train-healthy-26.jpg,4
/var/scratch/adam/cassava-raw/cassavaleafdata/train/cbsd/train-cbsd-168.jpg,1
/var/scratch/adam/cassava-raw/cassavaleafdata/train/cmd/train-cmd-1796.jpg,3
/var/scratch/adam/cassava-raw/cassavaleafdata/train/cbsd/train-cbsd-672.jpg,1
/var/scratch/adam/cassava-raw/cassavaleafdata/train/cmd/train-cmd-2376.jpg,3
/var/scratch/adam/cassava-raw/cassavaleafdata/train/cbb/train-cbb-105.jpg,0
/var/scratch/adam/cassava-raw/cassavaleafdata/train/cbb/train-cbb-445.jpg,0
/var/scratch/adam/cassava-raw/cassavaleafdata/train/cmd/train-cmd-1293.jpg,3
/var/scratch/adam/cassava-raw/cassavaleafdata/train/cbsd/train-cbsd-1334.jpg,1
/var/scratch/adam/cassava-raw/cassavaleafdata/train/cmd/train-cmd-528.jpg,3
/var/scratch/adam/cassava-raw/cassavaleafdata/train/cmd/train-cmd-231.jpg,3
/var/scratch/adam/cassava-raw/cassavaleafdata/train/cmd/train-cmd-2124.jpg,3
/var/scratch/adam/cassava-raw/cassavaleafdata/train/cgm/train-cgm-515.jpg,2
/var/scratch/adam/cassava-raw/cassavaleafdata/train/cbsd/train-cbsd-125.jpg,1
/var/scratch/adam/cassava-raw/cassavaleafdata/train/healthy/train-healthy-290.jpg,4
/var/scratch/adam/cassava-raw/cassavaleafdata/train/cmd/train-cmd-1134.jpg,3
/var/scratch/adam/cassava-raw/cassavaleafdata/train/cgm/train-cgm-66.jpg,2
/var/scratch/adam/cassava-raw/cassavaleafdata/train/cbsd/train-cbsd-356.jpg,1
/var/scratch/adam/cassava-raw/cassavaleafdata/train/cmd/train-cmd-454.jpg,3
/var/scratch/adam/cassava-raw/cassavaleafdata/train/cbb/train-cbb-412.jpg,0
/var/scratch/adam/cassava-raw/cassavaleafdata/train/cgm/train-cgm-246.jpg,2
/var/scratch/adam/cassava-raw/cassavaleafdata/train/cbb/train-cbb-415.jpg,0
/var/scratch/adam/cassava-raw/cassavaleafdata/train/cmd/train-cmd-1448.jpg,3
/var/scratch/adam/cassava-raw/cassavaleafdata/train/cmd/train-cmd-1896.jpg,3
/var/scratch/adam/cassava-raw/cassavaleafdata/train/cbb/train-cbb-73.jpg,0
/var/scratch/adam/cassava-raw/cassavaleafdata/train/cmd/train-cmd-830.jpg,3
/var/scratch/adam/cassava-raw/cassavaleafdata/train/cbsd/train-cbsd-630.jpg,1
/var/scratch/adam/cassava-raw/cassavaleafdata/train/cbsd/train-cbsd-403.jpg,1
/var/scratch/adam/cassava-raw/cassavaleafdata/train/cbsd/train-cbsd-381.jpg,1
/var/scratch/adam/cassava-raw/cassavaleafdata/train/cbsd/train-cbsd-331.jpg,1
/var/scratch/adam/cassava-raw/cassavaleafdata/train/cgm/train-cgm-471.jpg,2
/var/scratch/adam/cassava-raw/cassavaleafdata/train/cmd/train-cmd-2445.jpg,3
/var/scratch/adam/cassava-raw/cassavaleafdata/train/healthy/train-healthy-205.jpg,4
/var/scratch/adam/cassava-raw/cassavaleafdata/train/cgm/train-cgm-220.jpg,2
/var/scratch/adam/cassava-raw/cassavaleafdata/train/cmd/train-cmd-1257.jpg,3
/var/scratch/adam/cassava-raw/cassavaleafdata/train/cbsd/train-cbsd-257.jpg,1
/var/scratch/adam/cassava-raw/cassavaleafdata/train/cmd/train-cmd-290.jpg,3
/var/scratch/adam/cassava-raw/cassavaleafdata/train/cbb/train-cbb-349.jpg,0
/var/scratch/adam/cassava-raw/cassavaleafdata/train/cmd/train-cmd-534.jpg,3
/var/scratch/adam/cassava-raw/cassavaleafdata/train/cbsd/train-cbsd-1188.jpg,1
/var/scratch/adam/cassava-raw/cassavaleafdata/train/cmd/train-cmd-567.jpg,3
/var/scratch/adam/cassava-raw/cassavaleafdata/train/cgm/train-cgm-211.jpg,2
/var/scratch/adam/cassava-raw/cassavaleafdata/train/cbsd/train-cbsd-809.jpg,1
/var/scratch/adam/cassava-raw/cassavaleafdata/train/cmd/train-cmd-2227.jpg,3
/var/scratch/adam/cassava-raw/cassavaleafdata/train/cmd/train-cmd-1670.jpg,3
/var/scratch/adam/cassava-raw/cassavaleafdata/train/cmd/train-cmd-202.jpg,3
/var/scratch/adam/cassava-raw/cassavaleafdata/train/cbsd/train-cbsd-1409.jpg,1
/var/scratch/adam/cassava-raw/cassavaleafdata/train/cbsd/train-cbsd-832.jpg,1
/var/scratch/adam/cassava-raw/cassavaleafdata/train/cbsd/train-cbsd-954.jpg,1
/var/scratch/adam/cassava-raw/cassavaleafdata/train/cmd/train-cmd-1697.jpg,3
/var/scratch/adam/cassava-raw/cassavaleafdata/train/cmd/train-cmd-1230.jpg,3
/var/scratch/adam/cassava-raw/cassavaleafdata/train/cbsd/train-cbsd-836.jpg,1
/var/scratch/adam/cassava-raw/cassavaleafdata/train/cmd/train-cmd-764.jpg,3
/var/scratch/adam/cassava-raw/cassavaleafdata/train/cbsd/train-cbsd-1262.jpg,1
/var/scratch/adam/cassava-raw/cassavaleafdata/train/cmd/train-cmd-206.jpg,3
/var/scratch/adam/cassava-raw/cassavaleafdata/train/cbsd/train-cbsd-1284.jpg,1
/var/scratch/adam/cassava-raw/cassavaleafdata/train/cbb/train-cbb-317.jpg,0
/var/scratch/adam/cassava-raw/cassavaleafdata/train/cbsd/train-cbsd-953.jpg,1
/var/scratch/adam/cassava-raw/cassavaleafdata/train/cbsd/train-cbsd-788.jpg,1
/var/scratch/adam/cassava-raw/cassavaleafdata/train/cgm/train-cgm-178.jpg,2
/var/scratch/adam/cassava-raw/cassavaleafdata/train/cmd/train-cmd-512.jpg,3
/var/scratch/adam/cassava-raw/cassavaleafdata/train/cbb/train-cbb-298.jpg,0
/var/scratch/adam/cassava-raw/cassavaleafdata/train/cgm/train-cgm-492.jpg,2
/var/scratch/adam/cassava-raw/cassavaleafdata/train/cmd/train-cmd-1476.jpg,3
/var/scratch/adam/cassava-raw/cassavaleafdata/train/cmd/train-cmd-1045.jpg,3
/var/scratch/adam/cassava-raw/cassavaleafdata/train/cgm/train-cgm-557.jpg,2
/var/scratch/adam/cassava-raw/cassavaleafdata/train/cbsd/train-cbsd-497.jpg,1
/var/scratch/adam/cassava-raw/cassavaleafdata/train/cmd/train-cmd-1542.jpg,3
/var/scratch/adam/cassava-raw/cassavaleafdata/train/cbsd/train-cbsd-1158.jpg,1
/var/scratch/adam/cassava-raw/cassavaleafdata/train/cbsd/train-cbsd-1265.jpg,1
/var/scratch/adam/cassava-raw/cassavaleafdata/train/cbsd/train-cbsd-892.jpg,1
/var/scratch/adam/cassava-raw/cassavaleafdata/train/cgm/train-cgm-622.jpg,2
/var/scratch/adam/cassava-raw/cassavaleafdata/train/cbsd/train-cbsd-650.jpg,1
/var/scratch/adam/cassava-raw/cassavaleafdata/train/cmd/train-cmd-2249.jpg,3
/var/scratch/adam/cassava-raw/cassavaleafdata/train/cmd/train-cmd-1374.jpg,3
/var/scratch/adam/cassava-raw/cassavaleafdata/train/cbsd/train-cbsd-221.jpg,1
/var/scratch/adam/cassava-raw/cassavaleafdata/train/cmd/train-cmd-666.jpg,3
/var/scratch/adam/cassava-raw/cassavaleafdata/train/cgm/train-cgm-586.jpg,2
/var/scratch/adam/cassava-raw/cassavaleafdata/train/cbsd/train-cbsd-1120.jpg,1
/var/scratch/adam/cassava-raw/cassavaleafdata/train/cbsd/train-cbsd-621.jpg,1
/var/scratch/adam/cassava-raw/cassavaleafdata/train/cmd/train-cmd-1543.jpg,3
/var/scratch/adam/cassava-raw/cassavaleafdata/train/cmd/train-cmd-170.jpg,3
/var/scratch/adam/cassava-raw/cassavaleafdata/train/cmd/train-cmd-1650.jpg,3
/var/scratch/adam/cassava-raw/cassavaleafdata/train/cmd/train-cmd-1708.jpg,3
/var/scratch/adam/cassava-raw/cassavaleafdata/train/cgm/train-cgm-670.jpg,2
/var/scratch/adam/cassava-raw/cassavaleafdata/train/cgm/train-cgm-192.jpg,2
/var/scratch/adam/cassava-raw/cassavaleafdata/train/cmd/train-cmd-323.jpg,3
/var/scratch/adam/cassava-raw/cassavaleafdata/train/cgm/train-cgm-679.jpg,2
/var/scratch/adam/cassava-raw/cassavaleafdata/train/cgm/train-cgm-284.jpg,2
/var/scratch/adam/cassava-raw/cassavaleafdata/train/cmd/train-cmd-1504.jpg,3
/var/scratch/adam/cassava-raw/cassavaleafdata/train/cmd/train-cmd-51.jpg,3
/var/scratch/adam/cassava-raw/cassavaleafdata/train/cgm/train-cgm-429.jpg,2
/var/scratch/adam/cassava-raw/cassavaleafdata/train/cgm/train-cgm-73.jpg,2
/var/scratch/adam/cassava-raw/cassavaleafdata/train/cmd/train-cmd-2180.jpg,3
/var/scratch/adam/cassava-raw/cassavaleafdata/train/cbsd/train-cbsd-1302.jpg,1
/var/scratch/adam/cassava-raw/cassavaleafdata/train/cmd/train-cmd-2163.jpg,3
/var/scratch/adam/cassava-raw/cassavaleafdata/train/cgm/train-cgm-607.jpg,2
/var/scratch/adam/cassava-raw/cassavaleafdata/train/cmd/train-cmd-241.jpg,3
/var/scratch/adam/cassava-raw/cassavaleafdata/train/cbb/train-cbb-309.jpg,0
/var/scratch/adam/cassava-raw/cassavaleafdata/train/cmd/train-cmd-990.jpg,3
/var/scratch/adam/cassava-raw/cassavaleafdata/train/cbb/train-cbb-24.jpg,0
/var/scratch/adam/cassava-raw/cassavaleafdata/train/cbb/train-cbb-233.jpg,0
/var/scratch/adam/cassava-raw/cassavaleafdata/train/cmd/train-cmd-1622.jpg,3
/var/scratch/adam/cassava-raw/cassavaleafdata/train/cmd/train-cmd-800.jpg,3
/var/scratch/adam/cassava-raw/cassavaleafdata/train/cmd/train-cmd-756.jpg,3
/var/scratch/adam/cassava-raw/cassavaleafdata/train/cbsd/train-cbsd-269.jpg,1
/var/scratch/adam/cassava-raw/cassavaleafdata/train/cbsd/train-cbsd-499.jpg,1
/var/scratch/adam/cassava-raw/cassavaleafdata/train/cmd/train-cmd-2063.jpg,3
/var/scratch/adam/cassava-raw/cassavaleafdata/train/cbsd/train-cbsd-24.jpg,1
/var/scratch/adam/cassava-raw/cassavaleafdata/train/cmd/train-cmd-1468.jpg,3
/var/scratch/adam/cassava-raw/cassavaleafdata/train/cgm/train-cgm-724.jpg,2
/var/scratch/adam/cassava-raw/cassavaleafdata/train/cmd/train-cmd-810.jpg,3
/var/scratch/adam/cassava-raw/cassavaleafdata/train/cmd/train-cmd-1432.jpg,3
/var/scratch/adam/cassava-raw/cassavaleafdata/train/cmd/train-cmd-367.jpg,3
/var/scratch/adam/cassava-raw/cassavaleafdata/train/cbb/train-cbb-325.jpg,0
/var/scratch/adam/cassava-raw/cassavaleafdata/train/cbb/train-cbb-364.jpg,0
/var/scratch/adam/cassava-raw/cassavaleafdata/train/cmd/train-cmd-2088.jpg,3
/var/scratch/adam/cassava-raw/cassavaleafdata/train/cmd/train-cmd-1802.jpg,3
/var/scratch/adam/cassava-raw/cassavaleafdata/train/cbb/train-cbb-91.jpg,0
/var/scratch/adam/cassava-raw/cassavaleafdata/train/cmd/train-cmd-1696.jpg,3
/var/scratch/adam/cassava-raw/cassavaleafdata/train/cbsd/train-cbsd-1003.jpg,1
/var/scratch/adam/cassava-raw/cassavaleafdata/train/healthy/train-healthy-21.jpg,4
/var/scratch/adam/cassava-raw/cassavaleafdata/train/cbsd/train-cbsd-585.jpg,1
/var/scratch/adam/cassava-raw/cassavaleafdata/train/cbsd/train-cbsd-1311.jpg,1
/var/scratch/adam/cassava-raw/cassavaleafdata/train/cmd/train-cmd-353.jpg,3
/var/scratch/adam/cassava-raw/cassavaleafdata/train/cmd/train-cmd-99.jpg,3
/var/scratch/adam/cassava-raw/cassavaleafdata/train/cmd/train-cmd-1511.jpg,3
/var/scratch/adam/cassava-raw/cassavaleafdata/train/cmd/train-cmd-327.jpg,3
/var/scratch/adam/cassava-raw/cassavaleafdata/train/cbsd/train-cbsd-1204.jpg,1
/var/scratch/adam/cassava-raw/cassavaleafdata/train/cgm/train-cgm-98.jpg,2
/var/scratch/adam/cassava-raw/cassavaleafdata/train/cbsd/train-cbsd-338.jpg,1
/var/scratch/adam/cassava-raw/cassavaleafdata/train/cmd/train-cmd-1398.jpg,3
/var/scratch/adam/cassava-raw/cassavaleafdata/train/cmd/train-cmd-430.jpg,3
/var/scratch/adam/cassava-raw/cassavaleafdata/train/cbsd/train-cbsd-1088.jpg,1
/var/scratch/adam/cassava-raw/cassavaleafdata/train/cbsd/train-cbsd-1059.jpg,1
/var/scratch/adam/cassava-raw/cassavaleafdata/train/cbsd/train-cbsd-1415.jpg,1
/var/scratch/adam/cassava-raw/cassavaleafdata/train/cbsd/train-cbsd-337.jpg,1
/var/scratch/adam/cassava-raw/cassavaleafdata/train/cgm/train-cgm-171.jpg,2
/var/scratch/adam/cassava-raw/cassavaleafdata/train/cbsd/train-cbsd-188.jpg,1
/var/scratch/adam/cassava-raw/cassavaleafdata/train/cmd/train-cmd-781.jpg,3
/var/scratch/adam/cassava-raw/cassavaleafdata/train/cbb/train-cbb-142.jpg,0
/var/scratch/adam/cassava-raw/cassavaleafdata/train/healthy/train-healthy-289.jpg,4
/var/scratch/adam/cassava-raw/cassavaleafdata/train/cbsd/train-cbsd-769.jpg,1
/var/scratch/adam/cassava-raw/cassavaleafdata/train/cmd/train-cmd-882.jpg,3
/var/scratch/adam/cassava-raw/cassavaleafdata/train/cbsd/train-cbsd-406.jpg,1
/var/scratch/adam/cassava-raw/cassavaleafdata/train/cgm/train-cgm-704.jpg,2
/var/scratch/adam/cassava-raw/cassavaleafdata/train/cmd/train-cmd-1646.jpg,3
/var/scratch/adam/cassava-raw/cassavaleafdata/train/cmd/train-cmd-595.jpg,3
/var/scratch/adam/cassava-raw/cassavaleafdata/train/cmd/train-cmd-400.jpg,3
/var/scratch/adam/cassava-raw/cassavaleafdata/train/cgm/train-cgm-114.jpg,2
/var/scratch/adam/cassava-raw/cassavaleafdata/train/cgm/train-cgm-551.jpg,2
/var/scratch/adam/cassava-raw/cassavaleafdata/train/cbsd/train-cbsd-305.jpg,1
/var/scratch/adam/cassava-raw/cassavaleafdata/train/cgm/train-cgm-726.jpg,2
/var/scratch/adam/cassava-raw/cassavaleafdata/train/healthy/train-healthy-185.jpg,4
/var/scratch/adam/cassava-raw/cassavaleafdata/train/cbsd/train-cbsd-1227.jpg,1
/var/scratch/adam/cassava-raw/cassavaleafdata/train/healthy/train-healthy-15.jpg,4
/var/scratch/adam/cassava-raw/cassavaleafdata/train/cmd/train-cmd-865.jpg,3
/var/scratch/adam/cassava-raw/cassavaleafdata/train/cbsd/train-cbsd-449.jpg,1
/var/scratch/adam/cassava-raw/cassavaleafdata/train/cmd/train-cmd-765.jpg,3
/var/scratch/adam/cassava-raw/cassavaleafdata/train/healthy/train-healthy-23.jpg,4
/var/scratch/adam/cassava-raw/cassavaleafdata/train/cbb/train-cbb-308.jpg,0
/var/scratch/adam/cassava-raw/cassavaleafdata/train/cbsd/train-cbsd-302.jpg,1
/var/scratch/adam/cassava-raw/cassavaleafdata/train/cmd/train-cmd-2112.jpg,3
/var/scratch/adam/cassava-raw/cassavaleafdata/train/cmd/train-cmd-2116.jpg,3
/var/scratch/adam/cassava-raw/cassavaleafdata/train/cgm/train-cgm-755.jpg,2
/var/scratch/adam/cassava-raw/cassavaleafdata/train/cmd/train-cmd-1628.jpg,3
/var/scratch/adam/cassava-raw/cassavaleafdata/train/cgm/train-cgm-575.jpg,2
/var/scratch/adam/cassava-raw/cassavaleafdata/train/cbb/train-cbb-138.jpg,0
/var/scratch/adam/cassava-raw/cassavaleafdata/train/healthy/train-healthy-186.jpg,4
/var/scratch/adam/cassava-raw/cassavaleafdata/train/cbb/train-cbb-292.jpg,0
/var/scratch/adam/cassava-raw/cassavaleafdata/train/cgm/train-cgm-681.jpg,2
/var/scratch/adam/cassava-raw/cassavaleafdata/train/cbb/train-cbb-303.jpg,0
/var/scratch/adam/cassava-raw/cassavaleafdata/train/cbsd/train-cbsd-653.jpg,1
/var/scratch/adam/cassava-raw/cassavaleafdata/train/cgm/train-cgm-761.jpg,2
/var/scratch/adam/cassava-raw/cassavaleafdata/train/cbb/train-cbb-311.jpg,0
/var/scratch/adam/cassava-raw/cassavaleafdata/train/cmd/train-cmd-2522.jpg,3
/var/scratch/adam/cassava-raw/cassavaleafdata/train/cmd/train-cmd-2348.jpg,3
/var/scratch/adam/cassava-raw/cassavaleafdata/train/cmd/train-cmd-1850.jpg,3
/var/scratch/adam/cassava-raw/cassavaleafdata/train/cbsd/train-cbsd-484.jpg,1
/var/scratch/adam/cassava-raw/cassavaleafdata/train/cmd/train-cmd-2020.jpg,3
/var/scratch/adam/cassava-raw/cassavaleafdata/train/cbb/train-cbb-17.jpg,0
/var/scratch/adam/cassava-raw/cassavaleafdata/train/cmd/train-cmd-2237.jpg,3
/var/scratch/adam/cassava-raw/cassavaleafdata/train/cgm/train-cgm-225.jpg,2
/var/scratch/adam/cassava-raw/cassavaleafdata/train/cbsd/train-cbsd-651.jpg,1
/var/scratch/adam/cassava-raw/cassavaleafdata/train/cmd/train-cmd-2639.jpg,3
/var/scratch/adam/cassava-raw/cassavaleafdata/train/cmd/train-cmd-757.jpg,3
/var/scratch/adam/cassava-raw/cassavaleafdata/train/cmd/train-cmd-2162.jpg,3
/var/scratch/adam/cassava-raw/cassavaleafdata/train/cmd/train-cmd-2393.jpg,3
/var/scratch/adam/cassava-raw/cassavaleafdata/train/cmd/train-cmd-2243.jpg,3
/var/scratch/adam/cassava-raw/cassavaleafdata/train/cbsd/train-cbsd-1242.jpg,1
/var/scratch/adam/cassava-raw/cassavaleafdata/train/cgm/train-cgm-705.jpg,2
/var/scratch/adam/cassava-raw/cassavaleafdata/train/cbsd/train-cbsd-70.jpg,1
/var/scratch/adam/cassava-raw/cassavaleafdata/train/cmd/train-cmd-670.jpg,3
/var/scratch/adam/cassava-raw/cassavaleafdata/train/cbb/train-cbb-212.jpg,0
/var/scratch/adam/cassava-raw/cassavaleafdata/train/healthy/train-healthy-209.jpg,4
/var/scratch/adam/cassava-raw/cassavaleafdata/train/cgm/train-cgm-638.jpg,2
/var/scratch/adam/cassava-raw/cassavaleafdata/train/cmd/train-cmd-1855.jpg,3
/var/scratch/adam/cassava-raw/cassavaleafdata/train/cbb/train-cbb-333.jpg,0
/var/scratch/adam/cassava-raw/cassavaleafdata/train/cmd/train-cmd-664.jpg,3
/var/scratch/adam/cassava-raw/cassavaleafdata/train/cmd/train-cmd-2573.jpg,3
/var/scratch/adam/cassava-raw/cassavaleafdata/train/cgm/train-cgm-222.jpg,2
/var/scratch/adam/cassava-raw/cassavaleafdata/train/cmd/train-cmd-2378.jpg,3
/var/scratch/adam/cassava-raw/cassavaleafdata/train/cgm/train-cgm-53.jpg,2
/var/scratch/adam/cassava-raw/cassavaleafdata/train/cmd/train-cmd-2146.jpg,3
/var/scratch/adam/cassava-raw/cassavaleafdata/train/cmd/train-cmd-2167.jpg,3
/var/scratch/adam/cassava-raw/cassavaleafdata/train/cmd/train-cmd-1831.jpg,3
/var/scratch/adam/cassava-raw/cassavaleafdata/train/healthy/train-healthy-279.jpg,4
/var/scratch/adam/cassava-raw/cassavaleafdata/train/cgm/train-cgm-432.jpg,2
/var/scratch/adam/cassava-raw/cassavaleafdata/train/cbsd/train-cbsd-241.jpg,1
/var/scratch/adam/cassava-raw/cassavaleafdata/train/cbsd/train-cbsd-19.jpg,1
/var/scratch/adam/cassava-raw/cassavaleafdata/train/cmd/train-cmd-1652.jpg,3
/var/scratch/adam/cassava-raw/cassavaleafdata/train/healthy/train-healthy-122.jpg,4
/var/scratch/adam/cassava-raw/cassavaleafdata/train/cbsd/train-cbsd-1417.jpg,1
/var/scratch/adam/cassava-raw/cassavaleafdata/train/cbsd/train-cbsd-600.jpg,1
/var/scratch/adam/cassava-raw/cassavaleafdata/train/cmd/train-cmd-1878.jpg,3
/var/scratch/adam/cassava-raw/cassavaleafdata/train/cmd/train-cmd-2467.jpg,3
/var/scratch/adam/cassava-raw/cassavaleafdata/train/cbb/train-cbb-71.jpg,0
/var/scratch/adam/cassava-raw/cassavaleafdata/train/cbb/train-cbb-296.jpg,0
/var/scratch/adam/cassava-raw/cassavaleafdata/train/cmd/train-cmd-1943.jpg,3
/var/scratch/adam/cassava-raw/cassavaleafdata/train/cgm/train-cgm-169.jpg,2
/var/scratch/adam/cassava-raw/cassavaleafdata/train/cmd/train-cmd-1518.jpg,3
/var/scratch/adam/cassava-raw/cassavaleafdata/train/cmd/train-cmd-308.jpg,3
/var/scratch/adam/cassava-raw/cassavaleafdata/train/cbb/train-cbb-383.jpg,0
/var/scratch/adam/cassava-raw/cassavaleafdata/train/cmd/train-cmd-1916.jpg,3
/var/scratch/adam/cassava-raw/cassavaleafdata/train/cbsd/train-cbsd-873.jpg,1
/var/scratch/adam/cassava-raw/cassavaleafdata/train/cmd/train-cmd-2265.jpg,3
/var/scratch/adam/cassava-raw/cassavaleafdata/train/cmd/train-cmd-1278.jpg,3
/var/scratch/adam/cassava-raw/cassavaleafdata/train/cmd/train-cmd-1761.jpg,3
/var/scratch/adam/cassava-raw/cassavaleafdata/train/cbb/train-cbb-290.jpg,0
/var/scratch/adam/cassava-raw/cassavaleafdata/train/cbsd/train-cbsd-966.jpg,1
/var/scratch/adam/cassava-raw/cassavaleafdata/train/cmd/train-cmd-1973.jpg,3
/var/scratch/adam/cassava-raw/cassavaleafdata/train/cgm/train-cgm-623.jpg,2
/var/scratch/adam/cassava-raw/cassavaleafdata/train/cmd/train-cmd-147.jpg,3
/var/scratch/adam/cassava-raw/cassavaleafdata/train/cmd/train-cmd-2048.jpg,3
/var/scratch/adam/cassava-raw/cassavaleafdata/train/cgm/train-cgm-482.jpg,2
/var/scratch/adam/cassava-raw/cassavaleafdata/train/cbsd/train-cbsd-1427.jpg,1
/var/scratch/adam/cassava-raw/cassavaleafdata/train/cmd/train-cmd-673.jpg,3
/var/scratch/adam/cassava-raw/cassavaleafdata/train/cmd/train-cmd-1830.jpg,3
/var/scratch/adam/cassava-raw/cassavaleafdata/train/cmd/train-cmd-966.jpg,3
/var/scratch/adam/cassava-raw/cassavaleafdata/train/cmd/train-cmd-274.jpg,3
/var/scratch/adam/cassava-raw/cassavaleafdata/train/cmd/train-cmd-1413.jpg,3
/var/scratch/adam/cassava-raw/cassavaleafdata/train/cgm/train-cgm-499.jpg,2
/var/scratch/adam/cassava-raw/cassavaleafdata/train/healthy/train-healthy-314.jpg,4
/var/scratch/adam/cassava-raw/cassavaleafdata/train/cmd/train-cmd-520.jpg,3
/var/scratch/adam/cassava-raw/cassavaleafdata/train/cmd/train-cmd-1393.jpg,3
/var/scratch/adam/cassava-raw/cassavaleafdata/train/cmd/train-cmd-986.jpg,3
/var/scratch/adam/cassava-raw/cassavaleafdata/train/cbsd/train-cbsd-287.jpg,1
/var/scratch/adam/cassava-raw/cassavaleafdata/train/cbsd/train-cbsd-644.jpg,1
/var/scratch/adam/cassava-raw/cassavaleafdata/train/cmd/train-cmd-2332.jpg,3
/var/scratch/adam/cassava-raw/cassavaleafdata/train/cbsd/train-cbsd-949.jpg,1
/var/scratch/adam/cassava-raw/cassavaleafdata/train/cmd/train-cmd-2259.jpg,3
/var/scratch/adam/cassava-raw/cassavaleafdata/train/cbb/train-cbb-34.jpg,0
/var/scratch/adam/cassava-raw/cassavaleafdata/train/cbb/train-cbb-264.jpg,0
/var/scratch/adam/cassava-raw/cassavaleafdata/train/cmd/train-cmd-1525.jpg,3
/var/scratch/adam/cassava-raw/cassavaleafdata/train/cmd/train-cmd-1494.jpg,3
/var/scratch/adam/cassava-raw/cassavaleafdata/train/cbb/train-cbb-119.jpg,0
/var/scratch/adam/cassava-raw/cassavaleafdata/train/cmd/train-cmd-2125.jpg,3
/var/scratch/adam/cassava-raw/cassavaleafdata/train/cmd/train-cmd-715.jpg,3
/var/scratch/adam/cassava-raw/cassavaleafdata/train/cmd/train-cmd-2569.jpg,3
/var/scratch/adam/cassava-raw/cassavaleafdata/train/cgm/train-cgm-330.jpg,2
/var/scratch/adam/cassava-raw/cassavaleafdata/train/cmd/train-cmd-30.jpg,3
/var/scratch/adam/cassava-raw/cassavaleafdata/train/cmd/train-cmd-1545.jpg,3
/var/scratch/adam/cassava-raw/cassavaleafdata/train/cbsd/train-cbsd-738.jpg,1
/var/scratch/adam/cassava-raw/cassavaleafdata/train/cmd/train-cmd-225.jpg,3
/var/scratch/adam/cassava-raw/cassavaleafdata/train/cbsd/train-cbsd-740.jpg,1
/var/scratch/adam/cassava-raw/cassavaleafdata/train/cmd/train-cmd-2526.jpg,3
/var/scratch/adam/cassava-raw/cassavaleafdata/train/cgm/train-cgm-369.jpg,2
/var/scratch/adam/cassava-raw/cassavaleafdata/train/cmd/train-cmd-412.jpg,3
/var/scratch/adam/cassava-raw/cassavaleafdata/train/cmd/train-cmd-1741.jpg,3
/var/scratch/adam/cassava-raw/cassavaleafdata/train/cmd/train-cmd-1808.jpg,3
/var/scratch/adam/cassava-raw/cassavaleafdata/train/cbsd/train-cbsd-541.jpg,1
/var/scratch/adam/cassava-raw/cassavaleafdata/train/cgm/train-cgm-64.jpg,2
/var/scratch/adam/cassava-raw/cassavaleafdata/train/cmd/train-cmd-1624.jpg,3
/var/scratch/adam/cassava-raw/cassavaleafdata/train/cmd/train-cmd-1924.jpg,3
/var/scratch/adam/cassava-raw/cassavaleafdata/train/cmd/train-cmd-1119.jpg,3
/var/scratch/adam/cassava-raw/cassavaleafdata/train/cgm/train-cgm-383.jpg,2
/var/scratch/adam/cassava-raw/cassavaleafdata/train/healthy/train-healthy-202.jpg,4
/var/scratch/adam/cassava-raw/cassavaleafdata/train/cmd/train-cmd-2147.jpg,3
/var/scratch/adam/cassava-raw/cassavaleafdata/train/healthy/train-healthy-249.jpg,4
/var/scratch/adam/cassava-raw/cassavaleafdata/train/cbsd/train-cbsd-207.jpg,1
/var/scratch/adam/cassava-raw/cassavaleafdata/train/cmd/train-cmd-191.jpg,3
/var/scratch/adam/cassava-raw/cassavaleafdata/train/cgm/train-cgm-738.jpg,2
/var/scratch/adam/cassava-raw/cassavaleafdata/train/cmd/train-cmd-1529.jpg,3
/var/scratch/adam/cassava-raw/cassavaleafdata/train/cbsd/train-cbsd-572.jpg,1
/var/scratch/adam/cassava-raw/cassavaleafdata/train/cmd/train-cmd-2601.jpg,3
/var/scratch/adam/cassava-raw/cassavaleafdata/train/cmd/train-cmd-1597.jpg,3
/var/scratch/adam/cassava-raw/cassavaleafdata/train/cgm/train-cgm-312.jpg,2
/var/scratch/adam/cassava-raw/cassavaleafdata/train/cmd/train-cmd-1507.jpg,3
/var/scratch/adam/cassava-raw/cassavaleafdata/train/cbsd/train-cbsd-1373.jpg,1
/var/scratch/adam/cassava-raw/cassavaleafdata/train/cbsd/train-cbsd-133.jpg,1
/var/scratch/adam/cassava-raw/cassavaleafdata/train/cmd/train-cmd-792.jpg,3
/var/scratch/adam/cassava-raw/cassavaleafdata/train/cmd/train-cmd-870.jpg,3
/var/scratch/adam/cassava-raw/cassavaleafdata/train/cmd/train-cmd-599.jpg,3
/var/scratch/adam/cassava-raw/cassavaleafdata/train/cmd/train-cmd-1399.jpg,3
/var/scratch/adam/cassava-raw/cassavaleafdata/train/cgm/train-cgm-244.jpg,2
/var/scratch/adam/cassava-raw/cassavaleafdata/train/cbsd/train-cbsd-9.jpg,1
/var/scratch/adam/cassava-raw/cassavaleafdata/train/cmd/train-cmd-572.jpg,3
/var/scratch/adam/cassava-raw/cassavaleafdata/train/cbsd/train-cbsd-926.jpg,1
/var/scratch/adam/cassava-raw/cassavaleafdata/train/cbb/train-cbb-2.jpg,0
/var/scratch/adam/cassava-raw/cassavaleafdata/train/cmd/train-cmd-2482.jpg,3
/var/scratch/adam/cassava-raw/cassavaleafdata/train/cbsd/train-cbsd-507.jpg,1
/var/scratch/adam/cassava-raw/cassavaleafdata/train/healthy/train-healthy-245.jpg,4
/var/scratch/adam/cassava-raw/cassavaleafdata/train/cgm/train-cgm-340.jpg,2
/var/scratch/adam/cassava-raw/cassavaleafdata/train/cmd/train-cmd-1344.jpg,3
/var/scratch/adam/cassava-raw/cassavaleafdata/train/cgm/train-cgm-611.jpg,2
/var/scratch/adam/cassava-raw/cassavaleafdata/train/healthy/train-healthy-32.jpg,4
/var/scratch/adam/cassava-raw/cassavaleafdata/train/cmd/train-cmd-1479.jpg,3
/var/scratch/adam/cassava-raw/cassavaleafdata/train/cmd/train-cmd-2315.jpg,3
/var/scratch/adam/cassava-raw/cassavaleafdata/train/cmd/train-cmd-2225.jpg,3
/var/scratch/adam/cassava-raw/cassavaleafdata/train/cbsd/train-cbsd-1288.jpg,1
/var/scratch/adam/cassava-raw/cassavaleafdata/train/cmd/train-cmd-887.jpg,3
/var/scratch/adam/cassava-raw/cassavaleafdata/train/cbsd/train-cbsd-775.jpg,1
/var/scratch/adam/cassava-raw/cassavaleafdata/train/cgm/train-cgm-632.jpg,2
/var/scratch/adam/cassava-raw/cassavaleafdata/train/cgm/train-cgm-649.jpg,2
/var/scratch/adam/cassava-raw/cassavaleafdata/train/cgm/train-cgm-112.jpg,2
/var/scratch/adam/cassava-raw/cassavaleafdata/train/cgm/train-cgm-690.jpg,2
/var/scratch/adam/cassava-raw/cassavaleafdata/train/cmd/train-cmd-1039.jpg,3
/var/scratch/adam/cassava-raw/cassavaleafdata/train/cmd/train-cmd-325.jpg,3
/var/scratch/adam/cassava-raw/cassavaleafdata/train/cbb/train-cbb-175.jpg,0
/var/scratch/adam/cassava-raw/cassavaleafdata/train/cmd/train-cmd-871.jpg,3
/var/scratch/adam/cassava-raw/cassavaleafdata/train/cmd/train-cmd-1552.jpg,3
/var/scratch/adam/cassava-raw/cassavaleafdata/train/cmd/train-cmd-1001.jpg,3
/var/scratch/adam/cassava-raw/cassavaleafdata/train/cbsd/train-cbsd-382.jpg,1
/var/scratch/adam/cassava-raw/cassavaleafdata/train/cmd/train-cmd-1096.jpg,3
/var/scratch/adam/cassava-raw/cassavaleafdata/train/cmd/train-cmd-736.jpg,3
/var/scratch/adam/cassava-raw/cassavaleafdata/train/cmd/train-cmd-44.jpg,3
/var/scratch/adam/cassava-raw/cassavaleafdata/train/cbsd/train-cbsd-887.jpg,1
/var/scratch/adam/cassava-raw/cassavaleafdata/train/cmd/train-cmd-247.jpg,3
/var/scratch/adam/cassava-raw/cassavaleafdata/train/cmd/train-cmd-2377.jpg,3
/var/scratch/adam/cassava-raw/cassavaleafdata/train/cmd/train-cmd-1625.jpg,3
/var/scratch/adam/cassava-raw/cassavaleafdata/train/cbb/train-cbb-18.jpg,0
/var/scratch/adam/cassava-raw/cassavaleafdata/train/cmd/train-cmd-492.jpg,3
/var/scratch/adam/cassava-raw/cassavaleafdata/train/cgm/train-cgm-103.jpg,2
/var/scratch/adam/cassava-raw/cassavaleafdata/train/cmd/train-cmd-453.jpg,3
/var/scratch/adam/cassava-raw/cassavaleafdata/train/cbsd/train-cbsd-705.jpg,1
/var/scratch/adam/cassava-raw/cassavaleafdata/train/cgm/train-cgm-627.jpg,2
/var/scratch/adam/cassava-raw/cassavaleafdata/train/healthy/train-healthy-200.jpg,4
/var/scratch/adam/cassava-raw/cassavaleafdata/train/cbb/train-cbb-176.jpg,0
/var/scratch/adam/cassava-raw/cassavaleafdata/train/cbb/train-cbb-155.jpg,0
/var/scratch/adam/cassava-raw/cassavaleafdata/train/cbsd/train-cbsd-1130.jpg,1
/var/scratch/adam/cassava-raw/cassavaleafdata/train/cmd/train-cmd-2337.jpg,3
/var/scratch/adam/cassava-raw/cassavaleafdata/train/healthy/train-healthy-236.jpg,4
/var/scratch/adam/cassava-raw/cassavaleafdata/train/cbsd/train-cbsd-763.jpg,1
/var/scratch/adam/cassava-raw/cassavaleafdata/train/cmd/train-cmd-2458.jpg,3
/var/scratch/adam/cassava-raw/cassavaleafdata/train/cmd/train-cmd-1928.jpg,3
/var/scratch/adam/cassava-raw/cassavaleafdata/train/cmd/train-cmd-2590.jpg,3
/var/scratch/adam/cassava-raw/cassavaleafdata/train/cgm/train-cgm-90.jpg,2
/var/scratch/adam/cassava-raw/cassavaleafdata/train/cmd/train-cmd-1965.jpg,3
/var/scratch/adam/cassava-raw/cassavaleafdata/train/cmd/train-cmd-1673.jpg,3
/var/scratch/adam/cassava-raw/cassavaleafdata/train/cmd/train-cmd-2624.jpg,3
/var/scratch/adam/cassava-raw/cassavaleafdata/train/cmd/train-cmd-2037.jpg,3
/var/scratch/adam/cassava-raw/cassavaleafdata/train/cmd/train-cmd-682.jpg,3
/var/scratch/adam/cassava-raw/cassavaleafdata/train/cmd/train-cmd-1934.jpg,3
/var/scratch/adam/cassava-raw/cassavaleafdata/train/cbsd/train-cbsd-692.jpg,1
/var/scratch/adam/cassava-raw/cassavaleafdata/train/cmd/train-cmd-1441.jpg,3
/var/scratch/adam/cassava-raw/cassavaleafdata/train/cbsd/train-cbsd-712.jpg,1
/var/scratch/adam/cassava-raw/cassavaleafdata/train/healthy/train-healthy-108.jpg,4
/var/scratch/adam/cassava-raw/cassavaleafdata/train/cbsd/train-cbsd-538.jpg,1
/var/scratch/adam/cassava-raw/cassavaleafdata/train/healthy/train-healthy-276.jpg,4
/var/scratch/adam/cassava-raw/cassavaleafdata/train/cmd/train-cmd-2375.jpg,3
/var/scratch/adam/cassava-raw/cassavaleafdata/train/cmd/train-cmd-1316.jpg,3
/var/scratch/adam/cassava-raw/cassavaleafdata/train/cmd/train-cmd-2230.jpg,3
/var/scratch/adam/cassava-raw/cassavaleafdata/train/cbsd/train-cbsd-675.jpg,1
/var/scratch/adam/cassava-raw/cassavaleafdata/train/cmd/train-cmd-2126.jpg,3
/var/scratch/adam/cassava-raw/cassavaleafdata/train/cbsd/train-cbsd-569.jpg,1
/var/scratch/adam/cassava-raw/cassavaleafdata/train/cmd/train-cmd-1165.jpg,3
/var/scratch/adam/cassava-raw/cassavaleafdata/train/cmd/train-cmd-248.jpg,3
/var/scratch/adam/cassava-raw/cassavaleafdata/train/cmd/train-cmd-1558.jpg,3
/var/scratch/adam/cassava-raw/cassavaleafdata/train/cbsd/train-cbsd-626.jpg,1
/var/scratch/adam/cassava-raw/cassavaleafdata/train/cmd/train-cmd-527.jpg,3
/var/scratch/adam/cassava-raw/cassavaleafdata/train/cmd/train-cmd-2516.jpg,3
/var/scratch/adam/cassava-raw/cassavaleafdata/train/cmd/train-cmd-2224.jpg,3
/var/scratch/adam/cassava-raw/cassavaleafdata/train/cbsd/train-cbsd-46.jpg,1
/var/scratch/adam/cassava-raw/cassavaleafdata/train/cmd/train-cmd-1642.jpg,3
/var/scratch/adam/cassava-raw/cassavaleafdata/train/cgm/train-cgm-543.jpg,2
/var/scratch/adam/cassava-raw/cassavaleafdata/train/cmd/train-cmd-1373.jpg,3
/var/scratch/adam/cassava-raw/cassavaleafdata/train/cbsd/train-cbsd-663.jpg,1
/var/scratch/adam/cassava-raw/cassavaleafdata/train/cbsd/train-cbsd-1246.jpg,1
/var/scratch/adam/cassava-raw/cassavaleafdata/train/cmd/train-cmd-447.jpg,3
/var/scratch/adam/cassava-raw/cassavaleafdata/train/cbb/train-cbb-188.jpg,0
/var/scratch/adam/cassava-raw/cassavaleafdata/train/cmd/train-cmd-983.jpg,3
/var/scratch/adam/cassava-raw/cassavaleafdata/train/cmd/train-cmd-431.jpg,3
/var/scratch/adam/cassava-raw/cassavaleafdata/train/healthy/train-healthy-131.jpg,4
/var/scratch/adam/cassava-raw/cassavaleafdata/train/cmd/train-cmd-2326.jpg,3
/var/scratch/adam/cassava-raw/cassavaleafdata/train/cbsd/train-cbsd-1165.jpg,1
/var/scratch/adam/cassava-raw/cassavaleafdata/train/cmd/train-cmd-1376.jpg,3
/var/scratch/adam/cassava-raw/cassavaleafdata/train/cbsd/train-cbsd-418.jpg,1
/var/scratch/adam/cassava-raw/cassavaleafdata/train/cmd/train-cmd-282.jpg,3
/var/scratch/adam/cassava-raw/cassavaleafdata/train/cgm/train-cgm-578.jpg,2
/var/scratch/adam/cassava-raw/cassavaleafdata/train/cmd/train-cmd-598.jpg,3
/var/scratch/adam/cassava-raw/cassavaleafdata/train/cmd/train-cmd-2504.jpg,3
/var/scratch/adam/cassava-raw/cassavaleafdata/train/cbsd/train-cbsd-765.jpg,1
/var/scratch/adam/cassava-raw/cassavaleafdata/train/cbsd/train-cbsd-917.jpg,1
/var/scratch/adam/cassava-raw/cassavaleafdata/train/cmd/train-cmd-1450.jpg,3
/var/scratch/adam/cassava-raw/cassavaleafdata/train/cgm/train-cgm-329.jpg,2
/var/scratch/adam/cassava-raw/cassavaleafdata/train/cmd/train-cmd-2160.jpg,3
/var/scratch/adam/cassava-raw/cassavaleafdata/train/cmd/train-cmd-2264.jpg,3
/var/scratch/adam/cassava-raw/cassavaleafdata/train/cbsd/train-cbsd-742.jpg,1
/var/scratch/adam/cassava-raw/cassavaleafdata/train/cbsd/train-cbsd-466.jpg,1
/var/scratch/adam/cassava-raw/cassavaleafdata/train/cmd/train-cmd-1784.jpg,3
/var/scratch/adam/cassava-raw/cassavaleafdata/train/cbsd/train-cbsd-964.jpg,1
/var/scratch/adam/cassava-raw/cassavaleafdata/train/cbsd/train-cbsd-398.jpg,1
/var/scratch/adam/cassava-raw/cassavaleafdata/train/cbsd/train-cbsd-480.jpg,1
/var/scratch/adam/cassava-raw/cassavaleafdata/train/cgm/train-cgm-335.jpg,2
/var/scratch/adam/cassava-raw/cassavaleafdata/train/cbb/train-cbb-461.jpg,0
/var/scratch/adam/cassava-raw/cassavaleafdata/train/cbsd/train-cbsd-1389.jpg,1
/var/scratch/adam/cassava-raw/cassavaleafdata/train/cmd/train-cmd-1862.jpg,3
/var/scratch/adam/cassava-raw/cassavaleafdata/train/cmd/train-cmd-1117.jpg,3
/var/scratch/adam/cassava-raw/cassavaleafdata/train/cbb/train-cbb-131.jpg,0
/var/scratch/adam/cassava-raw/cassavaleafdata/train/cmd/train-cmd-582.jpg,3
/var/scratch/adam/cassava-raw/cassavaleafdata/train/cbsd/train-cbsd-938.jpg,1
/var/scratch/adam/cassava-raw/cassavaleafdata/train/cmd/train-cmd-605.jpg,3
/var/scratch/adam/cassava-raw/cassavaleafdata/train/cbsd/train-cbsd-758.jpg,1
/var/scratch/adam/cassava-raw/cassavaleafdata/train/cbsd/train-cbsd-683.jpg,1
/var/scratch/adam/cassava-raw/cassavaleafdata/train/cmd/train-cmd-1391.jpg,3
/var/scratch/adam/cassava-raw/cassavaleafdata/train/cbsd/train-cbsd-923.jpg,1
/var/scratch/adam/cassava-raw/cassavaleafdata/train/cmd/train-cmd-1960.jpg,3
/var/scratch/adam/cassava-raw/cassavaleafdata/train/cgm/train-cgm-349.jpg,2
/var/scratch/adam/cassava-raw/cassavaleafdata/train/cmd/train-cmd-1148.jpg,3
/var/scratch/adam/cassava-raw/cassavaleafdata/train/healthy/train-healthy-120.jpg,4
/var/scratch/adam/cassava-raw/cassavaleafdata/train/cbsd/train-cbsd-1358.jpg,1
/var/scratch/adam/cassava-raw/cassavaleafdata/train/cbsd/train-cbsd-567.jpg,1
/var/scratch/adam/cassava-raw/cassavaleafdata/train/cgm/train-cgm-228.jpg,2
/var/scratch/adam/cassava-raw/cassavaleafdata/train/cmd/train-cmd-916.jpg,3
/var/scratch/adam/cassava-raw/cassavaleafdata/train/cbsd/train-cbsd-1340.jpg,1
/var/scratch/adam/cassava-raw/cassavaleafdata/train/cmd/train-cmd-834.jpg,3
/var/scratch/adam/cassava-raw/cassavaleafdata/train/cmd/train-cmd-2105.jpg,3
/var/scratch/adam/cassava-raw/cassavaleafdata/train/cmd/train-cmd-1446.jpg,3
/var/scratch/adam/cassava-raw/cassavaleafdata/train/cmd/train-cmd-1032.jpg,3
/var/scratch/adam/cassava-raw/cassavaleafdata/train/cmd/train-cmd-33.jpg,3
/var/scratch/adam/cassava-raw/cassavaleafdata/train/cgm/train-cgm-41.jpg,2
/var/scratch/adam/cassava-raw/cassavaleafdata/train/cmd/train-cmd-1180.jpg,3
/var/scratch/adam/cassava-raw/cassavaleafdata/train/cgm/train-cgm-359.jpg,2
/var/scratch/adam/cassava-raw/cassavaleafdata/train/cgm/train-cgm-554.jpg,2
/var/scratch/adam/cassava-raw/cassavaleafdata/train/cbsd/train-cbsd-271.jpg,1
/var/scratch/adam/cassava-raw/cassavaleafdata/train/cmd/train-cmd-1108.jpg,3
/var/scratch/adam/cassava-raw/cassavaleafdata/train/cbsd/train-cbsd-676.jpg,1
/var/scratch/adam/cassava-raw/cassavaleafdata/train/cmd/train-cmd-592.jpg,3
/var/scratch/adam/cassava-raw/cassavaleafdata/train/cgm/train-cgm-154.jpg,2
/var/scratch/adam/cassava-raw/cassavaleafdata/train/cbsd/train-cbsd-417.jpg,1
/var/scratch/adam/cassava-raw/cassavaleafdata/train/cbsd/train-cbsd-1181.jpg,1
/var/scratch/adam/cassava-raw/cassavaleafdata/train/cmd/train-cmd-2299.jpg,3
/var/scratch/adam/cassava-raw/cassavaleafdata/train/cbb/train-cbb-337.jpg,0
/var/scratch/adam/cassava-raw/cassavaleafdata/train/cbsd/train-cbsd-158.jpg,1
/var/scratch/adam/cassava-raw/cassavaleafdata/train/cmd/train-cmd-2475.jpg,3
/var/scratch/adam/cassava-raw/cassavaleafdata/train/cmd/train-cmd-2533.jpg,3
/var/scratch/adam/cassava-raw/cassavaleafdata/train/cbb/train-cbb-103.jpg,0
/var/scratch/adam/cassava-raw/cassavaleafdata/train/cbsd/train-cbsd-225.jpg,1
/var/scratch/adam/cassava-raw/cassavaleafdata/train/healthy/train-healthy-139.jpg,4
/var/scratch/adam/cassava-raw/cassavaleafdata/train/cmd/train-cmd-1252.jpg,3
/var/scratch/adam/cassava-raw/cassavaleafdata/train/cmd/train-cmd-945.jpg,3
/var/scratch/adam/cassava-raw/cassavaleafdata/train/cmd/train-cmd-849.jpg,3
/var/scratch/adam/cassava-raw/cassavaleafdata/train/cmd/train-cmd-1602.jpg,3
/var/scratch/adam/cassava-raw/cassavaleafdata/train/healthy/train-healthy-239.jpg,4
/var/scratch/adam/cassava-raw/cassavaleafdata/train/cbsd/train-cbsd-551.jpg,1
/var/scratch/adam/cassava-raw/cassavaleafdata/train/cbb/train-cbb-305.jpg,0
/var/scratch/adam/cassava-raw/cassavaleafdata/train/cmd/train-cmd-895.jpg,3
/var/scratch/adam/cassava-raw/cassavaleafdata/train/cbsd/train-cbsd-160.jpg,1
/var/scratch/adam/cassava-raw/cassavaleafdata/train/healthy/train-healthy-258.jpg,4
/var/scratch/adam/cassava-raw/cassavaleafdata/train/cmd/train-cmd-1226.jpg,3
/var/scratch/adam/cassava-raw/cassavaleafdata/train/cmd/train-cmd-1366.jpg,3
/var/scratch/adam/cassava-raw/cassavaleafdata/train/cmd/train-cmd-1576.jpg,3
/var/scratch/adam/cassava-raw/cassavaleafdata/train/cbb/train-cbb-68.jpg,0
/var/scratch/adam/cassava-raw/cassavaleafdata/train/cbsd/train-cbsd-293.jpg,1
/var/scratch/adam/cassava-raw/cassavaleafdata/train/cbsd/train-cbsd-12.jpg,1
/var/scratch/adam/cassava-raw/cassavaleafdata/train/cmd/train-cmd-1169.jpg,3
/var/scratch/adam/cassava-raw/cassavaleafdata/train/cmd/train-cmd-2558.jpg,3
/var/scratch/adam/cassava-raw/cassavaleafdata/train/cmd/train-cmd-1166.jpg,3
/var/scratch/adam/cassava-raw/cassavaleafdata/train/cmd/train-cmd-2602.jpg,3
/var/scratch/adam/cassava-raw/cassavaleafdata/train/cmd/train-cmd-1738.jpg,3
/var/scratch/adam/cassava-raw/cassavaleafdata/train/cmd/train-cmd-1932.jpg,3
/var/scratch/adam/cassava-raw/cassavaleafdata/train/cmd/train-cmd-232.jpg,3
/var/scratch/adam/cassava-raw/cassavaleafdata/train/cbsd/train-cbsd-448.jpg,1
/var/scratch/adam/cassava-raw/cassavaleafdata/train/cbsd/train-cbsd-111.jpg,1
/var/scratch/adam/cassava-raw/cassavaleafdata/train/cmd/train-cmd-396.jpg,3
/var/scratch/adam/cassava-raw/cassavaleafdata/train/cmd/train-cmd-1151.jpg,3
/var/scratch/adam/cassava-raw/cassavaleafdata/train/cmd/train-cmd-2554.jpg,3
/var/scratch/adam/cassava-raw/cassavaleafdata/train/cmd/train-cmd-1387.jpg,3
/var/scratch/adam/cassava-raw/cassavaleafdata/train/cmd/train-cmd-196.jpg,3
/var/scratch/adam/cassava-raw/cassavaleafdata/train/cgm/train-cgm-212.jpg,2
/var/scratch/adam/cassava-raw/cassavaleafdata/train/cbsd/train-cbsd-100.jpg,1
/var/scratch/adam/cassava-raw/cassavaleafdata/train/cbsd/train-cbsd-919.jpg,1
/var/scratch/adam/cassava-raw/cassavaleafdata/train/cmd/train-cmd-2593.jpg,3
/var/scratch/adam/cassava-raw/cassavaleafdata/train/cbb/train-cbb-128.jpg,0
/var/scratch/adam/cassava-raw/cassavaleafdata/train/cmd/train-cmd-1081.jpg,3
/var/scratch/adam/cassava-raw/cassavaleafdata/train/cmd/train-cmd-349.jpg,3
/var/scratch/adam/cassava-raw/cassavaleafdata/train/cbsd/train-cbsd-1320.jpg,1
/var/scratch/adam/cassava-raw/cassavaleafdata/train/cmd/train-cmd-1283.jpg,3
/var/scratch/adam/cassava-raw/cassavaleafdata/train/cgm/train-cgm-541.jpg,2
/var/scratch/adam/cassava-raw/cassavaleafdata/train/cmd/train-cmd-1059.jpg,3
/var/scratch/adam/cassava-raw/cassavaleafdata/train/cmd/train-cmd-2507.jpg,3
/var/scratch/adam/cassava-raw/cassavaleafdata/train/cbb/train-cbb-432.jpg,0
/var/scratch/adam/cassava-raw/cassavaleafdata/train/cmd/train-cmd-500.jpg,3
/var/scratch/adam/cassava-raw/cassavaleafdata/train/cbsd/train-cbsd-228.jpg,1
/var/scratch/adam/cassava-raw/cassavaleafdata/train/healthy/train-healthy-34.jpg,4
/var/scratch/adam/cassava-raw/cassavaleafdata/train/cgm/train-cgm-44.jpg,2
/var/scratch/adam/cassava-raw/cassavaleafdata/train/cbsd/train-cbsd-841.jpg,1
/var/scratch/adam/cassava-raw/cassavaleafdata/train/cmd/train-cmd-718.jpg,3
/var/scratch/adam/cassava-raw/cassavaleafdata/train/healthy/train-healthy-173.jpg,4
/var/scratch/adam/cassava-raw/cassavaleafdata/train/cgm/train-cgm-697.jpg,2
/var/scratch/adam/cassava-raw/cassavaleafdata/train/cmd/train-cmd-976.jpg,3
/var/scratch/adam/cassava-raw/cassavaleafdata/train/cmd/train-cmd-8.jpg,3
/var/scratch/adam/cassava-raw/cassavaleafdata/train/cgm/train-cgm-521.jpg,2
/var/scratch/adam/cassava-raw/cassavaleafdata/train/cmd/train-cmd-1485.jpg,3
/var/scratch/adam/cassava-raw/cassavaleafdata/train/cmd/train-cmd-1957.jpg,3
/var/scratch/adam/cassava-raw/cassavaleafdata/train/cmd/train-cmd-547.jpg,3
/var/scratch/adam/cassava-raw/cassavaleafdata/train/cbsd/train-cbsd-482.jpg,1
/var/scratch/adam/cassava-raw/cassavaleafdata/train/cbsd/train-cbsd-583.jpg,1
/var/scratch/adam/cassava-raw/cassavaleafdata/train/cbb/train-cbb-194.jpg,0
/var/scratch/adam/cassava-raw/cassavaleafdata/train/cmd/train-cmd-1496.jpg,3
/var/scratch/adam/cassava-raw/cassavaleafdata/train/cmd/train-cmd-817.jpg,3
/var/scratch/adam/cassava-raw/cassavaleafdata/train/cbb/train-cbb-403.jpg,0
/var/scratch/adam/cassava-raw/cassavaleafdata/train/healthy/train-healthy-184.jpg,4
/var/scratch/adam/cassava-raw/cassavaleafdata/train/cmd/train-cmd-2002.jpg,3
/var/scratch/adam/cassava-raw/cassavaleafdata/train/cbsd/train-cbsd-1241.jpg,1
/var/scratch/adam/cassava-raw/cassavaleafdata/train/cbb/train-cbb-158.jpg,0
/var/scratch/adam/cassava-raw/cassavaleafdata/train/cmd/train-cmd-1953.jpg,3
/var/scratch/adam/cassava-raw/cassavaleafdata/train/cbb/train-cbb-5.jpg,0
/var/scratch/adam/cassava-raw/cassavaleafdata/train/cbsd/train-cbsd-879.jpg,1
/var/scratch/adam/cassava-raw/cassavaleafdata/train/cmd/train-cmd-927.jpg,3
/var/scratch/adam/cassava-raw/cassavaleafdata/train/healthy/train-healthy-260.jpg,4
/var/scratch/adam/cassava-raw/cassavaleafdata/train/cmd/train-cmd-132.jpg,3
/var/scratch/adam/cassava-raw/cassavaleafdata/train/cbsd/train-cbsd-1134.jpg,1
/var/scratch/adam/cassava-raw/cassavaleafdata/train/cmd/train-cmd-2318.jpg,3
/var/scratch/adam/cassava-raw/cassavaleafdata/train/cbsd/train-cbsd-778.jpg,1
/var/scratch/adam/cassava-raw/cassavaleafdata/train/cmd/train-cmd-2120.jpg,3
/var/scratch/adam/cassava-raw/cassavaleafdata/train/cgm/train-cgm-276.jpg,2
/var/scratch/adam/cassava-raw/cassavaleafdata/train/cmd/train-cmd-758.jpg,3
/var/scratch/adam/cassava-raw/cassavaleafdata/train/cmd/train-cmd-1245.jpg,3
/var/scratch/adam/cassava-raw/cassavaleafdata/train/cmd/train-cmd-1729.jpg,3
/var/scratch/adam/cassava-raw/cassavaleafdata/train/cgm/train-cgm-420.jpg,2
/var/scratch/adam/cassava-raw/cassavaleafdata/train/cmd/train-cmd-1946.jpg,3
/var/scratch/adam/cassava-raw/cassavaleafdata/train/healthy/train-healthy-133.jpg,4
/var/scratch/adam/cassava-raw/cassavaleafdata/train/cbb/train-cbb-197.jpg,0
/var/scratch/adam/cassava-raw/cassavaleafdata/train/cbsd/train-cbsd-1057.jpg,1
/var/scratch/adam/cassava-raw/cassavaleafdata/train/cmd/train-cmd-1354.jpg,3
/var/scratch/adam/cassava-raw/cassavaleafdata/train/healthy/train-healthy-240.jpg,4
/var/scratch/adam/cassava-raw/cassavaleafdata/train/cbb/train-cbb-440.jpg,0
/var/scratch/adam/cassava-raw/cassavaleafdata/train/healthy/train-healthy-91.jpg,4
/var/scratch/adam/cassava-raw/cassavaleafdata/train/cmd/train-cmd-439.jpg,3
/var/scratch/adam/cassava-raw/cassavaleafdata/train/cgm/train-cgm-242.jpg,2
/var/scratch/adam/cassava-raw/cassavaleafdata/train/cmd/train-cmd-1616.jpg,3
/var/scratch/adam/cassava-raw/cassavaleafdata/train/cmd/train-cmd-625.jpg,3
/var/scratch/adam/cassava-raw/cassavaleafdata/train/healthy/train-healthy-47.jpg,4
/var/scratch/adam/cassava-raw/cassavaleafdata/train/cmd/train-cmd-2312.jpg,3
/var/scratch/adam/cassava-raw/cassavaleafdata/train/cbsd/train-cbsd-678.jpg,1
/var/scratch/adam/cassava-raw/cassavaleafdata/train/cmd/train-cmd-1403.jpg,3
/var/scratch/adam/cassava-raw/cassavaleafdata/train/cbsd/train-cbsd-226.jpg,1
/var/scratch/adam/cassava-raw/cassavaleafdata/train/cgm/train-cgm-477.jpg,2
/var/scratch/adam/cassava-raw/cassavaleafdata/train/cgm/train-cgm-771.jpg,2
/var/scratch/adam/cassava-raw/cassavaleafdata/train/cbsd/train-cbsd-971.jpg,1
/var/scratch/adam/cassava-raw/cassavaleafdata/train/cmd/train-cmd-310.jpg,3
/var/scratch/adam/cassava-raw/cassavaleafdata/train/cbsd/train-cbsd-1398.jpg,1
/var/scratch/adam/cassava-raw/cassavaleafdata/train/cmd/train-cmd-2632.jpg,3
/var/scratch/adam/cassava-raw/cassavaleafdata/train/cbsd/train-cbsd-986.jpg,1
/var/scratch/adam/cassava-raw/cassavaleafdata/train/cgm/train-cgm-402.jpg,2
/var/scratch/adam/cassava-raw/cassavaleafdata/train/cmd/train-cmd-2571.jpg,3
/var/scratch/adam/cassava-raw/cassavaleafdata/train/cbb/train-cbb-405.jpg,0
/var/scratch/adam/cassava-raw/cassavaleafdata/train/cbb/train-cbb-342.jpg,0
/var/scratch/adam/cassava-raw/cassavaleafdata/train/cmd/train-cmd-1486.jpg,3
/var/scratch/adam/cassava-raw/cassavaleafdata/train/cmd/train-cmd-1317.jpg,3
/var/scratch/adam/cassava-raw/cassavaleafdata/train/cbsd/train-cbsd-772.jpg,1
/var/scratch/adam/cassava-raw/cassavaleafdata/train/cbsd/train-cbsd-603.jpg,1
/var/scratch/adam/cassava-raw/cassavaleafdata/train/cmd/train-cmd-4.jpg,3
/var/scratch/adam/cassava-raw/cassavaleafdata/train/cbsd/train-cbsd-1044.jpg,1
/var/scratch/adam/cassava-raw/cassavaleafdata/train/cmd/train-cmd-2152.jpg,3
/var/scratch/adam/cassava-raw/cassavaleafdata/train/cgm/train-cgm-634.jpg,2
/var/scratch/adam/cassava-raw/cassavaleafdata/train/cgm/train-cgm-238.jpg,2
/var/scratch/adam/cassava-raw/cassavaleafdata/train/cgm/train-cgm-277.jpg,2
/var/scratch/adam/cassava-raw/cassavaleafdata/train/cgm/train-cgm-746.jpg,2
/var/scratch/adam/cassava-raw/cassavaleafdata/train/cmd/train-cmd-2407.jpg,3
/var/scratch/adam/cassava-raw/cassavaleafdata/train/cmd/train-cmd-1860.jpg,3
/var/scratch/adam/cassava-raw/cassavaleafdata/train/cmd/train-cmd-2177.jpg,3
/var/scratch/adam/cassava-raw/cassavaleafdata/train/healthy/train-healthy-113.jpg,4
/var/scratch/adam/cassava-raw/cassavaleafdata/train/cmd/train-cmd-64.jpg,3
/var/scratch/adam/cassava-raw/cassavaleafdata/train/cmd/train-cmd-1237.jpg,3
/var/scratch/adam/cassava-raw/cassavaleafdata/train/healthy/train-healthy-77.jpg,4
/var/scratch/adam/cassava-raw/cassavaleafdata/train/cmd/train-cmd-1455.jpg,3
/var/scratch/adam/cassava-raw/cassavaleafdata/train/cgm/train-cgm-115.jpg,2
/var/scratch/adam/cassava-raw/cassavaleafdata/train/cmd/train-cmd-933.jpg,3
/var/scratch/adam/cassava-raw/cassavaleafdata/train/healthy/train-healthy-71.jpg,4
/var/scratch/adam/cassava-raw/cassavaleafdata/train/cmd/train-cmd-1012.jpg,3
/var/scratch/adam/cassava-raw/cassavaleafdata/train/cmd/train-cmd-2606.jpg,3
/var/scratch/adam/cassava-raw/cassavaleafdata/train/cmd/train-cmd-788.jpg,3
/var/scratch/adam/cassava-raw/cassavaleafdata/train/healthy/train-healthy-63.jpg,4
/var/scratch/adam/cassava-raw/cassavaleafdata/train/cmd/train-cmd-1431.jpg,3
/var/scratch/adam/cassava-raw/cassavaleafdata/train/cmd/train-cmd-86.jpg,3
/var/scratch/adam/cassava-raw/cassavaleafdata/train/cgm/train-cgm-763.jpg,2
/var/scratch/adam/cassava-raw/cassavaleafdata/train/cgm/train-cgm-235.jpg,2
/var/scratch/adam/cassava-raw/cassavaleafdata/train/cbsd/train-cbsd-175.jpg,1
/var/scratch/adam/cassava-raw/cassavaleafdata/train/cbsd/train-cbsd-1097.jpg,1
/var/scratch/adam/cassava-raw/cassavaleafdata/train/cbsd/train-cbsd-93.jpg,1
/var/scratch/adam/cassava-raw/cassavaleafdata/train/cmd/train-cmd-2446.jpg,3
/var/scratch/adam/cassava-raw/cassavaleafdata/train/cbsd/train-cbsd-946.jpg,1
/var/scratch/adam/cassava-raw/cassavaleafdata/train/cbsd/train-cbsd-394.jpg,1
/var/scratch/adam/cassava-raw/cassavaleafdata/train/cmd/train-cmd-1817.jpg,3
/var/scratch/adam/cassava-raw/cassavaleafdata/train/cgm/train-cgm-384.jpg,2
/var/scratch/adam/cassava-raw/cassavaleafdata/train/cmd/train-cmd-2594.jpg,3
/var/scratch/adam/cassava-raw/cassavaleafdata/train/cmd/train-cmd-523.jpg,3
/var/scratch/adam/cassava-raw/cassavaleafdata/train/cmd/train-cmd-1701.jpg,3
/var/scratch/adam/cassava-raw/cassavaleafdata/train/cmd/train-cmd-914.jpg,3
/var/scratch/adam/cassava-raw/cassavaleafdata/train/cmd/train-cmd-2166.jpg,3
/var/scratch/adam/cassava-raw/cassavaleafdata/train/cmd/train-cmd-1982.jpg,3
/var/scratch/adam/cassava-raw/cassavaleafdata/train/cbsd/train-cbsd-1365.jpg,1
/var/scratch/adam/cassava-raw/cassavaleafdata/train/cmd/train-cmd-1074.jpg,3
/var/scratch/adam/cassava-raw/cassavaleafdata/train/cmd/train-cmd-2461.jpg,3
/var/scratch/adam/cassava-raw/cassavaleafdata/train/cmd/train-cmd-784.jpg,3
/var/scratch/adam/cassava-raw/cassavaleafdata/train/cmd/train-cmd-1841.jpg,3
/var/scratch/adam/cassava-raw/cassavaleafdata/train/cgm/train-cgm-511.jpg,2
/var/scratch/adam/cassava-raw/cassavaleafdata/train/cgm/train-cgm-223.jpg,2
/var/scratch/adam/cassava-raw/cassavaleafdata/train/cmd/train-cmd-1838.jpg,3
/var/scratch/adam/cassava-raw/cassavaleafdata/train/cbsd/train-cbsd-815.jpg,1
/var/scratch/adam/cassava-raw/cassavaleafdata/train/cbsd/train-cbsd-258.jpg,1
/var/scratch/adam/cassava-raw/cassavaleafdata/train/cmd/train-cmd-1586.jpg,3
/var/scratch/adam/cassava-raw/cassavaleafdata/train/cmd/train-cmd-424.jpg,3
/var/scratch/adam/cassava-raw/cassavaleafdata/train/healthy/train-healthy-272.jpg,4
/var/scratch/adam/cassava-raw/cassavaleafdata/train/cbsd/train-cbsd-1194.jpg,1
/var/scratch/adam/cassava-raw/cassavaleafdata/train/cmd/train-cmd-1265.jpg,3
/var/scratch/adam/cassava-raw/cassavaleafdata/train/cmd/train-cmd-766.jpg,3
/var/scratch/adam/cassava-raw/cassavaleafdata/train/cbsd/train-cbsd-1233.jpg,1
/var/scratch/adam/cassava-raw/cassavaleafdata/train/cmd/train-cmd-2333.jpg,3
/var/scratch/adam/cassava-raw/cassavaleafdata/train/cbb/train-cbb-174.jpg,0
/var/scratch/adam/cassava-raw/cassavaleafdata/train/healthy/train-healthy-224.jpg,4
/var/scratch/adam/cassava-raw/cassavaleafdata/train/cmd/train-cmd-936.jpg,3
/var/scratch/adam/cassava-raw/cassavaleafdata/train/cbsd/train-cbsd-1126.jpg,1
/var/scratch/adam/cassava-raw/cassavaleafdata/train/cbsd/train-cbsd-1067.jpg,1
/var/scratch/adam/cassava-raw/cassavaleafdata/train/cmd/train-cmd-306.jpg,3
/var/scratch/adam/cassava-raw/cassavaleafdata/train/cgm/train-cgm-428.jpg,2
/var/scratch/adam/cassava-raw/cassavaleafdata/train/cgm/train-cgm-570.jpg,2
/var/scratch/adam/cassava-raw/cassavaleafdata/train/cmd/train-cmd-880.jpg,3
/var/scratch/adam/cassava-raw/cassavaleafdata/train/cmd/train-cmd-1244.jpg,3
/var/scratch/adam/cassava-raw/cassavaleafdata/train/cbb/train-cbb-203.jpg,0
/var/scratch/adam/cassava-raw/cassavaleafdata/train/cmd/train-cmd-968.jpg,3
/var/scratch/adam/cassava-raw/cassavaleafdata/train/cgm/train-cgm-109.jpg,2
/var/scratch/adam/cassava-raw/cassavaleafdata/train/cmd/train-cmd-2034.jpg,3
/var/scratch/adam/cassava-raw/cassavaleafdata/train/cgm/train-cgm-270.jpg,2
/var/scratch/adam/cassava-raw/cassavaleafdata/train/cbsd/train-cbsd-303.jpg,1
/var/scratch/adam/cassava-raw/cassavaleafdata/train/cmd/train-cmd-382.jpg,3
/var/scratch/adam/cassava-raw/cassavaleafdata/train/healthy/train-healthy-264.jpg,4
/var/scratch/adam/cassava-raw/cassavaleafdata/train/cbsd/train-cbsd-696.jpg,1
/var/scratch/adam/cassava-raw/cassavaleafdata/train/cmd/train-cmd-745.jpg,3
/var/scratch/adam/cassava-raw/cassavaleafdata/train/cbsd/train-cbsd-581.jpg,1
/var/scratch/adam/cassava-raw/cassavaleafdata/train/cmd/train-cmd-2528.jpg,3
/var/scratch/adam/cassava-raw/cassavaleafdata/train/cmd/train-cmd-2046.jpg,3
/var/scratch/adam/cassava-raw/cassavaleafdata/train/cbsd/train-cbsd-374.jpg,1
/var/scratch/adam/cassava-raw/cassavaleafdata/train/cmd/train-cmd-1749.jpg,3
/var/scratch/adam/cassava-raw/cassavaleafdata/train/cbsd/train-cbsd-768.jpg,1
/var/scratch/adam/cassava-raw/cassavaleafdata/train/cgm/train-cgm-502.jpg,2
/var/scratch/adam/cassava-raw/cassavaleafdata/train/cmd/train-cmd-877.jpg,3
/var/scratch/adam/cassava-raw/cassavaleafdata/train/cgm/train-cgm-752.jpg,2
/var/scratch/adam/cassava-raw/cassavaleafdata/train/cbsd/train-cbsd-1307.jpg,1
/var/scratch/adam/cassava-raw/cassavaleafdata/train/cgm/train-cgm-27.jpg,2
/var/scratch/adam/cassava-raw/cassavaleafdata/train/cbsd/train-cbsd-361.jpg,1
/var/scratch/adam/cassava-raw/cassavaleafdata/train/cmd/train-cmd-1582.jpg,3
/var/scratch/adam/cassava-raw/cassavaleafdata/train/cgm/train-cgm-150.jpg,2
/var/scratch/adam/cassava-raw/cassavaleafdata/train/cmd/train-cmd-1465.jpg,3
/var/scratch/adam/cassava-raw/cassavaleafdata/train/cbsd/train-cbsd-404.jpg,1
/var/scratch/adam/cassava-raw/cassavaleafdata/train/cbsd/train-cbsd-1104.jpg,1
/var/scratch/adam/cassava-raw/cassavaleafdata/train/cmd/train-cmd-2197.jpg,3
/var/scratch/adam/cassava-raw/cassavaleafdata/train/cgm/train-cgm-465.jpg,2
/var/scratch/adam/cassava-raw/cassavaleafdata/train/cbb/train-cbb-310.jpg,0
/var/scratch/adam/cassava-raw/cassavaleafdata/train/cgm/train-cgm-440.jpg,2
/var/scratch/adam/cassava-raw/cassavaleafdata/train/cgm/train-cgm-354.jpg,2
/var/scratch/adam/cassava-raw/cassavaleafdata/train/cbsd/train-cbsd-861.jpg,1
/var/scratch/adam/cassava-raw/cassavaleafdata/train/cbb/train-cbb-159.jpg,0
/var/scratch/adam/cassava-raw/cassavaleafdata/train/cbsd/train-cbsd-1435.jpg,1
/var/scratch/adam/cassava-raw/cassavaleafdata/train/cbsd/train-cbsd-1086.jpg,1
/var/scratch/adam/cassava-raw/cassavaleafdata/train/cmd/train-cmd-2620.jpg,3
/var/scratch/adam/cassava-raw/cassavaleafdata/train/cbsd/train-cbsd-103.jpg,1
/var/scratch/adam/cassava-raw/cassavaleafdata/train/cmd/train-cmd-2365.jpg,3
/var/scratch/adam/cassava-raw/cassavaleafdata/train/cgm/train-cgm-485.jpg,2
/var/scratch/adam/cassava-raw/cassavaleafdata/train/cmd/train-cmd-1219.jpg,3
/var/scratch/adam/cassava-raw/cassavaleafdata/train/cgm/train-cgm-693.jpg,2
/var/scratch/adam/cassava-raw/cassavaleafdata/train/cgm/train-cgm-378.jpg,2
/var/scratch/adam/cassava-raw/cassavaleafdata/train/cgm/train-cgm-381.jpg,2
/var/scratch/adam/cassava-raw/cassavaleafdata/train/cmd/train-cmd-1409.jpg,3
/var/scratch/adam/cassava-raw/cassavaleafdata/train/cbsd/train-cbsd-830.jpg,1
/var/scratch/adam/cassava-raw/cassavaleafdata/train/cbb/train-cbb-13.jpg,0
/var/scratch/adam/cassava-raw/cassavaleafdata/train/cbsd/train-cbsd-392.jpg,1
/var/scratch/adam/cassava-raw/cassavaleafdata/train/cbsd/train-cbsd-816.jpg,1
/var/scratch/adam/cassava-raw/cassavaleafdata/train/cgm/train-cgm-682.jpg,2
/var/scratch/adam/cassava-raw/cassavaleafdata/train/cmd/train-cmd-1082.jpg,3
/var/scratch/adam/cassava-raw/cassavaleafdata/train/cmd/train-cmd-82.jpg,3
/var/scratch/adam/cassava-raw/cassavaleafdata/train/cmd/train-cmd-514.jpg,3
/var/scratch/adam/cassava-raw/cassavaleafdata/train/cbb/train-cbb-151.jpg,0
/var/scratch/adam/cassava-raw/cassavaleafdata/train/cmd/train-cmd-348.jpg,3
/var/scratch/adam/cassava-raw/cassavaleafdata/train/cmd/train-cmd-653.jpg,3
/var/scratch/adam/cassava-raw/cassavaleafdata/train/cbsd/train-cbsd-840.jpg,1
/var/scratch/adam/cassava-raw/cassavaleafdata/train/cgm/train-cgm-68.jpg,2
/var/scratch/adam/cassava-raw/cassavaleafdata/train/cbb/train-cbb-4.jpg,0
/var/scratch/adam/cassava-raw/cassavaleafdata/train/cmd/train-cmd-276.jpg,3
/var/scratch/adam/cassava-raw/cassavaleafdata/train/cmd/train-cmd-950.jpg,3
/var/scratch/adam/cassava-raw/cassavaleafdata/train/cmd/train-cmd-1791.jpg,3
/var/scratch/adam/cassava-raw/cassavaleafdata/train/cbsd/train-cbsd-823.jpg,1
/var/scratch/adam/cassava-raw/cassavaleafdata/train/cgm/train-cgm-533.jpg,2
/var/scratch/adam/cassava-raw/cassavaleafdata/train/healthy/train-healthy-51.jpg,4
/var/scratch/adam/cassava-raw/cassavaleafdata/train/cbsd/train-cbsd-875.jpg,1
/var/scratch/adam/cassava-raw/cassavaleafdata/train/cmd/train-cmd-1191.jpg,3
/var/scratch/adam/cassava-raw/cassavaleafdata/train/cgm/train-cgm-410.jpg,2
/var/scratch/adam/cassava-raw/cassavaleafdata/train/cbsd/train-cbsd-433.jpg,1
/var/scratch/adam/cassava-raw/cassavaleafdata/train/cmd/train-cmd-135.jpg,3
/var/scratch/adam/cassava-raw/cassavaleafdata/train/cmd/train-cmd-2619.jpg,3
/var/scratch/adam/cassava-raw/cassavaleafdata/train/healthy/train-healthy-268.jpg,4
/var/scratch/adam/cassava-raw/cassavaleafdata/train/cmd/train-cmd-991.jpg,3
/var/scratch/adam/cassava-raw/cassavaleafdata/train/cmd/train-cmd-1891.jpg,3
/var/scratch/adam/cassava-raw/cassavaleafdata/train/cmd/train-cmd-3.jpg,3
/var/scratch/adam/cassava-raw/cassavaleafdata/train/cbsd/train-cbsd-122.jpg,1
/var/scratch/adam/cassava-raw/cassavaleafdata/train/cmd/train-cmd-1016.jpg,3
/var/scratch/adam/cassava-raw/cassavaleafdata/train/cgm/train-cgm-549.jpg,2
/var/scratch/adam/cassava-raw/cassavaleafdata/train/cbsd/train-cbsd-1335.jpg,1
/var/scratch/adam/cassava-raw/cassavaleafdata/train/cmd/train-cmd-1853.jpg,3
/var/scratch/adam/cassava-raw/cassavaleafdata/train/cbsd/train-cbsd-970.jpg,1
/var/scratch/adam/cassava-raw/cassavaleafdata/train/cmd/train-cmd-585.jpg,3
/var/scratch/adam/cassava-raw/cassavaleafdata/train/cmd/train-cmd-2031.jpg,3
/var/scratch/adam/cassava-raw/cassavaleafdata/train/cgm/train-cgm-393.jpg,2
/var/scratch/adam/cassava-raw/cassavaleafdata/train/cbb/train-cbb-416.jpg,0
/var/scratch/adam/cassava-raw/cassavaleafdata/train/cbb/train-cbb-382.jpg,0
/var/scratch/adam/cassava-raw/cassavaleafdata/train/cgm/train-cgm-404.jpg,2
/var/scratch/adam/cassava-raw/cassavaleafdata/train/cmd/train-cmd-2080.jpg,3
/var/scratch/adam/cassava-raw/cassavaleafdata/train/cbsd/train-cbsd-1145.jpg,1
/var/scratch/adam/cassava-raw/cassavaleafdata/train/cmd/train-cmd-491.jpg,3
/var/scratch/adam/cassava-raw/cassavaleafdata/train/cmd/train-cmd-2155.jpg,3
/var/scratch/adam/cassava-raw/cassavaleafdata/train/cmd/train-cmd-1325.jpg,3
/var/scratch/adam/cassava-raw/cassavaleafdata/train/cbsd/train-cbsd-281.jpg,1
/var/scratch/adam/cassava-raw/cassavaleafdata/train/cmd/train-cmd-889.jpg,3
/var/scratch/adam/cassava-raw/cassavaleafdata/train/cbsd/train-cbsd-135.jpg,1
/var/scratch/adam/cassava-raw/cassavaleafdata/train/cbsd/train-cbsd-1432.jpg,1
/var/scratch/adam/cassava-raw/cassavaleafdata/train/cbsd/train-cbsd-570.jpg,1
/var/scratch/adam/cassava-raw/cassavaleafdata/train/cbsd/train-cbsd-490.jpg,1
/var/scratch/adam/cassava-raw/cassavaleafdata/train/cbsd/train-cbsd-940.jpg,1
/var/scratch/adam/cassava-raw/cassavaleafdata/train/cmd/train-cmd-1856.jpg,3
/var/scratch/adam/cassava-raw/cassavaleafdata/train/cmd/train-cmd-58.jpg,3
/var/scratch/adam/cassava-raw/cassavaleafdata/train/cbsd/train-cbsd-492.jpg,1
/var/scratch/adam/cassava-raw/cassavaleafdata/train/cmd/train-cmd-473.jpg,3
/var/scratch/adam/cassava-raw/cassavaleafdata/train/cmd/train-cmd-911.jpg,3
/var/scratch/adam/cassava-raw/cassavaleafdata/train/cbsd/train-cbsd-927.jpg,1
/var/scratch/adam/cassava-raw/cassavaleafdata/train/cmd/train-cmd-2586.jpg,3
/var/scratch/adam/cassava-raw/cassavaleafdata/train/cmd/train-cmd-480.jpg,3
/var/scratch/adam/cassava-raw/cassavaleafdata/train/cbsd/train-cbsd-639.jpg,1
/var/scratch/adam/cassava-raw/cassavaleafdata/train/cbsd/train-cbsd-389.jpg,1
/var/scratch/adam/cassava-raw/cassavaleafdata/train/healthy/train-healthy-206.jpg,4
/var/scratch/adam/cassava-raw/cassavaleafdata/train/cgm/train-cgm-229.jpg,2
/var/scratch/adam/cassava-raw/cassavaleafdata/train/cbb/train-cbb-43.jpg,0
/var/scratch/adam/cassava-raw/cassavaleafdata/train/cbsd/train-cbsd-635.jpg,1
/var/scratch/adam/cassava-raw/cassavaleafdata/train/cmd/train-cmd-1502.jpg,3
/var/scratch/adam/cassava-raw/cassavaleafdata/train/cbb/train-cbb-134.jpg,0
/var/scratch/adam/cassava-raw/cassavaleafdata/train/cmd/train-cmd-2361.jpg,3
/var/scratch/adam/cassava-raw/cassavaleafdata/train/cmd/train-cmd-589.jpg,3
/var/scratch/adam/cassava-raw/cassavaleafdata/train/cgm/train-cgm-667.jpg,2
/var/scratch/adam/cassava-raw/cassavaleafdata/train/cmd/train-cmd-1512.jpg,3
/var/scratch/adam/cassava-raw/cassavaleafdata/train/cmd/train-cmd-1786.jpg,3
/var/scratch/adam/cassava-raw/cassavaleafdata/train/cmd/train-cmd-1107.jpg,3
/var/scratch/adam/cassava-raw/cassavaleafdata/train/cmd/train-cmd-1859.jpg,3
/var/scratch/adam/cassava-raw/cassavaleafdata/train/cgm/train-cgm-508.jpg,2
/var/scratch/adam/cassava-raw/cassavaleafdata/train/cmd/train-cmd-1921.jpg,3
/var/scratch/adam/cassava-raw/cassavaleafdata/train/cmd/train-cmd-1759.jpg,3
/var/scratch/adam/cassava-raw/cassavaleafdata/train/cbsd/train-cbsd-1283.jpg,1
/var/scratch/adam/cassava-raw/cassavaleafdata/train/cmd/train-cmd-1605.jpg,3
/var/scratch/adam/cassava-raw/cassavaleafdata/train/healthy/train-healthy-144.jpg,4
/var/scratch/adam/cassava-raw/cassavaleafdata/train/cmd/train-cmd-1125.jpg,3
/var/scratch/adam/cassava-raw/cassavaleafdata/train/cmd/train-cmd-1267.jpg,3
/var/scratch/adam/cassava-raw/cassavaleafdata/train/cmd/train-cmd-770.jpg,3
/var/scratch/adam/cassava-raw/cassavaleafdata/train/cgm/train-cgm-750.jpg,2
/var/scratch/adam/cassava-raw/cassavaleafdata/train/cmd/train-cmd-873.jpg,3
/var/scratch/adam/cassava-raw/cassavaleafdata/train/cmd/train-cmd-2013.jpg,3
/var/scratch/adam/cassava-raw/cassavaleafdata/train/healthy/train-healthy-311.jpg,4
/var/scratch/adam/cassava-raw/cassavaleafdata/train/cbb/train-cbb-344.jpg,0
/var/scratch/adam/cassava-raw/cassavaleafdata/train/healthy/train-healthy-266.jpg,4
/var/scratch/adam/cassava-raw/cassavaleafdata/train/cmd/train-cmd-627.jpg,3
/var/scratch/adam/cassava-raw/cassavaleafdata/train/cbsd/train-cbsd-1290.jpg,1
/var/scratch/adam/cassava-raw/cassavaleafdata/train/cbsd/train-cbsd-1338.jpg,1
/var/scratch/adam/cassava-raw/cassavaleafdata/train/cmd/train-cmd-872.jpg,3
/var/scratch/adam/cassava-raw/cassavaleafdata/train/cgm/train-cgm-444.jpg,2
/var/scratch/adam/cassava-raw/cassavaleafdata/train/cgm/train-cgm-208.jpg,2
/var/scratch/adam/cassava-raw/cassavaleafdata/train/cmd/train-cmd-2638.jpg,3
/var/scratch/adam/cassava-raw/cassavaleafdata/train/cmd/train-cmd-1212.jpg,3
/var/scratch/adam/cassava-raw/cassavaleafdata/train/cmd/train-cmd-2368.jpg,3
/var/scratch/adam/cassava-raw/cassavaleafdata/train/cmd/train-cmd-2421.jpg,3
/var/scratch/adam/cassava-raw/cassavaleafdata/train/cbb/train-cbb-391.jpg,0
/var/scratch/adam/cassava-raw/cassavaleafdata/train/cmd/train-cmd-1732.jpg,3
/var/scratch/adam/cassava-raw/cassavaleafdata/train/cmd/train-cmd-121.jpg,3
/var/scratch/adam/cassava-raw/cassavaleafdata/train/cmd/train-cmd-1846.jpg,3
/var/scratch/adam/cassava-raw/cassavaleafdata/train/cbb/train-cbb-272.jpg,0
/var/scratch/adam/cassava-raw/cassavaleafdata/train/cmd/train-cmd-626.jpg,3
/var/scratch/adam/cassava-raw/cassavaleafdata/train/cgm/train-cgm-630.jpg,2
/var/scratch/adam/cassava-raw/cassavaleafdata/train/cmd/train-cmd-1214.jpg,3
/var/scratch/adam/cassava-raw/cassavaleafdata/train/cmd/train-cmd-1008.jpg,3
/var/scratch/adam/cassava-raw/cassavaleafdata/train/cmd/train-cmd-624.jpg,3
/var/scratch/adam/cassava-raw/cassavaleafdata/train/cbsd/train-cbsd-897.jpg,1
/var/scratch/adam/cassava-raw/cassavaleafdata/train/cbsd/train-cbsd-1208.jpg,1
/var/scratch/adam/cassava-raw/cassavaleafdata/train/cbsd/train-cbsd-599.jpg,1
/var/scratch/adam/cassava-raw/cassavaleafdata/train/cbsd/train-cbsd-49.jpg,1
/var/scratch/adam/cassava-raw/cassavaleafdata/train/cmd/train-cmd-995.jpg,3
/var/scratch/adam/cassava-raw/cassavaleafdata/train/cmd/train-cmd-1365.jpg,3
/var/scratch/adam/cassava-raw/cassavaleafdata/train/cbsd/train-cbsd-1171.jpg,1
/var/scratch/adam/cassava-raw/cassavaleafdata/train/cmd/train-cmd-1131.jpg,3
/var/scratch/adam/cassava-raw/cassavaleafdata/train/cbb/train-cbb-250.jpg,0
/var/scratch/adam/cassava-raw/cassavaleafdata/train/healthy/train-healthy-226.jpg,4
/var/scratch/adam/cassava-raw/cassavaleafdata/train/cbsd/train-cbsd-267.jpg,1
/var/scratch/adam/cassava-raw/cassavaleafdata/train/cbb/train-cbb-121.jpg,0
/var/scratch/adam/cassava-raw/cassavaleafdata/train/cmd/train-cmd-1531.jpg,3
/var/scratch/adam/cassava-raw/cassavaleafdata/train/cmd/train-cmd-1613.jpg,3
/var/scratch/adam/cassava-raw/cassavaleafdata/train/cbsd/train-cbsd-525.jpg,1
/var/scratch/adam/cassava-raw/cassavaleafdata/train/cmd/train-cmd-384.jpg,3
/var/scratch/adam/cassava-raw/cassavaleafdata/train/cmd/train-cmd-1680.jpg,3
/var/scratch/adam/cassava-raw/cassavaleafdata/train/cgm/train-cgm-96.jpg,2
/var/scratch/adam/cassava-raw/cassavaleafdata/train/cbsd/train-cbsd-1077.jpg,1
/var/scratch/adam/cassava-raw/cassavaleafdata/train/cmd/train-cmd-704.jpg,3
/var/scratch/adam/cassava-raw/cassavaleafdata/train/cbsd/train-cbsd-408.jpg,1
/var/scratch/adam/cassava-raw/cassavaleafdata/train/healthy/train-healthy-35.jpg,4
/var/scratch/adam/cassava-raw/cassavaleafdata/train/cmd/train-cmd-1369.jpg,3
/var/scratch/adam/cassava-raw/cassavaleafdata/train/cmd/train-cmd-253.jpg,3
/var/scratch/adam/cassava-raw/cassavaleafdata/train/cgm/train-cgm-12.jpg,2
/var/scratch/adam/cassava-raw/cassavaleafdata/train/cmd/train-cmd-1719.jpg,3
/var/scratch/adam/cassava-raw/cassavaleafdata/train/cgm/train-cgm-303.jpg,2
/var/scratch/adam/cassava-raw/cassavaleafdata/train/cmd/train-cmd-1187.jpg,3
/var/scratch/adam/cassava-raw/cassavaleafdata/train/cmd/train-cmd-611.jpg,3
/var/scratch/adam/cassava-raw/cassavaleafdata/train/cbsd/train-cbsd-464.jpg,1
/var/scratch/adam/cassava-raw/cassavaleafdata/train/cbsd/train-cbsd-493.jpg,1
/var/scratch/adam/cassava-raw/cassavaleafdata/train/cmd/train-cmd-2242.jpg,3
/var/scratch/adam/cassava-raw/cassavaleafdata/train/cmd/train-cmd-101.jpg,3
/var/scratch/adam/cassava-raw/cassavaleafdata/train/cbsd/train-cbsd-254.jpg,1
/var/scratch/adam/cassava-raw/cassavaleafdata/train/cmd/train-cmd-300.jpg,3
/var/scratch/adam/cassava-raw/cassavaleafdata/train/cmd/train-cmd-1346.jpg,3
/var/scratch/adam/cassava-raw/cassavaleafdata/train/cbb/train-cbb-235.jpg,0
/var/scratch/adam/cassava-raw/cassavaleafdata/train/cmd/train-cmd-1726.jpg,3
/var/scratch/adam/cassava-raw/cassavaleafdata/train/cbsd/train-cbsd-1107.jpg,1
/var/scratch/adam/cassava-raw/cassavaleafdata/train/cbb/train-cbb-318.jpg,0
/var/scratch/adam/cassava-raw/cassavaleafdata/train/cmd/train-cmd-143.jpg,3
/var/scratch/adam/cassava-raw/cassavaleafdata/train/cmd/train-cmd-722.jpg,3
/var/scratch/adam/cassava-raw/cassavaleafdata/train/cmd/train-cmd-631.jpg,3
/var/scratch/adam/cassava-raw/cassavaleafdata/train/cmd/train-cmd-1050.jpg,3
/var/scratch/adam/cassava-raw/cassavaleafdata/train/cbsd/train-cbsd-1212.jpg,1
/var/scratch/adam/cassava-raw/cassavaleafdata/train/cmd/train-cmd-21.jpg,3
/var/scratch/adam/cassava-raw/cassavaleafdata/train/cbsd/train-cbsd-728.jpg,1
/var/scratch/adam/cassava-raw/cassavaleafdata/train/cmd/train-cmd-123.jpg,3
/var/scratch/adam/cassava-raw/cassavaleafdata/train/cbsd/train-cbsd-442.jpg,1
/var/scratch/adam/cassava-raw/cassavaleafdata/train/cbsd/train-cbsd-86.jpg,1
/var/scratch/adam/cassava-raw/cassavaleafdata/train/cmd/train-cmd-2195.jpg,3
/var/scratch/adam/cassava-raw/cassavaleafdata/train/cmd/train-cmd-1018.jpg,3
/var/scratch/adam/cassava-raw/cassavaleafdata/train/cbsd/train-cbsd-1053.jpg,1
/var/scratch/adam/cassava-raw/cassavaleafdata/train/cbsd/train-cbsd-584.jpg,1
/var/scratch/adam/cassava-raw/cassavaleafdata/train/cbb/train-cbb-179.jpg,0
/var/scratch/adam/cassava-raw/cassavaleafdata/train/cgm/train-cgm-296.jpg,2
/var/scratch/adam/cassava-raw/cassavaleafdata/train/cbsd/train-cbsd-886.jpg,1
/var/scratch/adam/cassava-raw/cassavaleafdata/train/cgm/train-cgm-258.jpg,2
/var/scratch/adam/cassava-raw/cassavaleafdata/train/cgm/train-cgm-733.jpg,2
/var/scratch/adam/cassava-raw/cassavaleafdata/train/cmd/train-cmd-2114.jpg,3
/var/scratch/adam/cassava-raw/cassavaleafdata/train/cbsd/train-cbsd-914.jpg,1
/var/scratch/adam/cassava-raw/cassavaleafdata/train/cmd/train-cmd-476.jpg,3
/var/scratch/adam/cassava-raw/cassavaleafdata/train/cmd/train-cmd-836.jpg,3
/var/scratch/adam/cassava-raw/cassavaleafdata/train/cgm/train-cgm-534.jpg,2
/var/scratch/adam/cassava-raw/cassavaleafdata/train/cmd/train-cmd-2371.jpg,3
/var/scratch/adam/cassava-raw/cassavaleafdata/train/cmd/train-cmd-1654.jpg,3
/var/scratch/adam/cassava-raw/cassavaleafdata/train/cbb/train-cbb-192.jpg,0
/var/scratch/adam/cassava-raw/cassavaleafdata/train/cmd/train-cmd-105.jpg,3
/var/scratch/adam/cassava-raw/cassavaleafdata/train/cgm/train-cgm-497.jpg,2
/var/scratch/adam/cassava-raw/cassavaleafdata/train/healthy/train-healthy-150.jpg,4
/var/scratch/adam/cassava-raw/cassavaleafdata/train/cmd/train-cmd-2547.jpg,3
/var/scratch/adam/cassava-raw/cassavaleafdata/train/cgm/train-cgm-174.jpg,2
/var/scratch/adam/cassava-raw/cassavaleafdata/train/cbsd/train-cbsd-1036.jpg,1
/var/scratch/adam/cassava-raw/cassavaleafdata/train/cgm/train-cgm-172.jpg,2
/var/scratch/adam/cassava-raw/cassavaleafdata/train/cmd/train-cmd-87.jpg,3
/var/scratch/adam/cassava-raw/cassavaleafdata/train/cmd/train-cmd-672.jpg,3
/var/scratch/adam/cassava-raw/cassavaleafdata/train/cbsd/train-cbsd-229.jpg,1
/var/scratch/adam/cassava-raw/cassavaleafdata/train/cbb/train-cbb-283.jpg,0
/var/scratch/adam/cassava-raw/cassavaleafdata/train/cmd/train-cmd-2373.jpg,3
/var/scratch/adam/cassava-raw/cassavaleafdata/train/cbb/train-cbb-167.jpg,0
/var/scratch/adam/cassava-raw/cassavaleafdata/train/cgm/train-cgm-431.jpg,2
/var/scratch/adam/cassava-raw/cassavaleafdata/train/cmd/train-cmd-474.jpg,3
/var/scratch/adam/cassava-raw/cassavaleafdata/train/cbb/train-cbb-321.jpg,0
/var/scratch/adam/cassava-raw/cassavaleafdata/train/cmd/train-cmd-55.jpg,3
/var/scratch/adam/cassava-raw/cassavaleafdata/train/healthy/train-healthy-223.jpg,4
/var/scratch/adam/cassava-raw/cassavaleafdata/train/cmd/train-cmd-883.jpg,3
/var/scratch/adam/cassava-raw/cassavaleafdata/train/cmd/train-cmd-1497.jpg,3
/var/scratch/adam/cassava-raw/cassavaleafdata/train/cmd/train-cmd-1809.jpg,3
/var/scratch/adam/cassava-raw/cassavaleafdata/train/cmd/train-cmd-720.jpg,3
/var/scratch/adam/cassava-raw/cassavaleafdata/train/cbsd/train-cbsd-960.jpg,1
/var/scratch/adam/cassava-raw/cassavaleafdata/train/cmd/train-cmd-1202.jpg,3
/var/scratch/adam/cassava-raw/cassavaleafdata/train/cmd/train-cmd-1410.jpg,3
/var/scratch/adam/cassava-raw/cassavaleafdata/train/cgm/train-cgm-447.jpg,2
/var/scratch/adam/cassava-raw/cassavaleafdata/train/cbsd/train-cbsd-1349.jpg,1
/var/scratch/adam/cassava-raw/cassavaleafdata/train/cbsd/train-cbsd-532.jpg,1
/var/scratch/adam/cassava-raw/cassavaleafdata/train/cgm/train-cgm-540.jpg,2
/var/scratch/adam/cassava-raw/cassavaleafdata/train/cbb/train-cbb-354.jpg,0
/var/scratch/adam/cassava-raw/cassavaleafdata/train/cbsd/train-cbsd-756.jpg,1
/var/scratch/adam/cassava-raw/cassavaleafdata/train/cmd/train-cmd-1562.jpg,3
/var/scratch/adam/cassava-raw/cassavaleafdata/train/cmd/train-cmd-1608.jpg,3
/var/scratch/adam/cassava-raw/cassavaleafdata/train/cmd/train-cmd-559.jpg,3
/var/scratch/adam/cassava-raw/cassavaleafdata/train/cmd/train-cmd-786.jpg,3
/var/scratch/adam/cassava-raw/cassavaleafdata/train/cmd/train-cmd-646.jpg,3
/var/scratch/adam/cassava-raw/cassavaleafdata/train/cgm/train-cgm-716.jpg,2
/var/scratch/adam/cassava-raw/cassavaleafdata/train/cbsd/train-cbsd-1172.jpg,1
/var/scratch/adam/cassava-raw/cassavaleafdata/train/cgm/train-cgm-42.jpg,2
/var/scratch/adam/cassava-raw/cassavaleafdata/train/cgm/train-cgm-279.jpg,2
/var/scratch/adam/cassava-raw/cassavaleafdata/train/cmd/train-cmd-1130.jpg,3
/var/scratch/adam/cassava-raw/cassavaleafdata/train/cbb/train-cbb-124.jpg,0
/var/scratch/adam/cassava-raw/cassavaleafdata/train/cgm/train-cgm-236.jpg,2
/var/scratch/adam/cassava-raw/cassavaleafdata/train/cmd/train-cmd-1952.jpg,3
/var/scratch/adam/cassava-raw/cassavaleafdata/train/cmd/train-cmd-2545.jpg,3
/var/scratch/adam/cassava-raw/cassavaleafdata/train/cmd/train-cmd-2328.jpg,3
/var/scratch/adam/cassava-raw/cassavaleafdata/train/healthy/train-healthy-208.jpg,4
/var/scratch/adam/cassava-raw/cassavaleafdata/train/cbsd/train-cbsd-1328.jpg,1
/var/scratch/adam/cassava-raw/cassavaleafdata/train/cmd/train-cmd-2604.jpg,3
/var/scratch/adam/cassava-raw/cassavaleafdata/train/cbb/train-cbb-95.jpg,0
/var/scratch/adam/cassava-raw/cassavaleafdata/train/cmd/train-cmd-2119.jpg,3
/var/scratch/adam/cassava-raw/cassavaleafdata/train/cbb/train-cbb-256.jpg,0
/var/scratch/adam/cassava-raw/cassavaleafdata/train/cmd/train-cmd-1454.jpg,3
/var/scratch/adam/cassava-raw/cassavaleafdata/train/cbsd/train-cbsd-249.jpg,1
/var/scratch/adam/cassava-raw/cassavaleafdata/train/cbsd/train-cbsd-930.jpg,1
/var/scratch/adam/cassava-raw/cassavaleafdata/train/cmd/train-cmd-57.jpg,3
/var/scratch/adam/cassava-raw/cassavaleafdata/train/cgm/train-cgm-38.jpg,2
/var/scratch/adam/cassava-raw/cassavaleafdata/train/cmd/train-cmd-774.jpg,3
/var/scratch/adam/cassava-raw/cassavaleafdata/train/cmd/train-cmd-663.jpg,3
/var/scratch/adam/cassava-raw/cassavaleafdata/train/cgm/train-cgm-709.jpg,2
/var/scratch/adam/cassava-raw/cassavaleafdata/train/cbsd/train-cbsd-1286.jpg,1
/var/scratch/adam/cassava-raw/cassavaleafdata/train/cbb/train-cbb-190.jpg,0
/var/scratch/adam/cassava-raw/cassavaleafdata/train/cmd/train-cmd-881.jpg,3
/var/scratch/adam/cassava-raw/cassavaleafdata/train/cmd/train-cmd-337.jpg,3
/var/scratch/adam/cassava-raw/cassavaleafdata/train/cgm/train-cgm-574.jpg,2
/var/scratch/adam/cassava-raw/cassavaleafdata/train/cbb/train-cbb-384.jpg,0
/var/scratch/adam/cassava-raw/cassavaleafdata/train/cgm/train-cgm-702.jpg,2
/var/scratch/adam/cassava-raw/cassavaleafdata/train/cbsd/train-cbsd-1071.jpg,1
/var/scratch/adam/cassava-raw/cassavaleafdata/train/cmd/train-cmd-2579.jpg,3
/var/scratch/adam/cassava-raw/cassavaleafdata/train/cgm/train-cgm-470.jpg,2
/var/scratch/adam/cassava-raw/cassavaleafdata/train/cmd/train-cmd-1532.jpg,3
/var/scratch/adam/cassava-raw/cassavaleafdata/train/cmd/train-cmd-1104.jpg,3
/var/scratch/adam/cassava-raw/cassavaleafdata/train/cbsd/train-cbsd-494.jpg,1
/var/scratch/adam/cassava-raw/cassavaleafdata/train/cmd/train-cmd-1178.jpg,3
/var/scratch/adam/cassava-raw/cassavaleafdata/train/cgm/train-cgm-546.jpg,2
/var/scratch/adam/cassava-raw/cassavaleafdata/train/cgm/train-cgm-764.jpg,2
/var/scratch/adam/cassava-raw/cassavaleafdata/train/healthy/train-healthy-313.jpg,4
/var/scratch/adam/cassava-raw/cassavaleafdata/train/cbsd/train-cbsd-808.jpg,1
/var/scratch/adam/cassava-raw/cassavaleafdata/train/cbb/train-cbb-268.jpg,0
/var/scratch/adam/cassava-raw/cassavaleafdata/train/cmd/train-cmd-1111.jpg,3
/var/scratch/adam/cassava-raw/cassavaleafdata/train/cbb/train-cbb-361.jpg,0
/var/scratch/adam/cassava-raw/cassavaleafdata/train/cbsd/train-cbsd-1213.jpg,1
/var/scratch/adam/cassava-raw/cassavaleafdata/train/cbsd/train-cbsd-1004.jpg,1
/var/scratch/adam/cassava-raw/cassavaleafdata/train/cbsd/train-cbsd-1124.jpg,1
/var/scratch/adam/cassava-raw/cassavaleafdata/train/cbsd/train-cbsd-1159.jpg,1
/var/scratch/adam/cassava-raw/cassavaleafdata/train/cmd/train-cmd-771.jpg,3
/var/scratch/adam/cassava-raw/cassavaleafdata/train/cmd/train-cmd-1469.jpg,3
/var/scratch/adam/cassava-raw/cassavaleafdata/train/cbsd/train-cbsd-905.jpg,1
/var/scratch/adam/cassava-raw/cassavaleafdata/train/cmd/train-cmd-2582.jpg,3
/var/scratch/adam/cassava-raw/cassavaleafdata/train/cmd/train-cmd-1303.jpg,3
/var/scratch/adam/cassava-raw/cassavaleafdata/train/cmd/train-cmd-1160.jpg,3
/var/scratch/adam/cassava-raw/cassavaleafdata/train/cbsd/train-cbsd-1196.jpg,1
/var/scratch/adam/cassava-raw/cassavaleafdata/train/healthy/train-healthy-2.jpg,4
/var/scratch/adam/cassava-raw/cassavaleafdata/train/cmd/train-cmd-293.jpg,3
/var/scratch/adam/cassava-raw/cassavaleafdata/train/cgm/train-cgm-357.jpg,2
/var/scratch/adam/cassava-raw/cassavaleafdata/train/cmd/train-cmd-1588.jpg,3
/var/scratch/adam/cassava-raw/cassavaleafdata/train/healthy/train-healthy-83.jpg,4
/var/scratch/adam/cassava-raw/cassavaleafdata/train/cmd/train-cmd-427.jpg,3
/var/scratch/adam/cassava-raw/cassavaleafdata/train/cgm/train-cgm-273.jpg,2
/var/scratch/adam/cassava-raw/cassavaleafdata/train/healthy/train-healthy-169.jpg,4
/var/scratch/adam/cassava-raw/cassavaleafdata/train/cmd/train-cmd-2575.jpg,3
/var/scratch/adam/cassava-raw/cassavaleafdata/train/cbsd/train-cbsd-931.jpg,1
/var/scratch/adam/cassava-raw/cassavaleafdata/train/cmd/train-cmd-2175.jpg,3
/var/scratch/adam/cassava-raw/cassavaleafdata/train/cmd/train-cmd-1308.jpg,3
/var/scratch/adam/cassava-raw/cassavaleafdata/train/cgm/train-cgm-606.jpg,2
/var/scratch/adam/cassava-raw/cassavaleafdata/train/cmd/train-cmd-261.jpg,3
/var/scratch/adam/cassava-raw/cassavaleafdata/train/cbsd/train-cbsd-1331.jpg,1
/var/scratch/adam/cassava-raw/cassavaleafdata/train/cmd/train-cmd-1223.jpg,3
/var/scratch/adam/cassava-raw/cassavaleafdata/train/cbsd/train-cbsd-991.jpg,1
/var/scratch/adam/cassava-raw/cassavaleafdata/train/cgm/train-cgm-266.jpg,2
/var/scratch/adam/cassava-raw/cassavaleafdata/train/cmd/train-cmd-1659.jpg,3
/var/scratch/adam/cassava-raw/cassavaleafdata/train/cbb/train-cbb-19.jpg,0
/var/scratch/adam/cassava-raw/cassavaleafdata/train/cgm/train-cgm-491.jpg,2
/var/scratch/adam/cassava-raw/cassavaleafdata/train/cgm/train-cgm-167.jpg,2
/var/scratch/adam/cassava-raw/cassavaleafdata/train/cbsd/train-cbsd-553.jpg,1
/var/scratch/adam/cassava-raw/cassavaleafdata/train/cmd/train-cmd-1640.jpg,3
/var/scratch/adam/cassava-raw/cassavaleafdata/train/cgm/train-cgm-87.jpg,2
/var/scratch/adam/cassava-raw/cassavaleafdata/train/cmd/train-cmd-487.jpg,3
/var/scratch/adam/cassava-raw/cassavaleafdata/train/cbb/train-cbb-225.jpg,0
/var/scratch/adam/cassava-raw/cassavaleafdata/train/cbb/train-cbb-88.jpg,0
/var/scratch/adam/cassava-raw/cassavaleafdata/train/cmd/train-cmd-2176.jpg,3
/var/scratch/adam/cassava-raw/cassavaleafdata/train/cmd/train-cmd-1798.jpg,3
/var/scratch/adam/cassava-raw/cassavaleafdata/train/cbb/train-cbb-65.jpg,0
/var/scratch/adam/cassava-raw/cassavaleafdata/train/cmd/train-cmd-20.jpg,3
/var/scratch/adam/cassava-raw/cassavaleafdata/train/cmd/train-cmd-1698.jpg,3
/var/scratch/adam/cassava-raw/cassavaleafdata/train/cbsd/train-cbsd-29.jpg,1
/var/scratch/adam/cassava-raw/cassavaleafdata/train/cmd/train-cmd-2150.jpg,3
/var/scratch/adam/cassava-raw/cassavaleafdata/train/cbsd/train-cbsd-1222.jpg,1
/var/scratch/adam/cassava-raw/cassavaleafdata/train/cbb/train-cbb-422.jpg,0
/var/scratch/adam/cassava-raw/cassavaleafdata/train/cmd/train-cmd-874.jpg,3
/var/scratch/adam/cassava-raw/cassavaleafdata/train/cmd/train-cmd-867.jpg,3
/var/scratch/adam/cassava-raw/cassavaleafdata/train/cmd/train-cmd-942.jpg,3
/var/scratch/adam/cassava-raw/cassavaleafdata/train/cmd/train-cmd-1627.jpg,3
/var/scratch/adam/cassava-raw/cassavaleafdata/train/cmd/train-cmd-2585.jpg,3
/var/scratch/adam/cassava-raw/cassavaleafdata/train/cbsd/train-cbsd-1091.jpg,1
/var/scratch/adam/cassava-raw/cassavaleafdata/train/cgm/train-cgm-770.jpg,2
/var/scratch/adam/cassava-raw/cassavaleafdata/train/cbsd/train-cbsd-910.jpg,1
/var/scratch/adam/cassava-raw/cassavaleafdata/train/cmd/train-cmd-1337.jpg,3
/var/scratch/adam/cassava-raw/cassavaleafdata/train/cbsd/train-cbsd-1441.jpg,1
/var/scratch/adam/cassava-raw/cassavaleafdata/train/cbsd/train-cbsd-233.jpg,1
/var/scratch/adam/cassava-raw/cassavaleafdata/train/cmd/train-cmd-233.jpg,3
/var/scratch/adam/cassava-raw/cassavaleafdata/train/cbb/train-cbb-279.jpg,0
/var/scratch/adam/cassava-raw/cassavaleafdata/train/cbsd/train-cbsd-996.jpg,1
/var/scratch/adam/cassava-raw/cassavaleafdata/train/cmd/train-cmd-1905.jpg,3
/var/scratch/adam/cassava-raw/cassavaleafdata/train/cmd/train-cmd-2103.jpg,3
/var/scratch/adam/cassava-raw/cassavaleafdata/train/cbb/train-cbb-324.jpg,0
/var/scratch/adam/cassava-raw/cassavaleafdata/train/cbsd/train-cbsd-800.jpg,1
/var/scratch/adam/cassava-raw/cassavaleafdata/train/cmd/train-cmd-443.jpg,3
/var/scratch/adam/cassava-raw/cassavaleafdata/train/cbb/train-cbb-150.jpg,0
/var/scratch/adam/cassava-raw/cassavaleafdata/train/cmd/train-cmd-2510.jpg,3
/var/scratch/adam/cassava-raw/cassavaleafdata/train/healthy/train-healthy-97.jpg,4
/var/scratch/adam/cassava-raw/cassavaleafdata/train/cbsd/train-cbsd-391.jpg,1
/var/scratch/adam/cassava-raw/cassavaleafdata/train/cmd/train-cmd-1958.jpg,3
/var/scratch/adam/cassava-raw/cassavaleafdata/train/cbsd/train-cbsd-546.jpg,1
/var/scratch/adam/cassava-raw/cassavaleafdata/train/cbsd/train-cbsd-766.jpg,1
/var/scratch/adam/cassava-raw/cassavaleafdata/train/cmd/train-cmd-1705.jpg,3
/var/scratch/adam/cassava-raw/cassavaleafdata/train/cmd/train-cmd-2520.jpg,3
/var/scratch/adam/cassava-raw/cassavaleafdata/train/cbsd/train-cbsd-827.jpg,1
/var/scratch/adam/cassava-raw/cassavaleafdata/train/cmd/train-cmd-1217.jpg,3
/var/scratch/adam/cassava-raw/cassavaleafdata/train/cmd/train-cmd-1969.jpg,3
/var/scratch/adam/cassava-raw/cassavaleafdata/train/cbb/train-cbb-453.jpg,0
/var/scratch/adam/cassava-raw/cassavaleafdata/train/cmd/train-cmd-1563.jpg,3
/var/scratch/adam/cassava-raw/cassavaleafdata/train/cmd/train-cmd-272.jpg,3
/var/scratch/adam/cassava-raw/cassavaleafdata/train/cbsd/train-cbsd-624.jpg,1
/var/scratch/adam/cassava-raw/cassavaleafdata/train/cgm/train-cgm-597.jpg,2
/var/scratch/adam/cassava-raw/cassavaleafdata/train/cmd/train-cmd-1443.jpg,3
/var/scratch/adam/cassava-raw/cassavaleafdata/train/cbsd/train-cbsd-43.jpg,1
/var/scratch/adam/cassava-raw/cassavaleafdata/train/cbsd/train-cbsd-38.jpg,1
/var/scratch/adam/cassava-raw/cassavaleafdata/train/cmd/train-cmd-118.jpg,3
/var/scratch/adam/cassava-raw/cassavaleafdata/train/healthy/train-healthy-170.jpg,4
/var/scratch/adam/cassava-raw/cassavaleafdata/train/cbsd/train-cbsd-1412.jpg,1
/var/scratch/adam/cassava-raw/cassavaleafdata/train/cmd/train-cmd-2218.jpg,3
/var/scratch/adam/cassava-raw/cassavaleafdata/train/cmd/train-cmd-441.jpg,3
/var/scratch/adam/cassava-raw/cassavaleafdata/train/cgm/train-cgm-111.jpg,2
/var/scratch/adam/cassava-raw/cassavaleafdata/train/cmd/train-cmd-481.jpg,3
/var/scratch/adam/cassava-raw/cassavaleafdata/train/cbsd/train-cbsd-324.jpg,1
/var/scratch/adam/cassava-raw/cassavaleafdata/train/cbsd/train-cbsd-1090.jpg,1
/var/scratch/adam/cassava-raw/cassavaleafdata/train/cmd/train-cmd-212.jpg,3
/var/scratch/adam/cassava-raw/cassavaleafdata/train/cbsd/train-cbsd-1367.jpg,1
/var/scratch/adam/cassava-raw/cassavaleafdata/train/cmd/train-cmd-2597.jpg,3
/var/scratch/adam/cassava-raw/cassavaleafdata/train/cbsd/train-cbsd-452.jpg,1
/var/scratch/adam/cassava-raw/cassavaleafdata/train/cbsd/train-cbsd-336.jpg,1
/var/scratch/adam/cassava-raw/cassavaleafdata/train/cmd/train-cmd-2637.jpg,3
/var/scratch/adam/cassava-raw/cassavaleafdata/train/cbsd/train-cbsd-707.jpg,1
/var/scratch/adam/cassava-raw/cassavaleafdata/train/cbb/train-cbb-410.jpg,0
/var/scratch/adam/cassava-raw/cassavaleafdata/train/cmd/train-cmd-2428.jpg,3
/var/scratch/adam/cassava-raw/cassavaleafdata/train/cgm/train-cgm-507.jpg,2
/var/scratch/adam/cassava-raw/cassavaleafdata/train/cmd/train-cmd-1213.jpg,3
/var/scratch/adam/cassava-raw/cassavaleafdata/train/cmd/train-cmd-879.jpg,3
/var/scratch/adam/cassava-raw/cassavaleafdata/train/cmd/train-cmd-2390.jpg,3
/var/scratch/adam/cassava-raw/cassavaleafdata/train/cmd/train-cmd-2297.jpg,3
/var/scratch/adam/cassava-raw/cassavaleafdata/train/cbsd/train-cbsd-534.jpg,1
/var/scratch/adam/cassava-raw/cassavaleafdata/train/cgm/train-cgm-230.jpg,2
/var/scratch/adam/cassava-raw/cassavaleafdata/train/cbsd/train-cbsd-108.jpg,1
/var/scratch/adam/cassava-raw/cassavaleafdata/train/cbsd/train-cbsd-186.jpg,1
/var/scratch/adam/cassava-raw/cassavaleafdata/train/cbsd/train-cbsd-634.jpg,1
/var/scratch/adam/cassava-raw/cassavaleafdata/train/cbsd/train-cbsd-280.jpg,1
/var/scratch/adam/cassava-raw/cassavaleafdata/train/cmd/train-cmd-892.jpg,3
/var/scratch/adam/cassava-raw/cassavaleafdata/train/cbb/train-cbb-375.jpg,0
/var/scratch/adam/cassava-raw/cassavaleafdata/train/cbb/train-cbb-457.jpg,0
/var/scratch/adam/cassava-raw/cassavaleafdata/train/cmd/train-cmd-1735.jpg,3
/var/scratch/adam/cassava-raw/cassavaleafdata/train/cmd/train-cmd-1819.jpg,3
/var/scratch/adam/cassava-raw/cassavaleafdata/train/cbsd/train-cbsd-770.jpg,1
/var/scratch/adam/cassava-raw/cassavaleafdata/train/cbsd/train-cbsd-275.jpg,1
/var/scratch/adam/cassava-raw/cassavaleafdata/train/cmd/train-cmd-2256.jpg,3
/var/scratch/adam/cassava-raw/cassavaleafdata/train/cmd/train-cmd-361.jpg,3
/var/scratch/adam/cassava-raw/cassavaleafdata/train/cmd/train-cmd-697.jpg,3
/var/scratch/adam/cassava-raw/cassavaleafdata/train/cmd/train-cmd-2129.jpg,3
/var/scratch/adam/cassava-raw/cassavaleafdata/train/cmd/train-cmd-501.jpg,3
/var/scratch/adam/cassava-raw/cassavaleafdata/train/cgm/train-cgm-415.jpg,2
/var/scratch/adam/cassava-raw/cassavaleafdata/train/cmd/train-cmd-110.jpg,3
/var/scratch/adam/cassava-raw/cassavaleafdata/train/cbb/train-cbb-217.jpg,0
/var/scratch/adam/cassava-raw/cassavaleafdata/train/cbsd/train-cbsd-107.jpg,1
/var/scratch/adam/cassava-raw/cassavaleafdata/train/cmd/train-cmd-1840.jpg,3
/var/scratch/adam/cassava-raw/cassavaleafdata/train/cbb/train-cbb-209.jpg,0
/var/scratch/adam/cassava-raw/cassavaleafdata/train/cmd/train-cmd-1764.jpg,3
/var/scratch/adam/cassava-raw/cassavaleafdata/train/cbsd/train-cbsd-164.jpg,1
/var/scratch/adam/cassava-raw/cassavaleafdata/train/cmd/train-cmd-1689.jpg,3
/var/scratch/adam/cassava-raw/cassavaleafdata/train/cmd/train-cmd-2440.jpg,3
/var/scratch/adam/cassava-raw/cassavaleafdata/train/cbb/train-cbb-127.jpg,0
/var/scratch/adam/cassava-raw/cassavaleafdata/train/cbb/train-cbb-108.jpg,0
/var/scratch/adam/cassava-raw/cassavaleafdata/train/cmd/train-cmd-1675.jpg,3
/var/scratch/adam/cassava-raw/cassavaleafdata/train/cgm/train-cgm-446.jpg,2
/var/scratch/adam/cassava-raw/cassavaleafdata/train/cmd/train-cmd-1167.jpg,3
/var/scratch/adam/cassava-raw/cassavaleafdata/train/cbsd/train-cbsd-335.jpg,1
/var/scratch/adam/cassava-raw/cassavaleafdata/train/cmd/train-cmd-193.jpg,3
/var/scratch/adam/cassava-raw/cassavaleafdata/train/healthy/train-healthy-165.jpg,4
/var/scratch/adam/cassava-raw/cassavaleafdata/train/cbb/train-cbb-413.jpg,0
/var/scratch/adam/cassava-raw/cassavaleafdata/train/cmd/train-cmd-2161.jpg,3
/var/scratch/adam/cassava-raw/cassavaleafdata/train/cmd/train-cmd-262.jpg,3
/var/scratch/adam/cassava-raw/cassavaleafdata/train/cbb/train-cbb-101.jpg,0
/var/scratch/adam/cassava-raw/cassavaleafdata/train/cmd/train-cmd-239.jpg,3
/var/scratch/adam/cassava-raw/cassavaleafdata/train/cbsd/train-cbsd-980.jpg,1
/var/scratch/adam/cassava-raw/cassavaleafdata/train/cmd/train-cmd-615.jpg,3
/var/scratch/adam/cassava-raw/cassavaleafdata/train/cbsd/train-cbsd-867.jpg,1
/var/scratch/adam/cassava-raw/cassavaleafdata/train/cmd/train-cmd-2052.jpg,3
/var/scratch/adam/cassava-raw/cassavaleafdata/train/cmd/train-cmd-1412.jpg,3
/var/scratch/adam/cassava-raw/cassavaleafdata/train/healthy/train-healthy-61.jpg,4
/var/scratch/adam/cassava-raw/cassavaleafdata/train/cbsd/train-cbsd-1326.jpg,1
/var/scratch/adam/cassava-raw/cassavaleafdata/train/cbsd/train-cbsd-561.jpg,1
/var/scratch/adam/cassava-raw/cassavaleafdata/train/cmd/train-cmd-1173.jpg,3
/var/scratch/adam/cassava-raw/cassavaleafdata/train/cgm/train-cgm-121.jpg,2
/var/scratch/adam/cassava-raw/cassavaleafdata/train/cmd/train-cmd-1607.jpg,3
/var/scratch/adam/cassava-raw/cassavaleafdata/train/cbsd/train-cbsd-385.jpg,1
/var/scratch/adam/cassava-raw/cassavaleafdata/train/cbb/train-cbb-41.jpg,0
/var/scratch/adam/cassava-raw/cassavaleafdata/train/cbb/train-cbb-102.jpg,0
/var/scratch/adam/cassava-raw/cassavaleafdata/train/cmd/train-cmd-684.jpg,3
/var/scratch/adam/cassava-raw/cassavaleafdata/train/cmd/train-cmd-2017.jpg,3
/var/scratch/adam/cassava-raw/cassavaleafdata/train/cmd/train-cmd-1224.jpg,3
/var/scratch/adam/cassava-raw/cassavaleafdata/train/cbsd/train-cbsd-134.jpg,1
/var/scratch/adam/cassava-raw/cassavaleafdata/train/cbsd/train-cbsd-311.jpg,1
/var/scratch/adam/cassava-raw/cassavaleafdata/train/cmd/train-cmd-1762.jpg,3
/var/scratch/adam/cassava-raw/cassavaleafdata/train/cmd/train-cmd-2025.jpg,3
/var/scratch/adam/cassava-raw/cassavaleafdata/train/healthy/train-healthy-269.jpg,4
/var/scratch/adam/cassava-raw/cassavaleafdata/train/cmd/train-cmd-2401.jpg,3
/var/scratch/adam/cassava-raw/cassavaleafdata/train/cgm/train-cgm-0.jpg,2
/var/scratch/adam/cassava-raw/cassavaleafdata/train/cgm/train-cgm-666.jpg,2
/var/scratch/adam/cassava-raw/cassavaleafdata/train/cgm/train-cgm-686.jpg,2
/var/scratch/adam/cassava-raw/cassavaleafdata/train/cbsd/train-cbsd-1354.jpg,1
/var/scratch/adam/cassava-raw/cassavaleafdata/train/cmd/train-cmd-2441.jpg,3
/var/scratch/adam/cassava-raw/cassavaleafdata/train/cgm/train-cgm-631.jpg,2
/var/scratch/adam/cassava-raw/cassavaleafdata/train/cgm/train-cgm-417.jpg,2
/var/scratch/adam/cassava-raw/cassavaleafdata/train/healthy/train-healthy-42.jpg,4
/var/scratch/adam/cassava-raw/cassavaleafdata/train/cmd/train-cmd-357.jpg,3
/var/scratch/adam/cassava-raw/cassavaleafdata/train/cmd/train-cmd-444.jpg,3
/var/scratch/adam/cassava-raw/cassavaleafdata/train/cmd/train-cmd-949.jpg,3
/var/scratch/adam/cassava-raw/cassavaleafdata/train/cmd/train-cmd-759.jpg,3
/var/scratch/adam/cassava-raw/cassavaleafdata/train/cmd/train-cmd-1548.jpg,3
/var/scratch/adam/cassava-raw/cassavaleafdata/train/cmd/train-cmd-2496.jpg,3
/var/scratch/adam/cassava-raw/cassavaleafdata/train/cmd/train-cmd-1201.jpg,3
/var/scratch/adam/cassava-raw/cassavaleafdata/train/cbsd/train-cbsd-1035.jpg,1
/var/scratch/adam/cassava-raw/cassavaleafdata/train/healthy/train-healthy-156.jpg,4
/var/scratch/adam/cassava-raw/cassavaleafdata/train/cmd/train-cmd-808.jpg,3
/var/scratch/adam/cassava-raw/cassavaleafdata/train/cbb/train-cbb-448.jpg,0
/var/scratch/adam/cassava-raw/cassavaleafdata/train/cgm/train-cgm-647.jpg,2
/var/scratch/adam/cassava-raw/cassavaleafdata/train/cgm/train-cgm-184.jpg,2
/var/scratch/adam/cassava-raw/cassavaleafdata/train/cmd/train-cmd-451.jpg,3
/var/scratch/adam/cassava-raw/cassavaleafdata/train/cgm/train-cgm-718.jpg,2
/var/scratch/adam/cassava-raw/cassavaleafdata/train/cmd/train-cmd-1685.jpg,3
/var/scratch/adam/cassava-raw/cassavaleafdata/train/cmd/train-cmd-1756.jpg,3
/var/scratch/adam/cassava-raw/cassavaleafdata/train/cgm/train-cgm-751.jpg,2
/var/scratch/adam/cassava-raw/cassavaleafdata/train/cmd/train-cmd-1578.jpg,3
/var/scratch/adam/cassava-raw/cassavaleafdata/train/cmd/train-cmd-2581.jpg,3
/var/scratch/adam/cassava-raw/cassavaleafdata/train/cbsd/train-cbsd-803.jpg,1
/var/scratch/adam/cassava-raw/cassavaleafdata/train/cmd/train-cmd-1094.jpg,3
/var/scratch/adam/cassava-raw/cassavaleafdata/train/cgm/train-cgm-321.jpg,2
/var/scratch/adam/cassava-raw/cassavaleafdata/train/cmd/train-cmd-811.jpg,3
/var/scratch/adam/cassava-raw/cassavaleafdata/train/cbb/train-cbb-33.jpg,0
/var/scratch/adam/cassava-raw/cassavaleafdata/train/cbsd/train-cbsd-1379.jpg,1
/var/scratch/adam/cassava-raw/cassavaleafdata/train/cmd/train-cmd-2231.jpg,3
/var/scratch/adam/cassava-raw/cassavaleafdata/train/cmd/train-cmd-1329.jpg,3
/var/scratch/adam/cassava-raw/cassavaleafdata/train/cbsd/train-cbsd-1102.jpg,1
/var/scratch/adam/cassava-raw/cassavaleafdata/train/cmd/train-cmd-2491.jpg,3
/var/scratch/adam/cassava-raw/cassavaleafdata/train/healthy/train-healthy-155.jpg,4
/var/scratch/adam/cassava-raw/cassavaleafdata/train/cmd/train-cmd-2448.jpg,3
/var/scratch/adam/cassava-raw/cassavaleafdata/train/cmd/train-cmd-2252.jpg,3
/var/scratch/adam/cassava-raw/cassavaleafdata/train/cmd/train-cmd-988.jpg,3
/var/scratch/adam/cassava-raw/cassavaleafdata/train/cbsd/train-cbsd-1323.jpg,1
/var/scratch/adam/cassava-raw/cassavaleafdata/train/cmd/train-cmd-457.jpg,3
/var/scratch/adam/cassava-raw/cassavaleafdata/train/healthy/train-healthy-116.jpg,4
/var/scratch/adam/cassava-raw/cassavaleafdata/train/cgm/train-cgm-564.jpg,2
/var/scratch/adam/cassava-raw/cassavaleafdata/train/cbsd/train-cbsd-33.jpg,1
/var/scratch/adam/cassava-raw/cassavaleafdata/train/cbsd/train-cbsd-937.jpg,1
/var/scratch/adam/cassava-raw/cassavaleafdata/train/cmd/train-cmd-843.jpg,3
/var/scratch/adam/cassava-raw/cassavaleafdata/train/cbsd/train-cbsd-540.jpg,1
/var/scratch/adam/cassava-raw/cassavaleafdata/train/cgm/train-cgm-294.jpg,2
/var/scratch/adam/cassava-raw/cassavaleafdata/train/cbsd/train-cbsd-957.jpg,1
/var/scratch/adam/cassava-raw/cassavaleafdata/train/cgm/train-cgm-161.jpg,2
/var/scratch/adam/cassava-raw/cassavaleafdata/train/cgm/train-cgm-33.jpg,2
/var/scratch/adam/cassava-raw/cassavaleafdata/train/cmd/train-cmd-2502.jpg,3
/var/scratch/adam/cassava-raw/cassavaleafdata/train/cmd/train-cmd-2113.jpg,3
/var/scratch/adam/cassava-raw/cassavaleafdata/train/healthy/train-healthy-299.jpg,4
/var/scratch/adam/cassava-raw/cassavaleafdata/train/cmd/train-cmd-2298.jpg,3
/var/scratch/adam/cassava-raw/cassavaleafdata/train/cmd/train-cmd-1204.jpg,3
/var/scratch/adam/cassava-raw/cassavaleafdata/train/cgm/train-cgm-88.jpg,2
/var/scratch/adam/cassava-raw/cassavaleafdata/train/cmd/train-cmd-1370.jpg,3
/var/scratch/adam/cassava-raw/cassavaleafdata/train/cmd/train-cmd-1351.jpg,3
/var/scratch/adam/cassava-raw/cassavaleafdata/train/cbsd/train-cbsd-349.jpg,1
/var/scratch/adam/cassava-raw/cassavaleafdata/train/cmd/train-cmd-2370.jpg,3
/var/scratch/adam/cassava-raw/cassavaleafdata/train/cgm/train-cgm-148.jpg,2
/var/scratch/adam/cassava-raw/cassavaleafdata/train/cgm/train-cgm-63.jpg,2
/var/scratch/adam/cassava-raw/cassavaleafdata/train/cmd/train-cmd-2173.jpg,3
/var/scratch/adam/cassava-raw/cassavaleafdata/train/cmd/train-cmd-902.jpg,3
/var/scratch/adam/cassava-raw/cassavaleafdata/train/cbsd/train-cbsd-952.jpg,1
/var/scratch/adam/cassava-raw/cassavaleafdata/train/cmd/train-cmd-2417.jpg,3
/var/scratch/adam/cassava-raw/cassavaleafdata/train/cmd/train-cmd-1291.jpg,3
/var/scratch/adam/cassava-raw/cassavaleafdata/train/cbsd/train-cbsd-359.jpg,1
/var/scratch/adam/cassava-raw/cassavaleafdata/train/cbsd/train-cbsd-616.jpg,1
/var/scratch/adam/cassava-raw/cassavaleafdata/train/cbb/train-cbb-313.jpg,0
/var/scratch/adam/cassava-raw/cassavaleafdata/train/cbb/train-cbb-278.jpg,0
/var/scratch/adam/cassava-raw/cassavaleafdata/train/cbsd/train-cbsd-210.jpg,1
/var/scratch/adam/cassava-raw/cassavaleafdata/train/cmd/train-cmd-355.jpg,3
/var/scratch/adam/cassava-raw/cassavaleafdata/train/cmd/train-cmd-49.jpg,3
/var/scratch/adam/cassava-raw/cassavaleafdata/train/cgm/train-cgm-218.jpg,2
/var/scratch/adam/cassava-raw/cassavaleafdata/train/cbsd/train-cbsd-1127.jpg,1
/var/scratch/adam/cassava-raw/cassavaleafdata/train/cgm/train-cgm-392.jpg,2
/var/scratch/adam/cassava-raw/cassavaleafdata/train/cgm/train-cgm-363.jpg,2
/var/scratch/adam/cassava-raw/cassavaleafdata/train/cbb/train-cbb-173.jpg,0
/var/scratch/adam/cassava-raw/cassavaleafdata/train/cbb/train-cbb-78.jpg,0
/var/scratch/adam/cassava-raw/cassavaleafdata/train/cgm/train-cgm-195.jpg,2
/var/scratch/adam/cassava-raw/cassavaleafdata/train/cmd/train-cmd-1567.jpg,3
/var/scratch/adam/cassava-raw/cassavaleafdata/train/cmd/train-cmd-2429.jpg,3
/var/scratch/adam/cassava-raw/cassavaleafdata/train/cbb/train-cbb-171.jpg,0
/var/scratch/adam/cassava-raw/cassavaleafdata/train/cbsd/train-cbsd-400.jpg,1
/var/scratch/adam/cassava-raw/cassavaleafdata/train/cmd/train-cmd-703.jpg,3
/var/scratch/adam/cassava-raw/cassavaleafdata/train/cmd/train-cmd-569.jpg,3
/var/scratch/adam/cassava-raw/cassavaleafdata/train/cbb/train-cbb-409.jpg,0
/var/scratch/adam/cassava-raw/cassavaleafdata/train/cbsd/train-cbsd-1303.jpg,1
/var/scratch/adam/cassava-raw/cassavaleafdata/train/cgm/train-cgm-421.jpg,2
/var/scratch/adam/cassava-raw/cassavaleafdata/train/cmd/train-cmd-320.jpg,3
/var/scratch/adam/cassava-raw/cassavaleafdata/train/cbsd/train-cbsd-802.jpg,1
/var/scratch/adam/cassava-raw/cassavaleafdata/train/healthy/train-healthy-143.jpg,4
/var/scratch/adam/cassava-raw/cassavaleafdata/train/cbb/train-cbb-31.jpg,0
/var/scratch/adam/cassava-raw/cassavaleafdata/train/cmd/train-cmd-97.jpg,3
/var/scratch/adam/cassava-raw/cassavaleafdata/train/cbsd/train-cbsd-1170.jpg,1
/var/scratch/adam/cassava-raw/cassavaleafdata/train/cbsd/train-cbsd-1348.jpg,1
/var/scratch/adam/cassava-raw/cassavaleafdata/train/cmd/train-cmd-755.jpg,3
/var/scratch/adam/cassava-raw/cassavaleafdata/train/cmd/train-cmd-1858.jpg,3
/var/scratch/adam/cassava-raw/cassavaleafdata/train/healthy/train-healthy-282.jpg,4
/var/scratch/adam/cassava-raw/cassavaleafdata/train/cbsd/train-cbsd-1006.jpg,1
/var/scratch/adam/cassava-raw/cassavaleafdata/train/cbsd/train-cbsd-649.jpg,1
/var/scratch/adam/cassava-raw/cassavaleafdata/train/cmd/train-cmd-1547.jpg,3
/var/scratch/adam/cassava-raw/cassavaleafdata/train/cgm/train-cgm-165.jpg,2
/var/scratch/adam/cassava-raw/cassavaleafdata/train/cmd/train-cmd-1407.jpg,3
/var/scratch/adam/cassava-raw/cassavaleafdata/train/cgm/train-cgm-45.jpg,2
/var/scratch/adam/cassava-raw/cassavaleafdata/train/cbsd/train-cbsd-1341.jpg,1
/var/scratch/adam/cassava-raw/cassavaleafdata/train/cmd/train-cmd-1677.jpg,3
/var/scratch/adam/cassava-raw/cassavaleafdata/train/cmd/train-cmd-1147.jpg,3
/var/scratch/adam/cassava-raw/cassavaleafdata/train/cmd/train-cmd-2026.jpg,3
/var/scratch/adam/cassava-raw/cassavaleafdata/train/cmd/train-cmd-1912.jpg,3
/var/scratch/adam/cassava-raw/cassavaleafdata/train/cbsd/train-cbsd-785.jpg,1
/var/scratch/adam/cassava-raw/cassavaleafdata/train/cbsd/train-cbsd-255.jpg,1
/var/scratch/adam/cassava-raw/cassavaleafdata/train/cmd/train-cmd-1836.jpg,3
/var/scratch/adam/cassava-raw/cassavaleafdata/train/cmd/train-cmd-1844.jpg,3
/var/scratch/adam/cassava-raw/cassavaleafdata/train/healthy/train-healthy-80.jpg,4
/var/scratch/adam/cassava-raw/cassavaleafdata/train/cbsd/train-cbsd-1324.jpg,1
/var/scratch/adam/cassava-raw/cassavaleafdata/train/cgm/train-cgm-74.jpg,2
/var/scratch/adam/cassava-raw/cassavaleafdata/train/cmd/train-cmd-1767.jpg,3
/var/scratch/adam/cassava-raw/cassavaleafdata/train/cgm/train-cgm-416.jpg,2
/var/scratch/adam/cassava-raw/cassavaleafdata/train/cmd/train-cmd-1913.jpg,3
/var/scratch/adam/cassava-raw/cassavaleafdata/train/cmd/train-cmd-126.jpg,3
/var/scratch/adam/cassava-raw/cassavaleafdata/train/cbb/train-cbb-441.jpg,0
/var/scratch/adam/cassava-raw/cassavaleafdata/train/cmd/train-cmd-1243.jpg,3
/var/scratch/adam/cassava-raw/cassavaleafdata/train/cmd/train-cmd-2135.jpg,3
/var/scratch/adam/cassava-raw/cassavaleafdata/train/cgm/train-cgm-660.jpg,2
/var/scratch/adam/cassava-raw/cassavaleafdata/train/cmd/train-cmd-1489.jpg,3
/var/scratch/adam/cassava-raw/cassavaleafdata/train/cmd/train-cmd-1814.jpg,3
/var/scratch/adam/cassava-raw/cassavaleafdata/train/cbb/train-cbb-430.jpg,0
/var/scratch/adam/cassava-raw/cassavaleafdata/train/cmd/train-cmd-1437.jpg,3
/var/scratch/adam/cassava-raw/cassavaleafdata/train/cgm/train-cgm-14.jpg,2
/var/scratch/adam/cassava-raw/cassavaleafdata/train/cbsd/train-cbsd-489.jpg,1
/var/scratch/adam/cassava-raw/cassavaleafdata/train/cmd/train-cmd-1515.jpg,3
/var/scratch/adam/cassava-raw/cassavaleafdata/train/cmd/train-cmd-898.jpg,3
/var/scratch/adam/cassava-raw/cassavaleafdata/train/cbsd/train-cbsd-61.jpg,1
/var/scratch/adam/cassava-raw/cassavaleafdata/train/healthy/train-healthy-94.jpg,4
/var/scratch/adam/cassava-raw/cassavaleafdata/train/cbb/train-cbb-83.jpg,0
/var/scratch/adam/cassava-raw/cassavaleafdata/train/cbsd/train-cbsd-881.jpg,1
/var/scratch/adam/cassava-raw/cassavaleafdata/train/cmd/train-cmd-1977.jpg,3
/var/scratch/adam/cassava-raw/cassavaleafdata/train/cbb/train-cbb-326.jpg,0
/var/scratch/adam/cassava-raw/cassavaleafdata/train/cmd/train-cmd-335.jpg,3
/var/scratch/adam/cassava-raw/cassavaleafdata/train/cbsd/train-cbsd-724.jpg,1
/var/scratch/adam/cassava-raw/cassavaleafdata/train/cmd/train-cmd-974.jpg,3
/var/scratch/adam/cassava-raw/cassavaleafdata/train/cmd/train-cmd-1112.jpg,3
/var/scratch/adam/cassava-raw/cassavaleafdata/train/cmd/train-cmd-688.jpg,3
/var/scratch/adam/cassava-raw/cassavaleafdata/train/cbsd/train-cbsd-4.jpg,1
/var/scratch/adam/cassava-raw/cassavaleafdata/train/cmd/train-cmd-1536.jpg,3
/var/scratch/adam/cassava-raw/cassavaleafdata/train/cmd/train-cmd-1069.jpg,3
/var/scratch/adam/cassava-raw/cassavaleafdata/train/cbsd/train-cbsd-50.jpg,1
/var/scratch/adam/cassava-raw/cassavaleafdata/train/cbsd/train-cbsd-574.jpg,1
/var/scratch/adam/cassava-raw/cassavaleafdata/train/cgm/train-cgm-249.jpg,2
/var/scratch/adam/cassava-raw/cassavaleafdata/train/cbsd/train-cbsd-471.jpg,1
/var/scratch/adam/cassava-raw/cassavaleafdata/train/cbsd/train-cbsd-761.jpg,1
/var/scratch/adam/cassava-raw/cassavaleafdata/train/cbsd/train-cbsd-39.jpg,1
/var/scratch/adam/cassava-raw/cassavaleafdata/train/cmd/train-cmd-287.jpg,3
/var/scratch/adam/cassava-raw/cassavaleafdata/train/cbsd/train-cbsd-437.jpg,1
/var/scratch/adam/cassava-raw/cassavaleafdata/train/cmd/train-cmd-2279.jpg,3
/var/scratch/adam/cassava-raw/cassavaleafdata/train/cmd/train-cmd-1676.jpg,3
/var/scratch/adam/cassava-raw/cassavaleafdata/train/cmd/train-cmd-1274.jpg,3
/var/scratch/adam/cassava-raw/cassavaleafdata/train/cbb/train-cbb-273.jpg,0
/var/scratch/adam/cassava-raw/cassavaleafdata/train/cmd/train-cmd-2085.jpg,3
/var/scratch/adam/cassava-raw/cassavaleafdata/train/cbsd/train-cbsd-636.jpg,1
/var/scratch/adam/cassava-raw/cassavaleafdata/train/cmd/train-cmd-1023.jpg,3
/var/scratch/adam/cassava-raw/cassavaleafdata/train/cbsd/train-cbsd-812.jpg,1
/var/scratch/adam/cassava-raw/cassavaleafdata/train/cbsd/train-cbsd-854.jpg,1
/var/scratch/adam/cassava-raw/cassavaleafdata/train/cmd/train-cmd-630.jpg,3
/var/scratch/adam/cassava-raw/cassavaleafdata/train/cbsd/train-cbsd-1050.jpg,1
/var/scratch/adam/cassava-raw/cassavaleafdata/train/cmd/train-cmd-89.jpg,3
/var/scratch/adam/cassava-raw/cassavaleafdata/train/cbsd/train-cbsd-718.jpg,1
/var/scratch/adam/cassava-raw/cassavaleafdata/train/cbb/train-cbb-226.jpg,0
/var/scratch/adam/cassava-raw/cassavaleafdata/train/cbsd/train-cbsd-315.jpg,1
/var/scratch/adam/cassava-raw/cassavaleafdata/train/cbsd/train-cbsd-1378.jpg,1
/var/scratch/adam/cassava-raw/cassavaleafdata/train/cmd/train-cmd-1140.jpg,3
/var/scratch/adam/cassava-raw/cassavaleafdata/train/cbsd/train-cbsd-313.jpg,1
/var/scratch/adam/cassava-raw/cassavaleafdata/train/cmd/train-cmd-280.jpg,3
/var/scratch/adam/cassava-raw/cassavaleafdata/train/cbb/train-cbb-376.jpg,0
/var/scratch/adam/cassava-raw/cassavaleafdata/train/cmd/train-cmd-832.jpg,3
/var/scratch/adam/cassava-raw/cassavaleafdata/train/cmd/train-cmd-1684.jpg,3
/var/scratch/adam/cassava-raw/cassavaleafdata/train/cmd/train-cmd-81.jpg,3
/var/scratch/adam/cassava-raw/cassavaleafdata/train/cmd/train-cmd-818.jpg,3
/var/scratch/adam/cassava-raw/cassavaleafdata/train/healthy/train-healthy-163.jpg,4
/var/scratch/adam/cassava-raw/cassavaleafdata/train/healthy/train-healthy-303.jpg,4
/var/scratch/adam/cassava-raw/cassavaleafdata/train/cmd/train-cmd-594.jpg,3
/var/scratch/adam/cassava-raw/cassavaleafdata/train/cgm/train-cgm-75.jpg,2
/var/scratch/adam/cassava-raw/cassavaleafdata/train/cgm/train-cgm-430.jpg,2
/var/scratch/adam/cassava-raw/cassavaleafdata/train/cmd/train-cmd-311.jpg,3
/var/scratch/adam/cassava-raw/cassavaleafdata/train/cgm/train-cgm-603.jpg,2
/var/scratch/adam/cassava-raw/cassavaleafdata/train/cbsd/train-cbsd-981.jpg,1
/var/scratch/adam/cassava-raw/cassavaleafdata/train/cbsd/train-cbsd-329.jpg,1
/var/scratch/adam/cassava-raw/cassavaleafdata/train/cmd/train-cmd-1414.jpg,3
/var/scratch/adam/cassava-raw/cassavaleafdata/train/cbsd/train-cbsd-1162.jpg,1
/var/scratch/adam/cassava-raw/cassavaleafdata/train/cmd/train-cmd-2541.jpg,3
/var/scratch/adam/cassava-raw/cassavaleafdata/train/cbb/train-cbb-320.jpg,0
/var/scratch/adam/cassava-raw/cassavaleafdata/train/cmd/train-cmd-2123.jpg,3
/var/scratch/adam/cassava-raw/cassavaleafdata/train/cgm/train-cgm-364.jpg,2
/var/scratch/adam/cassava-raw/cassavaleafdata/train/cbsd/train-cbsd-198.jpg,1
/var/scratch/adam/cassava-raw/cassavaleafdata/train/cmd/train-cmd-1590.jpg,3
/var/scratch/adam/cassava-raw/cassavaleafdata/train/cbsd/train-cbsd-451.jpg,1
/var/scratch/adam/cassava-raw/cassavaleafdata/train/cmd/train-cmd-2386.jpg,3
/var/scratch/adam/cassava-raw/cassavaleafdata/train/cgm/train-cgm-37.jpg,2
/var/scratch/adam/cassava-raw/cassavaleafdata/train/cmd/train-cmd-2531.jpg,3
/var/scratch/adam/cassava-raw/cassavaleafdata/train/cbb/train-cbb-130.jpg,0
/var/scratch/adam/cassava-raw/cassavaleafdata/train/cmd/train-cmd-60.jpg,3
/var/scratch/adam/cassava-raw/cassavaleafdata/train/cmd/train-cmd-15.jpg,3
/var/scratch/adam/cassava-raw/cassavaleafdata/train/cgm/train-cgm-141.jpg,2
/var/scratch/adam/cassava-raw/cassavaleafdata/train/cmd/train-cmd-2104.jpg,3
/var/scratch/adam/cassava-raw/cassavaleafdata/train/cgm/train-cgm-694.jpg,2
/var/scratch/adam/cassava-raw/cassavaleafdata/train/cmd/train-cmd-332.jpg,3
/var/scratch/adam/cassava-raw/cassavaleafdata/train/cmd/train-cmd-1720.jpg,3
/var/scratch/adam/cassava-raw/cassavaleafdata/train/cbb/train-cbb-323.jpg,0
/var/scratch/adam/cassava-raw/cassavaleafdata/train/cgm/train-cgm-298.jpg,2
/var/scratch/adam/cassava-raw/cassavaleafdata/train/cbsd/train-cbsd-152.jpg,1
/var/scratch/adam/cassava-raw/cassavaleafdata/train/cmd/train-cmd-999.jpg,3
/var/scratch/adam/cassava-raw/cassavaleafdata/train/cmd/train-cmd-1289.jpg,3
/var/scratch/adam/cassava-raw/cassavaleafdata/train/cmd/train-cmd-656.jpg,3
/var/scratch/adam/cassava-raw/cassavaleafdata/train/healthy/train-healthy-13.jpg,4
/var/scratch/adam/cassava-raw/cassavaleafdata/train/cmd/train-cmd-1528.jpg,3
/var/scratch/adam/cassava-raw/cassavaleafdata/train/cmd/train-cmd-2415.jpg,3
/var/scratch/adam/cassava-raw/cassavaleafdata/train/cmd/train-cmd-1902.jpg,3
/var/scratch/adam/cassava-raw/cassavaleafdata/train/cmd/train-cmd-1103.jpg,3
/var/scratch/adam/cassava-raw/cassavaleafdata/train/cgm/train-cgm-561.jpg,2
/var/scratch/adam/cassava-raw/cassavaleafdata/train/cmd/train-cmd-1721.jpg,3
/var/scratch/adam/cassava-raw/cassavaleafdata/train/cbb/train-cbb-206.jpg,0
/var/scratch/adam/cassava-raw/cassavaleafdata/train/cmd/train-cmd-1483.jpg,3
/var/scratch/adam/cassava-raw/cassavaleafdata/train/cbsd/train-cbsd-459.jpg,1
/var/scratch/adam/cassava-raw/cassavaleafdata/train/cbsd/train-cbsd-155.jpg,1
/var/scratch/adam/cassava-raw/cassavaleafdata/train/cmd/train-cmd-1364.jpg,3
/var/scratch/adam/cassava-raw/cassavaleafdata/train/cgm/train-cgm-82.jpg,2
/var/scratch/adam/cassava-raw/cassavaleafdata/train/cmd/train-cmd-1572.jpg,3
/var/scratch/adam/cassava-raw/cassavaleafdata/train/cmd/train-cmd-915.jpg,3
/var/scratch/adam/cassava-raw/cassavaleafdata/train/cmd/train-cmd-1725.jpg,3
/var/scratch/adam/cassava-raw/cassavaleafdata/train/cmd/train-cmd-1970.jpg,3
/var/scratch/adam/cassava-raw/cassavaleafdata/train/cbsd/train-cbsd-942.jpg,1
/var/scratch/adam/cassava-raw/cassavaleafdata/train/cmd/train-cmd-1501.jpg,3
/var/scratch/adam/cassava-raw/cassavaleafdata/train/cmd/train-cmd-1843.jpg,3
/var/scratch/adam/cassava-raw/cassavaleafdata/train/cmd/train-cmd-2204.jpg,3
/var/scratch/adam/cassava-raw/cassavaleafdata/train/cbsd/train-cbsd-251.jpg,1
/var/scratch/adam/cassava-raw/cassavaleafdata/train/cmd/train-cmd-2454.jpg,3
/var/scratch/adam/cassava-raw/cassavaleafdata/train/cbsd/train-cbsd-142.jpg,1
/var/scratch/adam/cassava-raw/cassavaleafdata/train/cbsd/train-cbsd-1155.jpg,1
/var/scratch/adam/cassava-raw/cassavaleafdata/train/cmd/train-cmd-1557.jpg,3
/var/scratch/adam/cassava-raw/cassavaleafdata/train/cbb/train-cbb-306.jpg,0
/var/scratch/adam/cassava-raw/cassavaleafdata/train/cbsd/train-cbsd-183.jpg,1
/var/scratch/adam/cassava-raw/cassavaleafdata/train/cmd/train-cmd-796.jpg,3
/var/scratch/adam/cassava-raw/cassavaleafdata/train/cmd/train-cmd-2646.jpg,3
/var/scratch/adam/cassava-raw/cassavaleafdata/train/cbsd/train-cbsd-113.jpg,1
/var/scratch/adam/cassava-raw/cassavaleafdata/train/cbsd/train-cbsd-729.jpg,1
/var/scratch/adam/cassava-raw/cassavaleafdata/train/cmd/train-cmd-1088.jpg,3
/var/scratch/adam/cassava-raw/cassavaleafdata/train/cmd/train-cmd-328.jpg,3
/var/scratch/adam/cassava-raw/cassavaleafdata/train/cmd/train-cmd-2499.jpg,3
/var/scratch/adam/cassava-raw/cassavaleafdata/train/cbsd/train-cbsd-1166.jpg,1
/var/scratch/adam/cassava-raw/cassavaleafdata/train/cgm/train-cgm-153.jpg,2
/var/scratch/adam/cassava-raw/cassavaleafdata/train/cmd/train-cmd-316.jpg,3
/var/scratch/adam/cassava-raw/cassavaleafdata/train/cbb/train-cbb-39.jpg,0
/var/scratch/adam/cassava-raw/cassavaleafdata/train/cgm/train-cgm-337.jpg,2
/var/scratch/adam/cassava-raw/cassavaleafdata/train/cmd/train-cmd-1301.jpg,3
/var/scratch/adam/cassava-raw/cassavaleafdata/train/cbsd/train-cbsd-268.jpg,1
/var/scratch/adam/cassava-raw/cassavaleafdata/train/cbb/train-cbb-247.jpg,0
/var/scratch/adam/cassava-raw/cassavaleafdata/train/cgm/train-cgm-189.jpg,2
/var/scratch/adam/cassava-raw/cassavaleafdata/train/cbsd/train-cbsd-715.jpg,1
/var/scratch/adam/cassava-raw/cassavaleafdata/train/cmd/train-cmd-987.jpg,3
/var/scratch/adam/cassava-raw/cassavaleafdata/train/cmd/train-cmd-1832.jpg,3
/var/scratch/adam/cassava-raw/cassavaleafdata/train/cmd/train-cmd-1225.jpg,3
/var/scratch/adam/cassava-raw/cassavaleafdata/train/cmd/train-cmd-1144.jpg,3
/var/scratch/adam/cassava-raw/cassavaleafdata/train/cmd/train-cmd-1491.jpg,3
/var/scratch/adam/cassava-raw/cassavaleafdata/train/cbsd/train-cbsd-8.jpg,1
/var/scratch/adam/cassava-raw/cassavaleafdata/train/cbsd/train-cbsd-147.jpg,1
/var/scratch/adam/cassava-raw/cassavaleafdata/train/cmd/train-cmd-1372.jpg,3
/var/scratch/adam/cassava-raw/cassavaleafdata/train/cmd/train-cmd-2338.jpg,3
/var/scratch/adam/cassava-raw/cassavaleafdata/train/cbsd/train-cbsd-444.jpg,1
/var/scratch/adam/cassava-raw/cassavaleafdata/train/cmd/train-cmd-65.jpg,3
/var/scratch/adam/cassava-raw/cassavaleafdata/train/cbsd/train-cbsd-786.jpg,1
/var/scratch/adam/cassava-raw/cassavaleafdata/train/cgm/train-cgm-336.jpg,2
/var/scratch/adam/cassava-raw/cassavaleafdata/train/cmd/train-cmd-2395.jpg,3
/var/scratch/adam/cassava-raw/cassavaleafdata/train/cbsd/train-cbsd-993.jpg,1
/var/scratch/adam/cassava-raw/cassavaleafdata/train/cbsd/train-cbsd-7.jpg,1
/var/scratch/adam/cassava-raw/cassavaleafdata/train/cbsd/train-cbsd-1434.jpg,1
/var/scratch/adam/cassava-raw/cassavaleafdata/train/cbsd/train-cbsd-192.jpg,1
/var/scratch/adam/cassava-raw/cassavaleafdata/train/cbsd/train-cbsd-526.jpg,1
/var/scratch/adam/cassava-raw/cassavaleafdata/train/cbsd/train-cbsd-1363.jpg,1
/var/scratch/adam/cassava-raw/cassavaleafdata/train/cgm/train-cgm-268.jpg,2
/var/scratch/adam/cassava-raw/cassavaleafdata/train/cbsd/train-cbsd-75.jpg,1
/var/scratch/adam/cassava-raw/cassavaleafdata/train/cbb/train-cbb-81.jpg,0
/var/scratch/adam/cassava-raw/cassavaleafdata/train/cbsd/train-cbsd-1052.jpg,1
/var/scratch/adam/cassava-raw/cassavaleafdata/train/cbsd/train-cbsd-132.jpg,1
/var/scratch/adam/cassava-raw/cassavaleafdata/train/cbsd/train-cbsd-501.jpg,1
/var/scratch/adam/cassava-raw/cassavaleafdata/train/cmd/train-cmd-1097.jpg,3
/var/scratch/adam/cassava-raw/cassavaleafdata/train/cbsd/train-cbsd-704.jpg,1
/var/scratch/adam/cassava-raw/cassavaleafdata/train/cmd/train-cmd-2347.jpg,3
/var/scratch/adam/cassava-raw/cassavaleafdata/train/cmd/train-cmd-2179.jpg,3
/var/scratch/adam/cassava-raw/cassavaleafdata/train/cbsd/train-cbsd-979.jpg,1
/var/scratch/adam/cassava-raw/cassavaleafdata/train/healthy/train-healthy-124.jpg,4
/var/scratch/adam/cassava-raw/cassavaleafdata/train/cmd/train-cmd-847.jpg,3
/var/scratch/adam/cassava-raw/cassavaleafdata/train/cmd/train-cmd-690.jpg,3
/var/scratch/adam/cassava-raw/cassavaleafdata/train/cmd/train-cmd-1158.jpg,3
/var/scratch/adam/cassava-raw/cassavaleafdata/train/cmd/train-cmd-440.jpg,3
/var/scratch/adam/cassava-raw/cassavaleafdata/train/cmd/train-cmd-2144.jpg,3
/var/scratch/adam/cassava-raw/cassavaleafdata/train/cbb/train-cbb-76.jpg,0
/var/scratch/adam/cassava-raw/cassavaleafdata/train/cbsd/train-cbsd-789.jpg,1
/var/scratch/adam/cassava-raw/cassavaleafdata/train/cmd/train-cmd-2062.jpg,3
/var/scratch/adam/cassava-raw/cassavaleafdata/train/cmd/train-cmd-1054.jpg,3
/var/scratch/adam/cassava-raw/cassavaleafdata/train/cmd/train-cmd-2359.jpg,3
/var/scratch/adam/cassava-raw/cassavaleafdata/train/cmd/train-cmd-965.jpg,3
/var/scratch/adam/cassava-raw/cassavaleafdata/train/cbb/train-cbb-281.jpg,0
/var/scratch/adam/cassava-raw/cassavaleafdata/train/cmd/train-cmd-1405.jpg,3
/var/scratch/adam/cassava-raw/cassavaleafdata/train/cmd/train-cmd-1917.jpg,3
/var/scratch/adam/cassava-raw/cassavaleafdata/train/cmd/train-cmd-137.jpg,3
/var/scratch/adam/cassava-raw/cassavaleafdata/train/cbsd/train-cbsd-784.jpg,1
/var/scratch/adam/cassava-raw/cassavaleafdata/train/cgm/train-cgm-43.jpg,2
/var/scratch/adam/cassava-raw/cassavaleafdata/train/cmd/train-cmd-539.jpg,3
/var/scratch/adam/cassava-raw/cassavaleafdata/train/cgm/train-cgm-560.jpg,2
/var/scratch/adam/cassava-raw/cassavaleafdata/train/cmd/train-cmd-2455.jpg,3
/var/scratch/adam/cassava-raw/cassavaleafdata/train/cmd/train-cmd-1766.jpg,3
/var/scratch/adam/cassava-raw/cassavaleafdata/train/cbsd/train-cbsd-666.jpg,1
/var/scratch/adam/cassava-raw/cassavaleafdata/train/cmd/train-cmd-1330.jpg,3
/var/scratch/adam/cassava-raw/cassavaleafdata/train/cmd/train-cmd-409.jpg,3
/var/scratch/adam/cassava-raw/cassavaleafdata/train/cbsd/train-cbsd-104.jpg,1
/var/scratch/adam/cassava-raw/cassavaleafdata/train/cmd/train-cmd-1277.jpg,3
/var/scratch/adam/cassava-raw/cassavaleafdata/train/cbsd/train-cbsd-368.jpg,1
/var/scratch/adam/cassava-raw/cassavaleafdata/train/cmd/train-cmd-2182.jpg,3
/var/scratch/adam/cassava-raw/cassavaleafdata/train/cbsd/train-cbsd-1148.jpg,1
/var/scratch/adam/cassava-raw/cassavaleafdata/train/healthy/train-healthy-74.jpg,4
/var/scratch/adam/cassava-raw/cassavaleafdata/train/cmd/train-cmd-1429.jpg,3
/var/scratch/adam/cassava-raw/cassavaleafdata/train/cmd/train-cmd-220.jpg,3
/var/scratch/adam/cassava-raw/cassavaleafdata/train/cmd/train-cmd-780.jpg,3
/var/scratch/adam/cassava-raw/cassavaleafdata/train/cmd/train-cmd-815.jpg,3
/var/scratch/adam/cassava-raw/cassavaleafdata/train/cmd/train-cmd-1785.jpg,3
/var/scratch/adam/cassava-raw/cassavaleafdata/train/cbb/train-cbb-289.jpg,0
/var/scratch/adam/cassava-raw/cassavaleafdata/train/cgm/train-cgm-234.jpg,2
/var/scratch/adam/cassava-raw/cassavaleafdata/train/cbb/train-cbb-316.jpg,0
/var/scratch/adam/cassava-raw/cassavaleafdata/train/cbsd/train-cbsd-475.jpg,1
/var/scratch/adam/cassava-raw/cassavaleafdata/train/cgm/train-cgm-405.jpg,2
/var/scratch/adam/cassava-raw/cassavaleafdata/train/cgm/train-cgm-616.jpg,2
/var/scratch/adam/cassava-raw/cassavaleafdata/train/cbsd/train-cbsd-687.jpg,1
/var/scratch/adam/cassava-raw/cassavaleafdata/train/cmd/train-cmd-1249.jpg,3
/var/scratch/adam/cassava-raw/cassavaleafdata/train/cgm/train-cgm-608.jpg,2
/var/scratch/adam/cassava-raw/cassavaleafdata/train/cmd/train-cmd-1704.jpg,3
/var/scratch/adam/cassava-raw/cassavaleafdata/train/cmd/train-cmd-471.jpg,3
/var/scratch/adam/cassava-raw/cassavaleafdata/train/cmd/train-cmd-961.jpg,3
/var/scratch/adam/cassava-raw/cassavaleafdata/train/cbsd/train-cbsd-110.jpg,1
/var/scratch/adam/cassava-raw/cassavaleafdata/train/cmd/train-cmd-1381.jpg,3
/var/scratch/adam/cassava-raw/cassavaleafdata/train/cmd/train-cmd-1570.jpg,3
/var/scratch/adam/cassava-raw/cassavaleafdata/train/cmd/train-cmd-2000.jpg,3
/var/scratch/adam/cassava-raw/cassavaleafdata/train/healthy/train-healthy-82.jpg,4
/var/scratch/adam/cassava-raw/cassavaleafdata/train/cbsd/train-cbsd-787.jpg,1
/var/scratch/adam/cassava-raw/cassavaleafdata/train/cgm/train-cgm-350.jpg,2
/var/scratch/adam/cassava-raw/cassavaleafdata/train/cbb/train-cbb-234.jpg,0
/var/scratch/adam/cassava-raw/cassavaleafdata/train/cbsd/train-cbsd-232.jpg,1
/var/scratch/adam/cassava-raw/cassavaleafdata/train/cbsd/train-cbsd-1229.jpg,1
/var/scratch/adam/cassava-raw/cassavaleafdata/train/cmd/train-cmd-1026.jpg,3
/var/scratch/adam/cassava-raw/cassavaleafdata/train/cbsd/train-cbsd-1193.jpg,1
/var/scratch/adam/cassava-raw/cassavaleafdata/train/cmd/train-cmd-1945.jpg,3
/var/scratch/adam/cassava-raw/cassavaleafdata/train/cmd/train-cmd-2235.jpg,3
/var/scratch/adam/cassava-raw/cassavaleafdata/train/cbsd/train-cbsd-1336.jpg,1
/var/scratch/adam/cassava-raw/cassavaleafdata/train/cmd/train-cmd-2156.jpg,3
/var/scratch/adam/cassava-raw/cassavaleafdata/train/cbsd/train-cbsd-460.jpg,1
/var/scratch/adam/cassava-raw/cassavaleafdata/train/cmd/train-cmd-946.jpg,3
/var/scratch/adam/cassava-raw/cassavaleafdata/train/cbb/train-cbb-32.jpg,0
/var/scratch/adam/cassava-raw/cassavaleafdata/train/cmd/train-cmd-2081.jpg,3
/var/scratch/adam/cassava-raw/cassavaleafdata/train/cbsd/train-cbsd-10.jpg,1
/var/scratch/adam/cassava-raw/cassavaleafdata/train/cmd/train-cmd-1737.jpg,3
/var/scratch/adam/cassava-raw/cassavaleafdata/train/cgm/train-cgm-352.jpg,2
/var/scratch/adam/cassava-raw/cassavaleafdata/train/cmd/train-cmd-1790.jpg,3
/var/scratch/adam/cassava-raw/cassavaleafdata/train/cbsd/train-cbsd-62.jpg,1
/var/scratch/adam/cassava-raw/cassavaleafdata/train/cmd/train-cmd-144.jpg,3
/var/scratch/adam/cassava-raw/cassavaleafdata/train/cmd/train-cmd-2072.jpg,3
/var/scratch/adam/cassava-raw/cassavaleafdata/train/cmd/train-cmd-244.jpg,3
/var/scratch/adam/cassava-raw/cassavaleafdata/train/cmd/train-cmd-2098.jpg,3
/var/scratch/adam/cassava-raw/cassavaleafdata/train/cmd/train-cmd-2174.jpg,3
/var/scratch/adam/cassava-raw/cassavaleafdata/train/cbsd/train-cbsd-901.jpg,1
/var/scratch/adam/cassava-raw/cassavaleafdata/train/cbb/train-cbb-236.jpg,0
/var/scratch/adam/cassava-raw/cassavaleafdata/train/cmd/train-cmd-511.jpg,3
/var/scratch/adam/cassava-raw/cassavaleafdata/train/cmd/train-cmd-1288.jpg,3
/var/scratch/adam/cassava-raw/cassavaleafdata/train/cgm/train-cgm-707.jpg,2
/var/scratch/adam/cassava-raw/cassavaleafdata/train/cbb/train-cbb-251.jpg,0
/var/scratch/adam/cassava-raw/cassavaleafdata/train/cmd/train-cmd-376.jpg,3
/var/scratch/adam/cassava-raw/cassavaleafdata/train/cbsd/train-cbsd-301.jpg,1
/var/scratch/adam/cassava-raw/cassavaleafdata/train/cmd/train-cmd-606.jpg,3
/var/scratch/adam/cassava-raw/cassavaleafdata/train/cmd/train-cmd-2439.jpg,3
/var/scratch/adam/cassava-raw/cassavaleafdata/train/cbsd/train-cbsd-1362.jpg,1
/var/scratch/adam/cassava-raw/cassavaleafdata/train/cmd/train-cmd-2408.jpg,3
/var/scratch/adam/cassava-raw/cassavaleafdata/train/healthy/train-healthy-167.jpg,4
/var/scratch/adam/cassava-raw/cassavaleafdata/train/cmd/train-cmd-777.jpg,3
/var/scratch/adam/cassava-raw/cassavaleafdata/train/cmd/train-cmd-996.jpg,3
/var/scratch/adam/cassava-raw/cassavaleafdata/train/cmd/train-cmd-164.jpg,3
/var/scratch/adam/cassava-raw/cassavaleafdata/train/cmd/train-cmd-1595.jpg,3
/var/scratch/adam/cassava-raw/cassavaleafdata/train/cbsd/train-cbsd-888.jpg,1
/var/scratch/adam/cassava-raw/cassavaleafdata/train/cmd/train-cmd-1779.jpg,3
/var/scratch/adam/cassava-raw/cassavaleafdata/train/cbsd/train-cbsd-1141.jpg,1
/var/scratch/adam/cassava-raw/cassavaleafdata/train/cbsd/train-cbsd-15.jpg,1
/var/scratch/adam/cassava-raw/cassavaleafdata/train/cmd/train-cmd-2042.jpg,3
/var/scratch/adam/cassava-raw/cassavaleafdata/train/cmd/train-cmd-1730.jpg,3
/var/scratch/adam/cassava-raw/cassavaleafdata/train/cmd/train-cmd-2286.jpg,3
/var/scratch/adam/cassava-raw/cassavaleafdata/train/cbsd/train-cbsd-1016.jpg,1
/var/scratch/adam/cassava-raw/cassavaleafdata/train/cmd/train-cmd-1754.jpg,3
/var/scratch/adam/cassava-raw/cassavaleafdata/train/cbsd/train-cbsd-1423.jpg,1
/var/scratch/adam/cassava-raw/cassavaleafdata/train/cmd/train-cmd-1631.jpg,3
/var/scratch/adam/cassava-raw/cassavaleafdata/train/cbsd/train-cbsd-242.jpg,1
/var/scratch/adam/cassava-raw/cassavaleafdata/train/cmd/train-cmd-39.jpg,3
/var/scratch/adam/cassava-raw/cassavaleafdata/train/cmd/train-cmd-753.jpg,3
/var/scratch/adam/cassava-raw/cassavaleafdata/train/healthy/train-healthy-109.jpg,4
/var/scratch/adam/cassava-raw/cassavaleafdata/train/cbsd/train-cbsd-472.jpg,1
/var/scratch/adam/cassava-raw/cassavaleafdata/train/healthy/train-healthy-211.jpg,4
/var/scratch/adam/cassava-raw/cassavaleafdata/train/cmd/train-cmd-1013.jpg,3
/var/scratch/adam/cassava-raw/cassavaleafdata/train/cmd/train-cmd-1269.jpg,3
/var/scratch/adam/cassava-raw/cassavaleafdata/train/cgm/train-cgm-651.jpg,2
/var/scratch/adam/cassava-raw/cassavaleafdata/train/cmd/train-cmd-1938.jpg,3
/var/scratch/adam/cassava-raw/cassavaleafdata/train/cmd/train-cmd-151.jpg,3
/var/scratch/adam/cassava-raw/cassavaleafdata/train/cbb/train-cbb-304.jpg,0
/var/scratch/adam/cassava-raw/cassavaleafdata/train/cmd/train-cmd-2307.jpg,3
/var/scratch/adam/cassava-raw/cassavaleafdata/train/cgm/train-cgm-373.jpg,2
/var/scratch/adam/cassava-raw/cassavaleafdata/train/cgm/train-cgm-476.jpg,2
/var/scratch/adam/cassava-raw/cassavaleafdata/train/cmd/train-cmd-1300.jpg,3
/var/scratch/adam/cassava-raw/cassavaleafdata/train/cbsd/train-cbsd-1128.jpg,1
/var/scratch/adam/cassava-raw/cassavaleafdata/train/cmd/train-cmd-614.jpg,3
/var/scratch/adam/cassava-raw/cassavaleafdata/train/healthy/train-healthy-187.jpg,4
/var/scratch/adam/cassava-raw/cassavaleafdata/train/cbsd/train-cbsd-741.jpg,1
/var/scratch/adam/cassava-raw/cassavaleafdata/train/cmd/train-cmd-229.jpg,3
/var/scratch/adam/cassava-raw/cassavaleafdata/train/cmd/train-cmd-2388.jpg,3
/var/scratch/adam/cassava-raw/cassavaleafdata/train/cgm/train-cgm-509.jpg,2
/var/scratch/adam/cassava-raw/cassavaleafdata/train/cmd/train-cmd-429.jpg,3
/var/scratch/adam/cassava-raw/cassavaleafdata/train/cbb/train-cbb-394.jpg,0
/var/scratch/adam/cassava-raw/cassavaleafdata/train/cmd/train-cmd-2495.jpg,3
/var/scratch/adam/cassava-raw/cassavaleafdata/train/cmd/train-cmd-1711.jpg,3
/var/scratch/adam/cassava-raw/cassavaleafdata/train/cbb/train-cbb-193.jpg,0
/var/scratch/adam/cassava-raw/cassavaleafdata/train/cbsd/train-cbsd-1249.jpg,1
/var/scratch/adam/cassava-raw/cassavaleafdata/train/cmd/train-cmd-1200.jpg,3
/var/scratch/adam/cassava-raw/cassavaleafdata/train/cbsd/train-cbsd-1013.jpg,1
/var/scratch/adam/cassava-raw/cassavaleafdata/train/cmd/train-cmd-844.jpg,3
/var/scratch/adam/cassava-raw/cassavaleafdata/train/cmd/train-cmd-1229.jpg,3
/var/scratch/adam/cassava-raw/cassavaleafdata/train/cbsd/train-cbsd-265.jpg,1
/var/scratch/adam/cassava-raw/cassavaleafdata/train/cmd/train-cmd-1248.jpg,3
/var/scratch/adam/cassava-raw/cassavaleafdata/train/cmd/train-cmd-516.jpg,3
/var/scratch/adam/cassava-raw/cassavaleafdata/train/cbsd/train-cbsd-1153.jpg,1
/var/scratch/adam/cassava-raw/cassavaleafdata/train/cbsd/train-cbsd-1299.jpg,1
/var/scratch/adam/cassava-raw/cassavaleafdata/train/cmd/train-cmd-907.jpg,3
/var/scratch/adam/cassava-raw/cassavaleafdata/train/cbsd/train-cbsd-159.jpg,1
/var/scratch/adam/cassava-raw/cassavaleafdata/train/cmd/train-cmd-2622.jpg,3
/var/scratch/adam/cassava-raw/cassavaleafdata/train/cmd/train-cmd-2183.jpg,3
/var/scratch/adam/cassava-raw/cassavaleafdata/train/cmd/train-cmd-1380.jpg,3
/var/scratch/adam/cassava-raw/cassavaleafdata/train/cbsd/train-cbsd-1061.jpg,1
/var/scratch/adam/cassava-raw/cassavaleafdata/train/cmd/train-cmd-2514.jpg,3
/var/scratch/adam/cassava-raw/cassavaleafdata/train/healthy/train-healthy-171.jpg,4
/var/scratch/adam/cassava-raw/cassavaleafdata/train/cgm/train-cgm-639.jpg,2
/var/scratch/adam/cassava-raw/cassavaleafdata/train/cbsd/train-cbsd-1433.jpg,1
/var/scratch/adam/cassava-raw/cassavaleafdata/train/healthy/train-healthy-29.jpg,4
/var/scratch/adam/cassava-raw/cassavaleafdata/train/cmd/train-cmd-2450.jpg,3
/var/scratch/adam/cassava-raw/cassavaleafdata/train/cmd/train-cmd-557.jpg,3
/var/scratch/adam/cassava-raw/cassavaleafdata/train/cmd/train-cmd-2534.jpg,3
/var/scratch/adam/cassava-raw/cassavaleafdata/train/cbsd/train-cbsd-435.jpg,1
/var/scratch/adam/cassava-raw/cassavaleafdata/train/cmd/train-cmd-1133.jpg,3
/var/scratch/adam/cassava-raw/cassavaleafdata/train/cgm/train-cgm-688.jpg,2
/var/scratch/adam/cassava-raw/cassavaleafdata/train/cbsd/train-cbsd-1021.jpg,1
/var/scratch/adam/cassava-raw/cassavaleafdata/train/cmd/train-cmd-2261.jpg,3
/var/scratch/adam/cassava-raw/cassavaleafdata/train/cmd/train-cmd-1382.jpg,3
/var/scratch/adam/cassava-raw/cassavaleafdata/train/cmd/train-cmd-1743.jpg,3
/var/scratch/adam/cassava-raw/cassavaleafdata/train/healthy/train-healthy-54.jpg,4
/var/scratch/adam/cassava-raw/cassavaleafdata/train/cmd/train-cmd-504.jpg,3
/var/scratch/adam/cassava-raw/cassavaleafdata/train/cbsd/train-cbsd-670.jpg,1
/var/scratch/adam/cassava-raw/cassavaleafdata/train/cgm/train-cgm-433.jpg,2
/var/scratch/adam/cassava-raw/cassavaleafdata/train/cgm/train-cgm-524.jpg,2
/var/scratch/adam/cassava-raw/cassavaleafdata/train/cbsd/train-cbsd-992.jpg,1
/var/scratch/adam/cassava-raw/cassavaleafdata/train/cmd/train-cmd-13.jpg,3
/var/scratch/adam/cassava-raw/cassavaleafdata/train/cgm/train-cgm-669.jpg,2
/var/scratch/adam/cassava-raw/cassavaleafdata/train/cmd/train-cmd-1043.jpg,3
/var/scratch/adam/cassava-raw/cassavaleafdata/train/cbsd/train-cbsd-657.jpg,1
/var/scratch/adam/cassava-raw/cassavaleafdata/train/cbsd/train-cbsd-805.jpg,1
/var/scratch/adam/cassava-raw/cassavaleafdata/train/cbsd/train-cbsd-143.jpg,1
/var/scratch/adam/cassava-raw/cassavaleafdata/train/healthy/train-healthy-280.jpg,4
/var/scratch/adam/cassava-raw/cassavaleafdata/train/cmd/train-cmd-1503.jpg,3
/var/scratch/adam/cassava-raw/cassavaleafdata/train/cbsd/train-cbsd-719.jpg,1
/var/scratch/adam/cassava-raw/cassavaleafdata/train/cbsd/train-cbsd-352.jpg,1
/var/scratch/adam/cassava-raw/cassavaleafdata/train/cbsd/train-cbsd-231.jpg,1
/var/scratch/adam/cassava-raw/cassavaleafdata/train/healthy/train-healthy-199.jpg,4
/var/scratch/adam/cassava-raw/cassavaleafdata/train/cbsd/train-cbsd-67.jpg,1
/var/scratch/adam/cassava-raw/cassavaleafdata/train/cbsd/train-cbsd-1113.jpg,1
/var/scratch/adam/cassava-raw/cassavaleafdata/train/cmd/train-cmd-607.jpg,3
/var/scratch/adam/cassava-raw/cassavaleafdata/train/healthy/train-healthy-197.jpg,4
/var/scratch/adam/cassava-raw/cassavaleafdata/train/cbsd/train-cbsd-453.jpg,1
/var/scratch/adam/cassava-raw/cassavaleafdata/train/cgm/train-cgm-221.jpg,2
/var/scratch/adam/cassava-raw/cassavaleafdata/train/cmd/train-cmd-681.jpg,3
/var/scratch/adam/cassava-raw/cassavaleafdata/train/cmd/train-cmd-2350.jpg,3
/var/scratch/adam/cassava-raw/cassavaleafdata/train/cgm/train-cgm-676.jpg,2
/var/scratch/adam/cassava-raw/cassavaleafdata/train/cmd/train-cmd-1121.jpg,3
/var/scratch/adam/cassava-raw/cassavaleafdata/train/cbsd/train-cbsd-576.jpg,1
/var/scratch/adam/cassava-raw/cassavaleafdata/train/cmd/train-cmd-360.jpg,3
/var/scratch/adam/cassava-raw/cassavaleafdata/train/cmd/train-cmd-604.jpg,3
/var/scratch/adam/cassava-raw/cassavaleafdata/train/cmd/train-cmd-462.jpg,3
/var/scratch/adam/cassava-raw/cassavaleafdata/train/cmd/train-cmd-1574.jpg,3
/var/scratch/adam/cassava-raw/cassavaleafdata/train/cgm/train-cgm-501.jpg,2
/var/scratch/adam/cassava-raw/cassavaleafdata/train/cbsd/train-cbsd-1255.jpg,1
/var/scratch/adam/cassava-raw/cassavaleafdata/train/cmd/train-cmd-1034.jpg,3
/var/scratch/adam/cassava-raw/cassavaleafdata/train/cmd/train-cmd-689.jpg,3
/var/scratch/adam/cassava-raw/cassavaleafdata/train/healthy/train-healthy-78.jpg,4
/var/scratch/adam/cassava-raw/cassavaleafdata/train/cbb/train-cbb-104.jpg,0
/var/scratch/adam/cassava-raw/cassavaleafdata/train/cmd/train-cmd-612.jpg,3
/var/scratch/adam/cassava-raw/cassavaleafdata/train/cmd/train-cmd-252.jpg,3
/var/scratch/adam/cassava-raw/cassavaleafdata/train/cmd/train-cmd-322.jpg,3
/var/scratch/adam/cassava-raw/cassavaleafdata/train/healthy/train-healthy-73.jpg,4
/var/scratch/adam/cassava-raw/cassavaleafdata/train/cmd/train-cmd-1763.jpg,3
/var/scratch/adam/cassava-raw/cassavaleafdata/train/cmd/train-cmd-423.jpg,3
/var/scratch/adam/cassava-raw/cassavaleafdata/train/cbsd/train-cbsd-430.jpg,1
/var/scratch/adam/cassava-raw/cassavaleafdata/train/cmd/train-cmd-80.jpg,3
/var/scratch/adam/cassava-raw/cassavaleafdata/train/cmd/train-cmd-2171.jpg,3
/var/scratch/adam/cassava-raw/cassavaleafdata/train/healthy/train-healthy-181.jpg,4
/var/scratch/adam/cassava-raw/cassavaleafdata/train/cbsd/train-cbsd-1428.jpg,1
/var/scratch/adam/cassava-raw/cassavaleafdata/train/cmd/train-cmd-617.jpg,3
/var/scratch/adam/cassava-raw/cassavaleafdata/train/cbsd/train-cbsd-163.jpg,1
/var/scratch/adam/cassava-raw/cassavaleafdata/train/cmd/train-cmd-635.jpg,3
/var/scratch/adam/cassava-raw/cassavaleafdata/train/cgm/train-cgm-458.jpg,2
/var/scratch/adam/cassava-raw/cassavaleafdata/train/cmd/train-cmd-2405.jpg,3
/var/scratch/adam/cassava-raw/cassavaleafdata/train/healthy/train-healthy-190.jpg,4
/var/scratch/adam/cassava-raw/cassavaleafdata/train/cbsd/train-cbsd-955.jpg,1
/var/scratch/adam/cassava-raw/cassavaleafdata/train/cmd/train-cmd-1585.jpg,3
/var/scratch/adam/cassava-raw/cassavaleafdata/train/cmd/train-cmd-856.jpg,3
/var/scratch/adam/cassava-raw/cassavaleafdata/train/cbsd/train-cbsd-925.jpg,1
/var/scratch/adam/cassava-raw/cassavaleafdata/train/cbsd/train-cbsd-1117.jpg,1
/var/scratch/adam/cassava-raw/cassavaleafdata/train/healthy/train-healthy-127.jpg,4
/var/scratch/adam/cassava-raw/cassavaleafdata/train/cbsd/train-cbsd-1078.jpg,1
/var/scratch/adam/cassava-raw/cassavaleafdata/train/cmd/train-cmd-1137.jpg,3
/var/scratch/adam/cassava-raw/cassavaleafdata/train/cbsd/train-cbsd-968.jpg,1
/var/scratch/adam/cassava-raw/cassavaleafdata/train/cmd/train-cmd-1915.jpg,3
/var/scratch/adam/cassava-raw/cassavaleafdata/train/cbsd/train-cbsd-820.jpg,1
/var/scratch/adam/cassava-raw/cassavaleafdata/train/cmd/train-cmd-1087.jpg,3
/var/scratch/adam/cassava-raw/cassavaleafdata/train/cmd/train-cmd-1967.jpg,3
/var/scratch/adam/cassava-raw/cassavaleafdata/train/cbsd/train-cbsd-1000.jpg,1
/var/scratch/adam/cassava-raw/cassavaleafdata/train/cgm/train-cgm-735.jpg,2
/var/scratch/adam/cassava-raw/cassavaleafdata/train/healthy/train-healthy-218.jpg,4
/var/scratch/adam/cassava-raw/cassavaleafdata/train/cbsd/train-cbsd-898.jpg,1
/var/scratch/adam/cassava-raw/cassavaleafdata/train/cmd/train-cmd-894.jpg,3
/var/scratch/adam/cassava-raw/cassavaleafdata/train/cbb/train-cbb-339.jpg,0
/var/scratch/adam/cassava-raw/cassavaleafdata/train/cbsd/train-cbsd-1295.jpg,1
/var/scratch/adam/cassava-raw/cassavaleafdata/train/cgm/train-cgm-510.jpg,2
/var/scratch/adam/cassava-raw/cassavaleafdata/train/cgm/train-cgm-93.jpg,2
/var/scratch/adam/cassava-raw/cassavaleafdata/train/cmd/train-cmd-1520.jpg,3
/var/scratch/adam/cassava-raw/cassavaleafdata/train/cmd/train-cmd-399.jpg,3
/var/scratch/adam/cassava-raw/cassavaleafdata/train/cbsd/train-cbsd-983.jpg,1
/var/scratch/adam/cassava-raw/cassavaleafdata/train/cbsd/train-cbsd-891.jpg,1
/var/scratch/adam/cassava-raw/cassavaleafdata/train/healthy/train-healthy-7.jpg,4
/var/scratch/adam/cassava-raw/cassavaleafdata/train/cgm/train-cgm-617.jpg,2
/var/scratch/adam/cassava-raw/cassavaleafdata/train/cbsd/train-cbsd-735.jpg,1
/var/scratch/adam/cassava-raw/cassavaleafdata/train/cmd/train-cmd-1457.jpg,3
/var/scratch/adam/cassava-raw/cassavaleafdata/train/cmd/train-cmd-2366.jpg,3
/var/scratch/adam/cassava-raw/cassavaleafdata/train/cmd/train-cmd-1971.jpg,3
/var/scratch/adam/cassava-raw/cassavaleafdata/train/cmd/train-cmd-1947.jpg,3
/var/scratch/adam/cassava-raw/cassavaleafdata/train/cbb/train-cbb-371.jpg,0
/var/scratch/adam/cassava-raw/cassavaleafdata/train/cmd/train-cmd-737.jpg,3
/var/scratch/adam/cassava-raw/cassavaleafdata/train/cgm/train-cgm-217.jpg,2
/var/scratch/adam/cassava-raw/cassavaleafdata/train/cmd/train-cmd-56.jpg,3
/var/scratch/adam/cassava-raw/cassavaleafdata/train/cmd/train-cmd-2580.jpg,3
/var/scratch/adam/cassava-raw/cassavaleafdata/train/cgm/train-cgm-313.jpg,2
/var/scratch/adam/cassava-raw/cassavaleafdata/train/cmd/train-cmd-749.jpg,3
/var/scratch/adam/cassava-raw/cassavaleafdata/train/cbsd/train-cbsd-858.jpg,1
/var/scratch/adam/cassava-raw/cassavaleafdata/train/cbsd/train-cbsd-353.jpg,1
/var/scratch/adam/cassava-raw/cassavaleafdata/train/cmd/train-cmd-169.jpg,3
/var/scratch/adam/cassava-raw/cassavaleafdata/train/cmd/train-cmd-2451.jpg,3
/var/scratch/adam/cassava-raw/cassavaleafdata/train/cmd/train-cmd-1787.jpg,3
/var/scratch/adam/cassava-raw/cassavaleafdata/train/cbsd/train-cbsd-543.jpg,1
/var/scratch/adam/cassava-raw/cassavaleafdata/train/cbb/train-cbb-198.jpg,0
/var/scratch/adam/cassava-raw/cassavaleafdata/train/cmd/train-cmd-2127.jpg,3
/var/scratch/adam/cassava-raw/cassavaleafdata/train/cbsd/train-cbsd-972.jpg,1
/var/scratch/adam/cassava-raw/cassavaleafdata/train/cmd/train-cmd-1466.jpg,3
/var/scratch/adam/cassava-raw/cassavaleafdata/train/cbsd/train-cbsd-1250.jpg,1
/var/scratch/adam/cassava-raw/cassavaleafdata/train/cmd/train-cmd-354.jpg,3
/var/scratch/adam/cassava-raw/cassavaleafdata/train/cmd/train-cmd-1181.jpg,3
/var/scratch/adam/cassava-raw/cassavaleafdata/train/cbb/train-cbb-148.jpg,0
/var/scratch/adam/cassava-raw/cassavaleafdata/train/cbsd/train-cbsd-641.jpg,1
/var/scratch/adam/cassava-raw/cassavaleafdata/train/cmd/train-cmd-2452.jpg,3
/var/scratch/adam/cassava-raw/cassavaleafdata/train/cgm/train-cgm-542.jpg,2
/var/scratch/adam/cassava-raw/cassavaleafdata/train/cmd/train-cmd-1950.jpg,3
/var/scratch/adam/cassava-raw/cassavaleafdata/train/cmd/train-cmd-1903.jpg,3
/var/scratch/adam/cassava-raw/cassavaleafdata/train/cgm/train-cgm-677.jpg,2
/var/scratch/adam/cassava-raw/cassavaleafdata/train/cbsd/train-cbsd-1387.jpg,1
/var/scratch/adam/cassava-raw/cassavaleafdata/train/healthy/train-healthy-50.jpg,4
/var/scratch/adam/cassava-raw/cassavaleafdata/train/cgm/train-cgm-316.jpg,2
/var/scratch/adam/cassava-raw/cassavaleafdata/train/healthy/train-healthy-40.jpg,4
/var/scratch/adam/cassava-raw/cassavaleafdata/train/cmd/train-cmd-1964.jpg,3
/var/scratch/adam/cassava-raw/cassavaleafdata/train/cmd/train-cmd-29.jpg,3
/var/scratch/adam/cassava-raw/cassavaleafdata/train/healthy/train-healthy-164.jpg,4
/var/scratch/adam/cassava-raw/cassavaleafdata/train/cbsd/train-cbsd-1366.jpg,1
/var/scratch/adam/cassava-raw/cassavaleafdata/train/cmd/train-cmd-416.jpg,3
/var/scratch/adam/cassava-raw/cassavaleafdata/train/cbb/train-cbb-178.jpg,0
/var/scratch/adam/cassava-raw/cassavaleafdata/train/cbsd/train-cbsd-685.jpg,1
/var/scratch/adam/cassava-raw/cassavaleafdata/train/cmd/train-cmd-503.jpg,3
/var/scratch/adam/cassava-raw/cassavaleafdata/train/cmd/train-cmd-12.jpg,3
/var/scratch/adam/cassava-raw/cassavaleafdata/train/cgm/train-cgm-367.jpg,2
/var/scratch/adam/cassava-raw/cassavaleafdata/train/cbsd/train-cbsd-1386.jpg,1
/var/scratch/adam/cassava-raw/cassavaleafdata/train/cmd/train-cmd-1123.jpg,3
/var/scratch/adam/cassava-raw/cassavaleafdata/train/cbsd/train-cbsd-1219.jpg,1
/var/scratch/adam/cassava-raw/cassavaleafdata/train/cmd/train-cmd-1907.jpg,3
/var/scratch/adam/cassava-raw/cassavaleafdata/train/cgm/train-cgm-505.jpg,2
/var/scratch/adam/cassava-raw/cassavaleafdata/train/cbsd/train-cbsd-1231.jpg,1
/var/scratch/adam/cassava-raw/cassavaleafdata/train/cmd/train-cmd-391.jpg,3
/var/scratch/adam/cassava-raw/cassavaleafdata/train/cmd/train-cmd-1774.jpg,3
/var/scratch/adam/cassava-raw/cassavaleafdata/train/cmd/train-cmd-1895.jpg,3
/var/scratch/adam/cassava-raw/cassavaleafdata/train/cmd/train-cmd-1089.jpg,3
/var/scratch/adam/cassava-raw/cassavaleafdata/train/cgm/train-cgm-714.jpg,2
/var/scratch/adam/cassava-raw/cassavaleafdata/train/cmd/train-cmd-901.jpg,3
/var/scratch/adam/cassava-raw/cassavaleafdata/train/cmd/train-cmd-1002.jpg,3
/var/scratch/adam/cassava-raw/cassavaleafdata/train/cgm/train-cgm-86.jpg,2
/var/scratch/adam/cassava-raw/cassavaleafdata/train/cmd/train-cmd-1904.jpg,3
/var/scratch/adam/cassava-raw/cassavaleafdata/train/healthy/train-healthy-117.jpg,4
/var/scratch/adam/cassava-raw/cassavaleafdata/train/cmd/train-cmd-37.jpg,3
/var/scratch/adam/cassava-raw/cassavaleafdata/train/cmd/train-cmd-1643.jpg,3
/var/scratch/adam/cassava-raw/cassavaleafdata/train/cmd/train-cmd-436.jpg,3
/var/scratch/adam/cassava-raw/cassavaleafdata/train/cmd/train-cmd-277.jpg,3
/var/scratch/adam/cassava-raw/cassavaleafdata/train/cmd/train-cmd-1539.jpg,3
/var/scratch/adam/cassava-raw/cassavaleafdata/train/cmd/train-cmd-558.jpg,3
/var/scratch/adam/cassava-raw/cassavaleafdata/train/healthy/train-healthy-221.jpg,4
/var/scratch/adam/cassava-raw/cassavaleafdata/train/cbsd/train-cbsd-1420.jpg,1
/var/scratch/adam/cassava-raw/cassavaleafdata/train/cmd/train-cmd-2294.jpg,3
/var/scratch/adam/cassava-raw/cassavaleafdata/train/cmd/train-cmd-2172.jpg,3
/var/scratch/adam/cassava-raw/cassavaleafdata/train/cbsd/train-cbsd-40.jpg,1
/var/scratch/adam/cassava-raw/cassavaleafdata/train/cbsd/train-cbsd-1083.jpg,1
/var/scratch/adam/cassava-raw/cassavaleafdata/train/cmd/train-cmd-1777.jpg,3
/var/scratch/adam/cassava-raw/cassavaleafdata/train/cgm/train-cgm-568.jpg,2
/var/scratch/adam/cassava-raw/cassavaleafdata/train/cbsd/train-cbsd-1215.jpg,1
/var/scratch/adam/cassava-raw/cassavaleafdata/train/cmd/train-cmd-913.jpg,3
/var/scratch/adam/cassava-raw/cassavaleafdata/train/cmd/train-cmd-1994.jpg,3
/var/scratch/adam/cassava-raw/cassavaleafdata/train/cbb/train-cbb-161.jpg,0
/var/scratch/adam/cassava-raw/cassavaleafdata/train/cgm/train-cgm-487.jpg,2
/var/scratch/adam/cassava-raw/cassavaleafdata/train/cmd/train-cmd-369.jpg,3
/var/scratch/adam/cassava-raw/cassavaleafdata/train/cgm/train-cgm-621.jpg,2
/var/scratch/adam/cassava-raw/cassavaleafdata/train/cmd/train-cmd-1115.jpg,3
/var/scratch/adam/cassava-raw/cassavaleafdata/train/cmd/train-cmd-1666.jpg,3
/var/scratch/adam/cassava-raw/cassavaleafdata/train/cmd/train-cmd-223.jpg,3
/var/scratch/adam/cassava-raw/cassavaleafdata/train/cgm/train-cgm-216.jpg,2
/var/scratch/adam/cassava-raw/cassavaleafdata/train/cbsd/train-cbsd-843.jpg,1
/var/scratch/adam/cassava-raw/cassavaleafdata/train/cbsd/train-cbsd-508.jpg,1
/var/scratch/adam/cassava-raw/cassavaleafdata/train/cmd/train-cmd-1383.jpg,3
/var/scratch/adam/cassava-raw/cassavaleafdata/train/healthy/train-healthy-24.jpg,4
/var/scratch/adam/cassava-raw/cassavaleafdata/train/cmd/train-cmd-2540.jpg,3
/var/scratch/adam/cassava-raw/cassavaleafdata/train/cbsd/train-cbsd-393.jpg,1
/var/scratch/adam/cassava-raw/cassavaleafdata/train/cbb/train-cbb-11.jpg,0
/var/scratch/adam/cassava-raw/cassavaleafdata/train/cbsd/train-cbsd-1049.jpg,1
/var/scratch/adam/cassava-raw/cassavaleafdata/train/cmd/train-cmd-2644.jpg,3
/var/scratch/adam/cassava-raw/cassavaleafdata/train/cgm/train-cgm-571.jpg,2
/var/scratch/adam/cassava-raw/cassavaleafdata/train/cbsd/train-cbsd-485.jpg,1
/var/scratch/adam/cassava-raw/cassavaleafdata/train/cgm/train-cgm-388.jpg,2
/var/scratch/adam/cassava-raw/cassavaleafdata/train/cbsd/train-cbsd-1214.jpg,1
/var/scratch/adam/cassava-raw/cassavaleafdata/train/cmd/train-cmd-297.jpg,3
/var/scratch/adam/cassava-raw/cassavaleafdata/train/cgm/train-cgm-530.jpg,2
/var/scratch/adam/cassava-raw/cassavaleafdata/train/cbsd/train-cbsd-527.jpg,1
/var/scratch/adam/cassava-raw/cassavaleafdata/train/cmd/train-cmd-1379.jpg,3
/var/scratch/adam/cassava-raw/cassavaleafdata/train/cgm/train-cgm-256.jpg,2
/var/scratch/adam/cassava-raw/cassavaleafdata/train/cmd/train-cmd-432.jpg,3
/var/scratch/adam/cassava-raw/cassavaleafdata/train/cmd/train-cmd-1541.jpg,3
/var/scratch/adam/cassava-raw/cassavaleafdata/train/cbsd/train-cbsd-149.jpg,1
/var/scratch/adam/cassava-raw/cassavaleafdata/train/cmd/train-cmd-2529.jpg,3
/var/scratch/adam/cassava-raw/cassavaleafdata/train/cbsd/train-cbsd-117.jpg,1
/var/scratch/adam/cassava-raw/cassavaleafdata/train/cbsd/train-cbsd-774.jpg,1
/var/scratch/adam/cassava-raw/cassavaleafdata/train/cbsd/train-cbsd-577.jpg,1
/var/scratch/adam/cassava-raw/cassavaleafdata/train/cmd/train-cmd-613.jpg,3
/var/scratch/adam/cassava-raw/cassavaleafdata/train/cbsd/train-cbsd-1397.jpg,1
/var/scratch/adam/cassava-raw/cassavaleafdata/train/cmd/train-cmd-302.jpg,3
/var/scratch/adam/cassava-raw/cassavaleafdata/train/cgm/train-cgm-32.jpg,2
/var/scratch/adam/cassava-raw/cassavaleafdata/train/cmd/train-cmd-1837.jpg,3
/var/scratch/adam/cassava-raw/cassavaleafdata/train/cmd/train-cmd-1320.jpg,3
/var/scratch/adam/cassava-raw/cassavaleafdata/train/cbsd/train-cbsd-862.jpg,1
/var/scratch/adam/cassava-raw/cassavaleafdata/train/cmd/train-cmd-1235.jpg,3
/var/scratch/adam/cassava-raw/cassavaleafdata/train/cbb/train-cbb-61.jpg,0
/var/scratch/adam/cassava-raw/cassavaleafdata/train/healthy/train-healthy-273.jpg,4
/var/scratch/adam/cassava-raw/cassavaleafdata/train/cmd/train-cmd-227.jpg,3
/var/scratch/adam/cassava-raw/cassavaleafdata/train/cmd/train-cmd-2306.jpg,3
/var/scratch/adam/cassava-raw/cassavaleafdata/train/cgm/train-cgm-527.jpg,2
/var/scratch/adam/cassava-raw/cassavaleafdata/train/cmd/train-cmd-812.jpg,3
/var/scratch/adam/cassava-raw/cassavaleafdata/train/cmd/train-cmd-701.jpg,3
/var/scratch/adam/cassava-raw/cassavaleafdata/train/cbsd/train-cbsd-440.jpg,1
/var/scratch/adam/cassava-raw/cassavaleafdata/train/healthy/train-healthy-235.jpg,4
/var/scratch/adam/cassava-raw/cassavaleafdata/train/cmd/train-cmd-2369.jpg,3
/var/scratch/adam/cassava-raw/cassavaleafdata/train/cmd/train-cmd-692.jpg,3
/var/scratch/adam/cassava-raw/cassavaleafdata/train/cmd/train-cmd-245.jpg,3
/var/scratch/adam/cassava-raw/cassavaleafdata/train/cbsd/train-cbsd-845.jpg,1
/var/scratch/adam/cassava-raw/cassavaleafdata/train/cmd/train-cmd-2277.jpg,3
/var/scratch/adam/cassava-raw/cassavaleafdata/train/cgm/train-cgm-358.jpg,2
/var/scratch/adam/cassava-raw/cassavaleafdata/train/cbsd/train-cbsd-197.jpg,1
/var/scratch/adam/cassava-raw/cassavaleafdata/train/cbsd/train-cbsd-726.jpg,1
/var/scratch/adam/cassava-raw/cassavaleafdata/train/cmd/train-cmd-1579.jpg,3
/var/scratch/adam/cassava-raw/cassavaleafdata/train/cmd/train-cmd-2001.jpg,3
/var/scratch/adam/cassava-raw/cassavaleafdata/train/cbsd/train-cbsd-801.jpg,1
/var/scratch/adam/cassava-raw/cassavaleafdata/train/cmd/train-cmd-730.jpg,3
/var/scratch/adam/cassava-raw/cassavaleafdata/train/cbsd/train-cbsd-900.jpg,1
/var/scratch/adam/cassava-raw/cassavaleafdata/train/cmd/train-cmd-1076.jpg,3
/var/scratch/adam/cassava-raw/cassavaleafdata/train/cbsd/train-cbsd-1330.jpg,1
/var/scratch/adam/cassava-raw/cassavaleafdata/train/cmd/train-cmd-2623.jpg,3
/var/scratch/adam/cassava-raw/cassavaleafdata/train/cmd/train-cmd-224.jpg,3
/var/scratch/adam/cassava-raw/cassavaleafdata/train/cbsd/train-cbsd-22.jpg,1
/var/scratch/adam/cassava-raw/cassavaleafdata/train/cgm/train-cgm-317.jpg,2
/var/scratch/adam/cassava-raw/cassavaleafdata/train/cbsd/train-cbsd-362.jpg,1
/var/scratch/adam/cassava-raw/cassavaleafdata/train/cbb/train-cbb-8.jpg,0
/var/scratch/adam/cassava-raw/cassavaleafdata/train/cgm/train-cgm-283.jpg,2
/var/scratch/adam/cassava-raw/cassavaleafdata/train/cgm/train-cgm-209.jpg,2
/var/scratch/adam/cassava-raw/cassavaleafdata/train/cgm/train-cgm-598.jpg,2
/var/scratch/adam/cassava-raw/cassavaleafdata/train/cbb/train-cbb-319.jpg,0
/var/scratch/adam/cassava-raw/cassavaleafdata/train/cbb/train-cbb-429.jpg,0
/var/scratch/adam/cassava-raw/cassavaleafdata/train/cgm/train-cgm-767.jpg,2
/var/scratch/adam/cassava-raw/cassavaleafdata/train/cbsd/train-cbsd-1062.jpg,1
/var/scratch/adam/cassava-raw/cassavaleafdata/train/cmd/train-cmd-842.jpg,3
/var/scratch/adam/cassava-raw/cassavaleafdata/train/cbsd/train-cbsd-245.jpg,1
/var/scratch/adam/cassava-raw/cassavaleafdata/train/cmd/train-cmd-1731.jpg,3
/var/scratch/adam/cassava-raw/cassavaleafdata/train/cmd/train-cmd-255.jpg,3
/var/scratch/adam/cassava-raw/cassavaleafdata/train/cbsd/train-cbsd-1394.jpg,1
/var/scratch/adam/cassava-raw/cassavaleafdata/train/cmd/train-cmd-2079.jpg,3
/var/scratch/adam/cassava-raw/cassavaleafdata/train/cmd/train-cmd-149.jpg,3
/var/scratch/adam/cassava-raw/cassavaleafdata/train/cmd/train-cmd-92.jpg,3
/var/scratch/adam/cassava-raw/cassavaleafdata/train/cbsd/train-cbsd-1009.jpg,1
/var/scratch/adam/cassava-raw/cassavaleafdata/train/cgm/train-cgm-144.jpg,2
/var/scratch/adam/cassava-raw/cassavaleafdata/train/cmd/train-cmd-1806.jpg,3
/var/scratch/adam/cassava-raw/cassavaleafdata/train/cbsd/train-cbsd-725.jpg,1
/var/scratch/adam/cassava-raw/cassavaleafdata/train/cbsd/train-cbsd-723.jpg,1
/var/scratch/adam/cassava-raw/cassavaleafdata/train/healthy/train-healthy-12.jpg,4
/var/scratch/adam/cassava-raw/cassavaleafdata/train/cmd/train-cmd-509.jpg,3
/var/scratch/adam/cassava-raw/cassavaleafdata/train/cgm/train-cgm-376.jpg,2
/var/scratch/adam/cassava-raw/cassavaleafdata/train/cmd/train-cmd-979.jpg,3
/var/scratch/adam/cassava-raw/cassavaleafdata/train/cbsd/train-cbsd-124.jpg,1
/var/scratch/adam/cassava-raw/cassavaleafdata/train/cbsd/train-cbsd-853.jpg,1
/var/scratch/adam/cassava-raw/cassavaleafdata/train/cmd/train-cmd-221.jpg,3
/var/scratch/adam/cassava-raw/cassavaleafdata/train/cbsd/train-cbsd-405.jpg,1
/var/scratch/adam/cassava-raw/cassavaleafdata/train/cbb/train-cbb-89.jpg,0
/var/scratch/adam/cassava-raw/cassavaleafdata/train/cmd/train-cmd-1739.jpg,3
/var/scratch/adam/cassava-raw/cassavaleafdata/train/cmd/train-cmd-1495.jpg,3
/var/scratch/adam/cassava-raw/cassavaleafdata/train/cbsd/train-cbsd-625.jpg,1
/var/scratch/adam/cassava-raw/cassavaleafdata/train/healthy/train-healthy-203.jpg,4
/var/scratch/adam/cassava-raw/cassavaleafdata/train/cmd/train-cmd-1733.jpg,3
/var/scratch/adam/cassava-raw/cassavaleafdata/train/cmd/train-cmd-1813.jpg,3
/var/scratch/adam/cassava-raw/cassavaleafdata/train/cbsd/train-cbsd-1206.jpg,1
/var/scratch/adam/cassava-raw/cassavaleafdata/train/cmd/train-cmd-1611.jpg,3
/var/scratch/adam/cassava-raw/cassavaleafdata/train/cbsd/train-cbsd-1304.jpg,1
/var/scratch/adam/cassava-raw/cassavaleafdata/train/cbsd/train-cbsd-171.jpg,1
/var/scratch/adam/cassava-raw/cassavaleafdata/train/cbb/train-cbb-181.jpg,0
/var/scratch/adam/cassava-raw/cassavaleafdata/train/cmd/train-cmd-2010.jpg,3
/var/scratch/adam/cassava-raw/cassavaleafdata/train/cbsd/train-cbsd-1261.jpg,1
/var/scratch/adam/cassava-raw/cassavaleafdata/train/cbsd/train-cbsd-869.jpg,1
/var/scratch/adam/cassava-raw/cassavaleafdata/train/cbsd/train-cbsd-101.jpg,1
/var/scratch/adam/cassava-raw/cassavaleafdata/train/cmd/train-cmd-1534.jpg,3
/var/scratch/adam/cassava-raw/cassavaleafdata/train/cbsd/train-cbsd-272.jpg,1
/var/scratch/adam/cassava-raw/cassavaleafdata/train/cmd/train-cmd-1583.jpg,3
/var/scratch/adam/cassava-raw/cassavaleafdata/train/cmd/train-cmd-655.jpg,3
/var/scratch/adam/cassava-raw/cassavaleafdata/train/cbsd/train-cbsd-396.jpg,1
/var/scratch/adam/cassava-raw/cassavaleafdata/train/cmd/train-cmd-1024.jpg,3
