image,label
/var/scratch/adam/cassava-raw/cassavaleafdata/train/cmd/train-cmd-162.jpg,3
/var/scratch/adam/cassava-raw/cassavaleafdata/train/cgm/train-cgm-523.jpg,2
/var/scratch/adam/cassava-raw/cassavaleafdata/train/cmd/train-cmd-984.jpg,3
/var/scratch/adam/cassava-raw/cassavaleafdata/train/cgm/train-cgm-13.jpg,2
/var/scratch/adam/cassava-raw/cassavaleafdata/train/cmd/train-cmd-845.jpg,3
/var/scratch/adam/cassava-raw/cassavaleafdata/train/cmd/train-cmd-2657.jpg,3
/var/scratch/adam/cassava-raw/cassavaleafdata/train/cmd/train-cmd-837.jpg,3
/var/scratch/adam/cassava-raw/cassavaleafdata/train/cmd/train-cmd-1210.jpg,3
/var/scratch/adam/cassava-raw/cassavaleafdata/train/cmd/train-cmd-1264.jpg,3
/var/scratch/adam/cassava-raw/cassavaleafdata/train/cbsd/train-cbsd-1093.jpg,1
/var/scratch/adam/cassava-raw/cassavaleafdata/train/cmd/train-cmd-1713.jpg,3
/var/scratch/adam/cassava-raw/cassavaleafdata/train/cmd/train-cmd-2055.jpg,3
/var/scratch/adam/cassava-raw/cassavaleafdata/train/cmd/train-cmd-301.jpg,3
/var/scratch/adam/cassava-raw/cassavaleafdata/train/cmd/train-cmd-386.jpg,3
/var/scratch/adam/cassava-raw/cassavaleafdata/train/cbsd/train-cbsd-1258.jpg,1
/var/scratch/adam/cassava-raw/cassavaleafdata/train/cbsd/train-cbsd-814.jpg,1
/var/scratch/adam/cassava-raw/cassavaleafdata/train/cmd/train-cmd-343.jpg,3
/var/scratch/adam/cassava-raw/cassavaleafdata/train/cmd/train-cmd-1560.jpg,3
/var/scratch/adam/cassava-raw/cassavaleafdata/train/cbsd/train-cbsd-701.jpg,1
/var/scratch/adam/cassava-raw/cassavaleafdata/train/cbsd/train-cbsd-465.jpg,1
/var/scratch/adam/cassava-raw/cassavaleafdata/train/cmd/train-cmd-862.jpg,3
/var/scratch/adam/cassava-raw/cassavaleafdata/train/cbb/train-cbb-122.jpg,0
/var/scratch/adam/cassava-raw/cassavaleafdata/train/cbsd/train-cbsd-850.jpg,1
/var/scratch/adam/cassava-raw/cassavaleafdata/train/cbsd/train-cbsd-1002.jpg,1
/var/scratch/adam/cassava-raw/cassavaleafdata/train/cbsd/train-cbsd-25.jpg,1
/var/scratch/adam/cassava-raw/cassavaleafdata/train/cbsd/train-cbsd-1147.jpg,1
/var/scratch/adam/cassava-raw/cassavaleafdata/train/cmd/train-cmd-226.jpg,3
/var/scratch/adam/cassava-raw/cassavaleafdata/train/cmd/train-cmd-374.jpg,3
/var/scratch/adam/cassava-raw/cassavaleafdata/train/cmd/train-cmd-752.jpg,3
/var/scratch/adam/cassava-raw/cassavaleafdata/train/cmd/train-cmd-2254.jpg,3
/var/scratch/adam/cassava-raw/cassavaleafdata/train/cgm/train-cgm-345.jpg,2
/var/scratch/adam/cassava-raw/cassavaleafdata/train/cgm/train-cgm-445.jpg,2
/var/scratch/adam/cassava-raw/cassavaleafdata/train/cmd/train-cmd-660.jpg,3
/var/scratch/adam/cassava-raw/cassavaleafdata/train/healthy/train-healthy-60.jpg,4
/var/scratch/adam/cassava-raw/cassavaleafdata/train/cbsd/train-cbsd-736.jpg,1
/var/scratch/adam/cassava-raw/cassavaleafdata/train/cbsd/train-cbsd-509.jpg,1
/var/scratch/adam/cassava-raw/cassavaleafdata/train/cmd/train-cmd-47.jpg,3
/var/scratch/adam/cassava-raw/cassavaleafdata/train/cmd/train-cmd-141.jpg,3
/var/scratch/adam/cassava-raw/cassavaleafdata/train/cmd/train-cmd-577.jpg,3
/var/scratch/adam/cassava-raw/cassavaleafdata/train/cmd/train-cmd-1075.jpg,3
/var/scratch/adam/cassava-raw/cassavaleafdata/train/cbsd/train-cbsd-904.jpg,1
/var/scratch/adam/cassava-raw/cassavaleafdata/train/cmd/train-cmd-2610.jpg,3
/var/scratch/adam/cassava-raw/cassavaleafdata/train/cmd/train-cmd-1216.jpg,3
/var/scratch/adam/cassava-raw/cassavaleafdata/train/cbsd/train-cbsd-138.jpg,1
/var/scratch/adam/cassava-raw/cassavaleafdata/train/cgm/train-cgm-127.jpg,2
/var/scratch/adam/cassava-raw/cassavaleafdata/train/cgm/train-cgm-483.jpg,2
/var/scratch/adam/cassava-raw/cassavaleafdata/train/cmd/train-cmd-2003.jpg,3
/var/scratch/adam/cassava-raw/cassavaleafdata/train/cgm/train-cgm-590.jpg,2
/var/scratch/adam/cassava-raw/cassavaleafdata/train/healthy/train-healthy-213.jpg,4
/var/scratch/adam/cassava-raw/cassavaleafdata/train/cbb/train-cbb-59.jpg,0
/var/scratch/adam/cassava-raw/cassavaleafdata/train/cbsd/train-cbsd-436.jpg,1
/var/scratch/adam/cassava-raw/cassavaleafdata/train/cmd/train-cmd-2471.jpg,3
/var/scratch/adam/cassava-raw/cassavaleafdata/train/cmd/train-cmd-763.jpg,3
/var/scratch/adam/cassava-raw/cassavaleafdata/train/cmd/train-cmd-1871.jpg,3
/var/scratch/adam/cassava-raw/cassavaleafdata/train/cmd/train-cmd-570.jpg,3
/var/scratch/adam/cassava-raw/cassavaleafdata/train/cmd/train-cmd-2099.jpg,3
/var/scratch/adam/cassava-raw/cassavaleafdata/train/cmd/train-cmd-575.jpg,3
/var/scratch/adam/cassava-raw/cassavaleafdata/train/cmd/train-cmd-1522.jpg,3
/var/scratch/adam/cassava-raw/cassavaleafdata/train/cmd/train-cmd-1747.jpg,3
/var/scratch/adam/cassava-raw/cassavaleafdata/train/cgm/train-cgm-706.jpg,2
/var/scratch/adam/cassava-raw/cassavaleafdata/train/cbsd/train-cbsd-1152.jpg,1
/var/scratch/adam/cassava-raw/cassavaleafdata/train/healthy/train-healthy-101.jpg,4
/var/scratch/adam/cassava-raw/cassavaleafdata/train/cbsd/train-cbsd-1167.jpg,1
/var/scratch/adam/cassava-raw/cassavaleafdata/train/cmd/train-cmd-683.jpg,3
/var/scratch/adam/cassava-raw/cassavaleafdata/train/cgm/train-cgm-407.jpg,2
/var/scratch/adam/cassava-raw/cassavaleafdata/train/cgm/train-cgm-140.jpg,2
/var/scratch/adam/cassava-raw/cassavaleafdata/train/cmd/train-cmd-546.jpg,3
/var/scratch/adam/cassava-raw/cassavaleafdata/train/cmd/train-cmd-265.jpg,3
/var/scratch/adam/cassava-raw/cassavaleafdata/train/cmd/train-cmd-1040.jpg,3
/var/scratch/adam/cassava-raw/cassavaleafdata/train/cbb/train-cbb-437.jpg,0
/var/scratch/adam/cassava-raw/cassavaleafdata/train/cmd/train-cmd-1307.jpg,3
/var/scratch/adam/cassava-raw/cassavaleafdata/train/cbsd/train-cbsd-446.jpg,1
/var/scratch/adam/cassava-raw/cassavaleafdata/train/cmd/train-cmd-377.jpg,3
/var/scratch/adam/cassava-raw/cassavaleafdata/train/cbsd/train-cbsd-648.jpg,1
/var/scratch/adam/cassava-raw/cassavaleafdata/train/cmd/train-cmd-2118.jpg,3
/var/scratch/adam/cassava-raw/cassavaleafdata/train/cgm/train-cgm-309.jpg,2
/var/scratch/adam/cassava-raw/cassavaleafdata/train/cbsd/train-cbsd-1173.jpg,1
/var/scratch/adam/cassava-raw/cassavaleafdata/train/cbb/train-cbb-322.jpg,0
/var/scratch/adam/cassava-raw/cassavaleafdata/train/cgm/train-cgm-661.jpg,2
/var/scratch/adam/cassava-raw/cassavaleafdata/train/cmd/train-cmd-2033.jpg,3
/var/scratch/adam/cassava-raw/cassavaleafdata/train/cbb/train-cbb-94.jpg,0
/var/scratch/adam/cassava-raw/cassavaleafdata/train/cgm/train-cgm-600.jpg,2
/var/scratch/adam/cassava-raw/cassavaleafdata/train/cgm/train-cgm-164.jpg,2
/var/scratch/adam/cassava-raw/cassavaleafdata/train/healthy/train-healthy-182.jpg,4
/var/scratch/adam/cassava-raw/cassavaleafdata/train/cgm/train-cgm-710.jpg,2
/var/scratch/adam/cassava-raw/cassavaleafdata/train/cmd/train-cmd-1203.jpg,3
/var/scratch/adam/cassava-raw/cassavaleafdata/train/cgm/train-cgm-80.jpg,2
/var/scratch/adam/cassava-raw/cassavaleafdata/train/cmd/train-cmd-1058.jpg,3
/var/scratch/adam/cassava-raw/cassavaleafdata/train/cmd/train-cmd-2629.jpg,3
/var/scratch/adam/cassava-raw/cassavaleafdata/train/cmd/train-cmd-237.jpg,3
/var/scratch/adam/cassava-raw/cassavaleafdata/train/cbb/train-cbb-396.jpg,0
/var/scratch/adam/cassava-raw/cassavaleafdata/train/cmd/train-cmd-574.jpg,3
/var/scratch/adam/cassava-raw/cassavaleafdata/train/cbsd/train-cbsd-332.jpg,1
/var/scratch/adam/cassava-raw/cassavaleafdata/train/cmd/train-cmd-1168.jpg,3
/var/scratch/adam/cassava-raw/cassavaleafdata/train/cmd/train-cmd-1882.jpg,3
/var/scratch/adam/cassava-raw/cassavaleafdata/train/cmd/train-cmd-28.jpg,3
/var/scratch/adam/cassava-raw/cassavaleafdata/train/cmd/train-cmd-2291.jpg,3
/var/scratch/adam/cassava-raw/cassavaleafdata/train/cmd/train-cmd-1771.jpg,3
/var/scratch/adam/cassava-raw/cassavaleafdata/train/cbsd/train-cbsd-1023.jpg,1
/var/scratch/adam/cassava-raw/cassavaleafdata/train/cbb/train-cbb-99.jpg,0
/var/scratch/adam/cassava-raw/cassavaleafdata/train/cbsd/train-cbsd-656.jpg,1
/var/scratch/adam/cassava-raw/cassavaleafdata/train/cbb/train-cbb-254.jpg,0
/var/scratch/adam/cassava-raw/cassavaleafdata/train/cmd/train-cmd-1228.jpg,3
/var/scratch/adam/cassava-raw/cassavaleafdata/train/cbsd/train-cbsd-518.jpg,1
/var/scratch/adam/cassava-raw/cassavaleafdata/train/healthy/train-healthy-298.jpg,4
/var/scratch/adam/cassava-raw/cassavaleafdata/train/cmd/train-cmd-2012.jpg,3
/var/scratch/adam/cassava-raw/cassavaleafdata/train/cmd/train-cmd-107.jpg,3
/var/scratch/adam/cassava-raw/cassavaleafdata/train/cmd/train-cmd-1709.jpg,3
/var/scratch/adam/cassava-raw/cassavaleafdata/train/cmd/train-cmd-2202.jpg,3
/var/scratch/adam/cassava-raw/cassavaleafdata/train/cbsd/train-cbsd-1339.jpg,1
/var/scratch/adam/cassava-raw/cassavaleafdata/train/cgm/train-cgm-468.jpg,2
/var/scratch/adam/cassava-raw/cassavaleafdata/train/cbb/train-cbb-246.jpg,0
/var/scratch/adam/cassava-raw/cassavaleafdata/train/cmd/train-cmd-1182.jpg,3
/var/scratch/adam/cassava-raw/cassavaleafdata/train/cmd/train-cmd-661.jpg,3
/var/scratch/adam/cassava-raw/cassavaleafdata/train/cmd/train-cmd-2289.jpg,3
/var/scratch/adam/cassava-raw/cassavaleafdata/train/cgm/train-cgm-559.jpg,2
/var/scratch/adam/cassava-raw/cassavaleafdata/train/healthy/train-healthy-132.jpg,4
/var/scratch/adam/cassava-raw/cassavaleafdata/train/cmd/train-cmd-1155.jpg,3
/var/scratch/adam/cassava-raw/cassavaleafdata/train/cgm/train-cgm-480.jpg,2
/var/scratch/adam/cassava-raw/cassavaleafdata/train/cmd/train-cmd-307.jpg,3
/var/scratch/adam/cassava-raw/cassavaleafdata/train/cbb/train-cbb-46.jpg,0
/var/scratch/adam/cassava-raw/cassavaleafdata/train/cbsd/train-cbsd-1001.jpg,1
/var/scratch/adam/cassava-raw/cassavaleafdata/train/cmd/train-cmd-2335.jpg,3
/var/scratch/adam/cassava-raw/cassavaleafdata/train/cbsd/train-cbsd-681.jpg,1
/var/scratch/adam/cassava-raw/cassavaleafdata/train/cgm/train-cgm-605.jpg,2
/var/scratch/adam/cassava-raw/cassavaleafdata/train/cmd/train-cmd-1931.jpg,3
/var/scratch/adam/cassava-raw/cassavaleafdata/train/cmd/train-cmd-739.jpg,3
/var/scratch/adam/cassava-raw/cassavaleafdata/train/cmd/train-cmd-2061.jpg,3
/var/scratch/adam/cassava-raw/cassavaleafdata/train/cbsd/train-cbsd-1140.jpg,1
/var/scratch/adam/cassava-raw/cassavaleafdata/train/cbsd/train-cbsd-824.jpg,1
/var/scratch/adam/cassava-raw/cassavaleafdata/train/cbb/train-cbb-55.jpg,0
/var/scratch/adam/cassava-raw/cassavaleafdata/train/cmd/train-cmd-52.jpg,3
/var/scratch/adam/cassava-raw/cassavaleafdata/train/cmd/train-cmd-923.jpg,3
/var/scratch/adam/cassava-raw/cassavaleafdata/train/cmd/train-cmd-1299.jpg,3
/var/scratch/adam/cassava-raw/cassavaleafdata/train/cmd/train-cmd-32.jpg,3
/var/scratch/adam/cassava-raw/cassavaleafdata/train/healthy/train-healthy-17.jpg,4
/var/scratch/adam/cassava-raw/cassavaleafdata/train/cmd/train-cmd-637.jpg,3
/var/scratch/adam/cassava-raw/cassavaleafdata/train/cmd/train-cmd-1338.jpg,3
/var/scratch/adam/cassava-raw/cassavaleafdata/train/cbb/train-cbb-166.jpg,0
/var/scratch/adam/cassava-raw/cassavaleafdata/train/cmd/train-cmd-1233.jpg,3
/var/scratch/adam/cassava-raw/cassavaleafdata/train/cmd/train-cmd-1665.jpg,3
/var/scratch/adam/cassava-raw/cassavaleafdata/train/cbb/train-cbb-418.jpg,0
/var/scratch/adam/cassava-raw/cassavaleafdata/train/cmd/train-cmd-826.jpg,3
/var/scratch/adam/cassava-raw/cassavaleafdata/train/cbsd/train-cbsd-32.jpg,1
/var/scratch/adam/cassava-raw/cassavaleafdata/train/cbsd/train-cbsd-1028.jpg,1
/var/scratch/adam/cassava-raw/cassavaleafdata/train/cgm/train-cgm-247.jpg,2
/var/scratch/adam/cassava-raw/cassavaleafdata/train/cmd/train-cmd-2542.jpg,3
/var/scratch/adam/cassava-raw/cassavaleafdata/train/cbsd/train-cbsd-582.jpg,1
/var/scratch/adam/cassava-raw/cassavaleafdata/train/cbsd/train-cbsd-252.jpg,1
/var/scratch/adam/cassava-raw/cassavaleafdata/train/cgm/train-cgm-695.jpg,2
/var/scratch/adam/cassava-raw/cassavaleafdata/train/cbsd/train-cbsd-662.jpg,1
/var/scratch/adam/cassava-raw/cassavaleafdata/train/cbsd/train-cbsd-1439.jpg,1
/var/scratch/adam/cassava-raw/cassavaleafdata/train/cgm/train-cgm-58.jpg,2
/var/scratch/adam/cassava-raw/cassavaleafdata/train/cmd/train-cmd-1345.jpg,3
/var/scratch/adam/cassava-raw/cassavaleafdata/train/cbsd/train-cbsd-213.jpg,1
/var/scratch/adam/cassava-raw/cassavaleafdata/train/cmd/train-cmd-465.jpg,3
/var/scratch/adam/cassava-raw/cassavaleafdata/train/cgm/train-cgm-245.jpg,2
/var/scratch/adam/cassava-raw/cassavaleafdata/train/cmd/train-cmd-957.jpg,3
/var/scratch/adam/cassava-raw/cassavaleafdata/train/cbsd/train-cbsd-1221.jpg,1
/var/scratch/adam/cassava-raw/cassavaleafdata/train/cbsd/train-cbsd-995.jpg,1
/var/scratch/adam/cassava-raw/cassavaleafdata/train/cmd/train-cmd-1649.jpg,3
/var/scratch/adam/cassava-raw/cassavaleafdata/train/cgm/train-cgm-636.jpg,2
/var/scratch/adam/cassava-raw/cassavaleafdata/train/cmd/train-cmd-1976.jpg,3
/var/scratch/adam/cassava-raw/cassavaleafdata/train/cmd/train-cmd-1722.jpg,3
/var/scratch/adam/cassava-raw/cassavaleafdata/train/cmd/train-cmd-586.jpg,3
/var/scratch/adam/cassava-raw/cassavaleafdata/train/cgm/train-cgm-191.jpg,2
/var/scratch/adam/cassava-raw/cassavaleafdata/train/cbsd/train-cbsd-973.jpg,1
/var/scratch/adam/cassava-raw/cassavaleafdata/train/cbsd/train-cbsd-419.jpg,1
/var/scratch/adam/cassava-raw/cassavaleafdata/train/cgm/train-cgm-326.jpg,2
/var/scratch/adam/cassava-raw/cassavaleafdata/train/cmd/train-cmd-1114.jpg,3
/var/scratch/adam/cassava-raw/cassavaleafdata/train/cmd/train-cmd-1758.jpg,3
/var/scratch/adam/cassava-raw/cassavaleafdata/train/healthy/train-healthy-8.jpg,4
/var/scratch/adam/cassava-raw/cassavaleafdata/train/cmd/train-cmd-533.jpg,3
/var/scratch/adam/cassava-raw/cassavaleafdata/train/cmd/train-cmd-609.jpg,3
/var/scratch/adam/cassava-raw/cassavaleafdata/train/cgm/train-cgm-565.jpg,2
/var/scratch/adam/cassava-raw/cassavaleafdata/train/cmd/train-cmd-1526.jpg,3
/var/scratch/adam/cassava-raw/cassavaleafdata/train/cmd/train-cmd-561.jpg,3
/var/scratch/adam/cassava-raw/cassavaleafdata/train/healthy/train-healthy-286.jpg,4
/var/scratch/adam/cassava-raw/cassavaleafdata/train/cmd/train-cmd-621.jpg,3
/var/scratch/adam/cassava-raw/cassavaleafdata/train/cbsd/train-cbsd-831.jpg,1
/var/scratch/adam/cassava-raw/cassavaleafdata/train/cmd/train-cmd-469.jpg,3
/var/scratch/adam/cassava-raw/cassavaleafdata/train/cbb/train-cbb-444.jpg,0
/var/scratch/adam/cassava-raw/cassavaleafdata/train/cgm/train-cgm-347.jpg,2
/var/scratch/adam/cassava-raw/cassavaleafdata/train/cmd/train-cmd-1935.jpg,3
/var/scratch/adam/cassava-raw/cassavaleafdata/train/cbsd/train-cbsd-290.jpg,1
/var/scratch/adam/cassava-raw/cassavaleafdata/train/cmd/train-cmd-967.jpg,3
/var/scratch/adam/cassava-raw/cassavaleafdata/train/healthy/train-healthy-297.jpg,4
/var/scratch/adam/cassava-raw/cassavaleafdata/train/cmd/train-cmd-2374.jpg,3
/var/scratch/adam/cassava-raw/cassavaleafdata/train/cmd/train-cmd-286.jpg,3
/var/scratch/adam/cassava-raw/cassavaleafdata/train/cmd/train-cmd-1734.jpg,3
/var/scratch/adam/cassava-raw/cassavaleafdata/train/cmd/train-cmd-863.jpg,3
/var/scratch/adam/cassava-raw/cassavaleafdata/train/cbsd/train-cbsd-194.jpg,1
/var/scratch/adam/cassava-raw/cassavaleafdata/train/cmd/train-cmd-1828.jpg,3
/var/scratch/adam/cassava-raw/cassavaleafdata/train/cbsd/train-cbsd-713.jpg,1
/var/scratch/adam/cassava-raw/cassavaleafdata/train/cbb/train-cbb-97.jpg,0
/var/scratch/adam/cassava-raw/cassavaleafdata/train/cbsd/train-cbsd-1371.jpg,1
/var/scratch/adam/cassava-raw/cassavaleafdata/train/healthy/train-healthy-176.jpg,4
/var/scratch/adam/cassava-raw/cassavaleafdata/train/cmd/train-cmd-2285.jpg,3
/var/scratch/adam/cassava-raw/cassavaleafdata/train/cbsd/train-cbsd-421.jpg,1
/var/scratch/adam/cassava-raw/cassavaleafdata/train/cmd/train-cmd-1423.jpg,3
/var/scratch/adam/cassava-raw/cassavaleafdata/train/cmd/train-cmd-2300.jpg,3
/var/scratch/adam/cassava-raw/cassavaleafdata/train/cmd/train-cmd-2322.jpg,3
/var/scratch/adam/cassava-raw/cassavaleafdata/train/cbsd/train-cbsd-796.jpg,1
/var/scratch/adam/cassava-raw/cassavaleafdata/train/cbsd/train-cbsd-573.jpg,1
/var/scratch/adam/cassava-raw/cassavaleafdata/train/cbb/train-cbb-351.jpg,0
/var/scratch/adam/cassava-raw/cassavaleafdata/train/cmd/train-cmd-2404.jpg,3
/var/scratch/adam/cassava-raw/cassavaleafdata/train/cbb/train-cbb-149.jpg,0
/var/scratch/adam/cassava-raw/cassavaleafdata/train/cbsd/train-cbsd-1293.jpg,1
/var/scratch/adam/cassava-raw/cassavaleafdata/train/cbsd/train-cbsd-945.jpg,1
/var/scratch/adam/cassava-raw/cassavaleafdata/train/cbsd/train-cbsd-344.jpg,1
/var/scratch/adam/cassava-raw/cassavaleafdata/train/cbb/train-cbb-132.jpg,0
/var/scratch/adam/cassava-raw/cassavaleafdata/train/cmd/train-cmd-2488.jpg,3
/var/scratch/adam/cassava-raw/cassavaleafdata/train/cmd/train-cmd-899.jpg,3
/var/scratch/adam/cassava-raw/cassavaleafdata/train/healthy/train-healthy-93.jpg,4
/var/scratch/adam/cassava-raw/cassavaleafdata/train/cmd/train-cmd-2616.jpg,3
/var/scratch/adam/cassava-raw/cassavaleafdata/train/cmd/train-cmd-2257.jpg,3
/var/scratch/adam/cassava-raw/cassavaleafdata/train/cbsd/train-cbsd-799.jpg,1
/var/scratch/adam/cassava-raw/cassavaleafdata/train/cmd/train-cmd-1342.jpg,3
/var/scratch/adam/cassava-raw/cassavaleafdata/train/cbsd/train-cbsd-554.jpg,1
/var/scratch/adam/cassava-raw/cassavaleafdata/train/cmd/train-cmd-1292.jpg,3
/var/scratch/adam/cassava-raw/cassavaleafdata/train/cgm/train-cgm-281.jpg,2
/var/scratch/adam/cassava-raw/cassavaleafdata/train/cmd/train-cmd-727.jpg,3
/var/scratch/adam/cassava-raw/cassavaleafdata/train/cgm/train-cgm-185.jpg,2
/var/scratch/adam/cassava-raw/cassavaleafdata/train/cmd/train-cmd-17.jpg,3
/var/scratch/adam/cassava-raw/cassavaleafdata/train/cbsd/train-cbsd-1064.jpg,1
/var/scratch/adam/cassava-raw/cassavaleafdata/train/cmd/train-cmd-563.jpg,3
/var/scratch/adam/cassava-raw/cassavaleafdata/train/healthy/train-healthy-180.jpg,4
/var/scratch/adam/cassava-raw/cassavaleafdata/train/cmd/train-cmd-1116.jpg,3
/var/scratch/adam/cassava-raw/cassavaleafdata/train/cmd/train-cmd-858.jpg,3
/var/scratch/adam/cassava-raw/cassavaleafdata/train/cgm/train-cgm-343.jpg,2
/var/scratch/adam/cassava-raw/cassavaleafdata/train/cmd/train-cmd-1772.jpg,3
/var/scratch/adam/cassava-raw/cassavaleafdata/train/cmd/train-cmd-113.jpg,3
/var/scratch/adam/cassava-raw/cassavaleafdata/train/cbsd/train-cbsd-744.jpg,1
/var/scratch/adam/cassava-raw/cassavaleafdata/train/cbsd/train-cbsd-1157.jpg,1
/var/scratch/adam/cassava-raw/cassavaleafdata/train/cgm/train-cgm-665.jpg,2
/var/scratch/adam/cassava-raw/cassavaleafdata/train/cbsd/train-cbsd-187.jpg,1
/var/scratch/adam/cassava-raw/cassavaleafdata/train/cgm/train-cgm-232.jpg,2
/var/scratch/adam/cassava-raw/cassavaleafdata/train/cmd/train-cmd-1716.jpg,3
/var/scratch/adam/cassava-raw/cassavaleafdata/train/cbsd/train-cbsd-773.jpg,1
/var/scratch/adam/cassava-raw/cassavaleafdata/train/cbb/train-cbb-45.jpg,0
/var/scratch/adam/cassava-raw/cassavaleafdata/train/cmd/train-cmd-273.jpg,3
/var/scratch/adam/cassava-raw/cassavaleafdata/train/cbsd/train-cbsd-1191.jpg,1
/var/scratch/adam/cassava-raw/cassavaleafdata/train/cmd/train-cmd-418.jpg,3
/var/scratch/adam/cassava-raw/cassavaleafdata/train/cmd/train-cmd-124.jpg,3
/var/scratch/adam/cassava-raw/cassavaleafdata/train/cbsd/train-cbsd-2.jpg,1
/var/scratch/adam/cassava-raw/cassavaleafdata/train/cmd/train-cmd-1644.jpg,3
/var/scratch/adam/cassava-raw/cassavaleafdata/train/cmd/train-cmd-1663.jpg,3
/var/scratch/adam/cassava-raw/cassavaleafdata/train/cmd/train-cmd-2241.jpg,3
/var/scratch/adam/cassava-raw/cassavaleafdata/train/cmd/train-cmd-90.jpg,3
/var/scratch/adam/cassava-raw/cassavaleafdata/train/cmd/train-cmd-292.jpg,3
/var/scratch/adam/cassava-raw/cassavaleafdata/train/cbsd/train-cbsd-721.jpg,1
/var/scratch/adam/cassava-raw/cassavaleafdata/train/cbb/train-cbb-183.jpg,0
/var/scratch/adam/cassava-raw/cassavaleafdata/train/cbsd/train-cbsd-1337.jpg,1
/var/scratch/adam/cassava-raw/cassavaleafdata/train/cmd/train-cmd-1610.jpg,3
/var/scratch/adam/cassava-raw/cassavaleafdata/train/cgm/train-cgm-637.jpg,2
/var/scratch/adam/cassava-raw/cassavaleafdata/train/cmd/train-cmd-166.jpg,3
/var/scratch/adam/cassava-raw/cassavaleafdata/train/cmd/train-cmd-1397.jpg,3
/var/scratch/adam/cassava-raw/cassavaleafdata/train/cgm/train-cgm-759.jpg,2
/var/scratch/adam/cassava-raw/cassavaleafdata/train/cbsd/train-cbsd-751.jpg,1
/var/scratch/adam/cassava-raw/cassavaleafdata/train/cbsd/train-cbsd-82.jpg,1
/var/scratch/adam/cassava-raw/cassavaleafdata/train/cgm/train-cgm-361.jpg,2
/var/scratch/adam/cassava-raw/cassavaleafdata/train/cmd/train-cmd-125.jpg,3
/var/scratch/adam/cassava-raw/cassavaleafdata/train/cmd/train-cmd-11.jpg,3
/var/scratch/adam/cassava-raw/cassavaleafdata/train/cbsd/train-cbsd-593.jpg,1
/var/scratch/adam/cassava-raw/cassavaleafdata/train/cmd/train-cmd-1874.jpg,3
/var/scratch/adam/cassava-raw/cassavaleafdata/train/cgm/train-cgm-139.jpg,2
/var/scratch/adam/cassava-raw/cassavaleafdata/train/cmd/train-cmd-1992.jpg,3
/var/scratch/adam/cassava-raw/cassavaleafdata/train/healthy/train-healthy-84.jpg,4
/var/scratch/adam/cassava-raw/cassavaleafdata/train/cmd/train-cmd-1865.jpg,3
/var/scratch/adam/cassava-raw/cassavaleafdata/train/cbsd/train-cbsd-1098.jpg,1
/var/scratch/adam/cassava-raw/cassavaleafdata/train/cbsd/train-cbsd-1054.jpg,1
/var/scratch/adam/cassava-raw/cassavaleafdata/train/cgm/train-cgm-152.jpg,2
/var/scratch/adam/cassava-raw/cassavaleafdata/train/cbsd/train-cbsd-1355.jpg,1
/var/scratch/adam/cassava-raw/cassavaleafdata/train/cmd/train-cmd-908.jpg,3
/var/scratch/adam/cassava-raw/cassavaleafdata/train/cmd/train-cmd-628.jpg,3
/var/scratch/adam/cassava-raw/cassavaleafdata/train/cgm/train-cgm-518.jpg,2
/var/scratch/adam/cassava-raw/cassavaleafdata/train/cmd/train-cmd-2314.jpg,3
/var/scratch/adam/cassava-raw/cassavaleafdata/train/cmd/train-cmd-1633.jpg,3
/var/scratch/adam/cassava-raw/cassavaleafdata/train/cmd/train-cmd-2181.jpg,3
/var/scratch/adam/cassava-raw/cassavaleafdata/train/cbsd/train-cbsd-432.jpg,1
/var/scratch/adam/cassava-raw/cassavaleafdata/train/cbb/train-cbb-407.jpg,0
/var/scratch/adam/cassava-raw/cassavaleafdata/train/cbsd/train-cbsd-1096.jpg,1
/var/scratch/adam/cassava-raw/cassavaleafdata/train/cgm/train-cgm-205.jpg,2
/var/scratch/adam/cassava-raw/cassavaleafdata/train/cmd/train-cmd-821.jpg,3
/var/scratch/adam/cassava-raw/cassavaleafdata/train/cbsd/train-cbsd-87.jpg,1
/var/scratch/adam/cassava-raw/cassavaleafdata/train/cbsd/train-cbsd-754.jpg,1
/var/scratch/adam/cassava-raw/cassavaleafdata/train/cmd/train-cmd-259.jpg,3
/var/scratch/adam/cassava-raw/cassavaleafdata/train/cbsd/train-cbsd-445.jpg,1
/var/scratch/adam/cassava-raw/cassavaleafdata/train/cgm/train-cgm-537.jpg,2
/var/scratch/adam/cassava-raw/cassavaleafdata/train/cmd/train-cmd-69.jpg,3
/var/scratch/adam/cassava-raw/cassavaleafdata/train/cbsd/train-cbsd-1332.jpg,1
/var/scratch/adam/cassava-raw/cassavaleafdata/train/cgm/train-cgm-740.jpg,2
/var/scratch/adam/cassava-raw/cassavaleafdata/train/cmd/train-cmd-2030.jpg,3
/var/scratch/adam/cassava-raw/cassavaleafdata/train/cmd/train-cmd-2372.jpg,3
/var/scratch/adam/cassava-raw/cassavaleafdata/train/cgm/train-cgm-472.jpg,2
/var/scratch/adam/cassava-raw/cassavaleafdata/train/cbsd/train-cbsd-328.jpg,1
/var/scratch/adam/cassava-raw/cassavaleafdata/train/cmd/train-cmd-187.jpg,3
/var/scratch/adam/cassava-raw/cassavaleafdata/train/cmd/train-cmd-420.jpg,3
/var/scratch/adam/cassava-raw/cassavaleafdata/train/cbsd/train-cbsd-1410.jpg,1
/var/scratch/adam/cassava-raw/cassavaleafdata/train/healthy/train-healthy-16.jpg,4
/var/scratch/adam/cassava-raw/cassavaleafdata/train/cbsd/train-cbsd-309.jpg,1
/var/scratch/adam/cassava-raw/cassavaleafdata/train/healthy/train-healthy-55.jpg,4
/var/scratch/adam/cassava-raw/cassavaleafdata/train/cbsd/train-cbsd-609.jpg,1
/var/scratch/adam/cassava-raw/cassavaleafdata/train/cgm/train-cgm-104.jpg,2
/var/scratch/adam/cassava-raw/cassavaleafdata/train/cbsd/train-cbsd-216.jpg,1
/var/scratch/adam/cassava-raw/cassavaleafdata/train/cbsd/train-cbsd-1301.jpg,1
/var/scratch/adam/cassava-raw/cassavaleafdata/train/cmd/train-cmd-50.jpg,3
/var/scratch/adam/cassava-raw/cassavaleafdata/train/cmd/train-cmd-499.jpg,3
/var/scratch/adam/cassava-raw/cassavaleafdata/train/cbsd/train-cbsd-285.jpg,1
/var/scratch/adam/cassava-raw/cassavaleafdata/train/cmd/train-cmd-2049.jpg,3
/var/scratch/adam/cassava-raw/cassavaleafdata/train/cmd/train-cmd-1780.jpg,3
/var/scratch/adam/cassava-raw/cassavaleafdata/train/cmd/train-cmd-2379.jpg,3
/var/scratch/adam/cassava-raw/cassavaleafdata/train/cbb/train-cbb-257.jpg,0
/var/scratch/adam/cassava-raw/cassavaleafdata/train/cmd/train-cmd-2464.jpg,3
/var/scratch/adam/cassava-raw/cassavaleafdata/train/cgm/train-cgm-701.jpg,2
/var/scratch/adam/cassava-raw/cassavaleafdata/train/cbb/train-cbb-113.jpg,0
/var/scratch/adam/cassava-raw/cassavaleafdata/train/cbsd/train-cbsd-1105.jpg,1
/var/scratch/adam/cassava-raw/cassavaleafdata/train/cbsd/train-cbsd-975.jpg,1
/var/scratch/adam/cassava-raw/cassavaleafdata/train/cmd/train-cmd-1639.jpg,3
/var/scratch/adam/cassava-raw/cassavaleafdata/train/cmd/train-cmd-944.jpg,3
/var/scratch/adam/cassava-raw/cassavaleafdata/train/cbb/train-cbb-144.jpg,0
/var/scratch/adam/cassava-raw/cassavaleafdata/train/cgm/train-cgm-577.jpg,2
/var/scratch/adam/cassava-raw/cassavaleafdata/train/cbsd/train-cbsd-486.jpg,1
/var/scratch/adam/cassava-raw/cassavaleafdata/train/cgm/train-cgm-286.jpg,2
/var/scratch/adam/cassava-raw/cassavaleafdata/train/cbsd/train-cbsd-1119.jpg,1
/var/scratch/adam/cassava-raw/cassavaleafdata/train/cmd/train-cmd-2550.jpg,3
/var/scratch/adam/cassava-raw/cassavaleafdata/train/cmd/train-cmd-1914.jpg,3
/var/scratch/adam/cassava-raw/cassavaleafdata/train/cmd/train-cmd-269.jpg,3
/var/scratch/adam/cassava-raw/cassavaleafdata/train/cmd/train-cmd-789.jpg,3
/var/scratch/adam/cassava-raw/cassavaleafdata/train/cbsd/train-cbsd-661.jpg,1
/var/scratch/adam/cassava-raw/cassavaleafdata/train/cbb/train-cbb-314.jpg,0
/var/scratch/adam/cassava-raw/cassavaleafdata/train/cmd/train-cmd-2532.jpg,3
/var/scratch/adam/cassava-raw/cassavaleafdata/train/cmd/train-cmd-2442.jpg,3
/var/scratch/adam/cassava-raw/cassavaleafdata/train/cgm/train-cgm-664.jpg,2
/var/scratch/adam/cassava-raw/cassavaleafdata/train/cgm/train-cgm-576.jpg,2
/var/scratch/adam/cassava-raw/cassavaleafdata/train/cbsd/train-cbsd-37.jpg,1
/var/scratch/adam/cassava-raw/cassavaleafdata/train/cgm/train-cgm-558.jpg,2
/var/scratch/adam/cassava-raw/cassavaleafdata/train/cgm/train-cgm-721.jpg,2
/var/scratch/adam/cassava-raw/cassavaleafdata/train/cmd/train-cmd-2251.jpg,3
/var/scratch/adam/cassava-raw/cassavaleafdata/train/cbb/train-cbb-427.jpg,0
/var/scratch/adam/cassava-raw/cassavaleafdata/train/cgm/train-cgm-403.jpg,2
/var/scratch/adam/cassava-raw/cassavaleafdata/train/cmd/train-cmd-1449.jpg,3
/var/scratch/adam/cassava-raw/cassavaleafdata/train/cbsd/train-cbsd-358.jpg,1
/var/scratch/adam/cassava-raw/cassavaleafdata/train/cbsd/train-cbsd-1047.jpg,1
/var/scratch/adam/cassava-raw/cassavaleafdata/train/cmd/train-cmd-1988.jpg,3
/var/scratch/adam/cassava-raw/cassavaleafdata/train/cmd/train-cmd-1751.jpg,3
/var/scratch/adam/cassava-raw/cassavaleafdata/train/cmd/train-cmd-93.jpg,3
/var/scratch/adam/cassava-raw/cassavaleafdata/train/cmd/train-cmd-1047.jpg,3
/var/scratch/adam/cassava-raw/cassavaleafdata/train/cbsd/train-cbsd-902.jpg,1
/var/scratch/adam/cassava-raw/cassavaleafdata/train/cgm/train-cgm-26.jpg,2
/var/scratch/adam/cassava-raw/cassavaleafdata/train/cgm/train-cgm-196.jpg,2
/var/scratch/adam/cassava-raw/cassavaleafdata/train/cbsd/train-cbsd-834.jpg,1
/var/scratch/adam/cassava-raw/cassavaleafdata/train/cmd/train-cmd-2614.jpg,3
/var/scratch/adam/cassava-raw/cassavaleafdata/train/cmd/train-cmd-1788.jpg,3
/var/scratch/adam/cassava-raw/cassavaleafdata/train/cmd/train-cmd-1929.jpg,3
/var/scratch/adam/cassava-raw/cassavaleafdata/train/cmd/train-cmd-2316.jpg,3
/var/scratch/adam/cassava-raw/cassavaleafdata/train/cmd/train-cmd-1995.jpg,3
/var/scratch/adam/cassava-raw/cassavaleafdata/train/cbb/train-cbb-165.jpg,0
/var/scratch/adam/cassava-raw/cassavaleafdata/train/cmd/train-cmd-493.jpg,3
/var/scratch/adam/cassava-raw/cassavaleafdata/train/cmd/train-cmd-568.jpg,3
/var/scratch/adam/cassava-raw/cassavaleafdata/train/cmd/train-cmd-117.jpg,3
/var/scratch/adam/cassava-raw/cassavaleafdata/train/cmd/train-cmd-1435.jpg,3
/var/scratch/adam/cassava-raw/cassavaleafdata/train/cmd/train-cmd-1084.jpg,3
/var/scratch/adam/cassava-raw/cassavaleafdata/train/cmd/train-cmd-1139.jpg,3
/var/scratch/adam/cassava-raw/cassavaleafdata/train/cmd/train-cmd-958.jpg,3
/var/scratch/adam/cassava-raw/cassavaleafdata/train/cmd/train-cmd-2086.jpg,3
/var/scratch/adam/cassava-raw/cassavaleafdata/train/cbsd/train-cbsd-793.jpg,1
/var/scratch/adam/cassava-raw/cassavaleafdata/train/cmd/train-cmd-2484.jpg,3
/var/scratch/adam/cassava-raw/cassavaleafdata/train/cmd/train-cmd-1343.jpg,3
/var/scratch/adam/cassava-raw/cassavaleafdata/train/cbsd/train-cbsd-745.jpg,1
/var/scratch/adam/cassava-raw/cassavaleafdata/train/cgm/train-cgm-34.jpg,2
/var/scratch/adam/cassava-raw/cassavaleafdata/train/cbsd/train-cbsd-730.jpg,1
/var/scratch/adam/cassava-raw/cassavaleafdata/train/cgm/train-cgm-646.jpg,2
/var/scratch/adam/cassava-raw/cassavaleafdata/train/cmd/train-cmd-53.jpg,3
/var/scratch/adam/cassava-raw/cassavaleafdata/train/cbb/train-cbb-433.jpg,0
/var/scratch/adam/cassava-raw/cassavaleafdata/train/cbsd/train-cbsd-720.jpg,1
/var/scratch/adam/cassava-raw/cassavaleafdata/train/cbsd/train-cbsd-668.jpg,1
/var/scratch/adam/cassava-raw/cassavaleafdata/train/cmd/train-cmd-249.jpg,3
/var/scratch/adam/cassava-raw/cassavaleafdata/train/cbb/train-cbb-184.jpg,0
/var/scratch/adam/cassava-raw/cassavaleafdata/train/cgm/train-cgm-107.jpg,2
/var/scratch/adam/cassava-raw/cassavaleafdata/train/cgm/train-cgm-663.jpg,2
/var/scratch/adam/cassava-raw/cassavaleafdata/train/cbsd/train-cbsd-647.jpg,1
/var/scratch/adam/cassava-raw/cassavaleafdata/train/healthy/train-healthy-271.jpg,4
/var/scratch/adam/cassava-raw/cassavaleafdata/train/cmd/train-cmd-1598.jpg,3
/var/scratch/adam/cassava-raw/cassavaleafdata/train/cmd/train-cmd-1630.jpg,3
/var/scratch/adam/cassava-raw/cassavaleafdata/train/cbb/train-cbb-259.jpg,0
/var/scratch/adam/cassava-raw/cassavaleafdata/train/cmd/train-cmd-2432.jpg,3
/var/scratch/adam/cassava-raw/cassavaleafdata/train/cmd/train-cmd-48.jpg,3
/var/scratch/adam/cassava-raw/cassavaleafdata/train/cmd/train-cmd-2019.jpg,3
/var/scratch/adam/cassava-raw/cassavaleafdata/train/cmd/train-cmd-1025.jpg,3
/var/scratch/adam/cassava-raw/cassavaleafdata/train/cgm/train-cgm-441.jpg,2
/var/scratch/adam/cassava-raw/cassavaleafdata/train/cbb/train-cbb-372.jpg,0
/var/scratch/adam/cassava-raw/cassavaleafdata/train/cmd/train-cmd-2185.jpg,3
/var/scratch/adam/cassava-raw/cassavaleafdata/train/healthy/train-healthy-168.jpg,4
/var/scratch/adam/cassava-raw/cassavaleafdata/train/cmd/train-cmd-1312.jpg,3
/var/scratch/adam/cassava-raw/cassavaleafdata/train/healthy/train-healthy-119.jpg,4
/var/scratch/adam/cassava-raw/cassavaleafdata/train/cbsd/train-cbsd-760.jpg,1
/var/scratch/adam/cassava-raw/cassavaleafdata/train/cmd/train-cmd-177.jpg,3
/var/scratch/adam/cassava-raw/cassavaleafdata/train/healthy/train-healthy-196.jpg,4
/var/scratch/adam/cassava-raw/cassavaleafdata/train/cbsd/train-cbsd-1017.jpg,1
/var/scratch/adam/cassava-raw/cassavaleafdata/train/cmd/train-cmd-543.jpg,3
/var/scratch/adam/cassava-raw/cassavaleafdata/train/cbsd/train-cbsd-642.jpg,1
/var/scratch/adam/cassava-raw/cassavaleafdata/train/cbsd/train-cbsd-1045.jpg,1
/var/scratch/adam/cassava-raw/cassavaleafdata/train/cbsd/train-cbsd-1133.jpg,1
/var/scratch/adam/cassava-raw/cassavaleafdata/train/cgm/train-cgm-413.jpg,2
/var/scratch/adam/cassava-raw/cassavaleafdata/train/cmd/train-cmd-634.jpg,3
/var/scratch/adam/cassava-raw/cassavaleafdata/train/cbsd/train-cbsd-1264.jpg,1
/var/scratch/adam/cassava-raw/cassavaleafdata/train/cmd/train-cmd-937.jpg,3
/var/scratch/adam/cassava-raw/cassavaleafdata/train/cbsd/train-cbsd-1154.jpg,1
/var/scratch/adam/cassava-raw/cassavaleafdata/train/cgm/train-cgm-628.jpg,2
/var/scratch/adam/cassava-raw/cassavaleafdata/train/cgm/train-cgm-342.jpg,2
/var/scratch/adam/cassava-raw/cassavaleafdata/train/cbsd/train-cbsd-748.jpg,1
/var/scratch/adam/cassava-raw/cassavaleafdata/train/cbsd/train-cbsd-36.jpg,1
/var/scratch/adam/cassava-raw/cassavaleafdata/train/cgm/train-cgm-514.jpg,2
/var/scratch/adam/cassava-raw/cassavaleafdata/train/cmd/train-cmd-554.jpg,3
/var/scratch/adam/cassava-raw/cassavaleafdata/train/cgm/train-cgm-306.jpg,2
/var/scratch/adam/cassava-raw/cassavaleafdata/train/cmd/train-cmd-588.jpg,3
/var/scratch/adam/cassava-raw/cassavaleafdata/train/cgm/train-cgm-584.jpg,2
/var/scratch/adam/cassava-raw/cassavaleafdata/train/cbsd/train-cbsd-1278.jpg,1
/var/scratch/adam/cassava-raw/cassavaleafdata/train/cmd/train-cmd-2208.jpg,3
/var/scratch/adam/cassava-raw/cassavaleafdata/train/cbsd/train-cbsd-1260.jpg,1
/var/scratch/adam/cassava-raw/cassavaleafdata/train/cbsd/train-cbsd-882.jpg,1
/var/scratch/adam/cassava-raw/cassavaleafdata/train/cgm/train-cgm-424.jpg,2
/var/scratch/adam/cassava-raw/cassavaleafdata/train/cmd/train-cmd-1377.jpg,3
/var/scratch/adam/cassava-raw/cassavaleafdata/train/cbsd/train-cbsd-217.jpg,1
/var/scratch/adam/cassava-raw/cassavaleafdata/train/cmd/train-cmd-929.jpg,3
/var/scratch/adam/cassava-raw/cassavaleafdata/train/cgm/train-cgm-396.jpg,2
/var/scratch/adam/cassava-raw/cassavaleafdata/train/cbsd/train-cbsd-317.jpg,1
/var/scratch/adam/cassava-raw/cassavaleafdata/train/cmd/train-cmd-1132.jpg,3
/var/scratch/adam/cassava-raw/cassavaleafdata/train/cgm/train-cgm-462.jpg,2
/var/scratch/adam/cassava-raw/cassavaleafdata/train/cmd/train-cmd-709.jpg,3
/var/scratch/adam/cassava-raw/cassavaleafdata/train/cbb/train-cbb-60.jpg,0
/var/scratch/adam/cassava-raw/cassavaleafdata/train/cmd/train-cmd-312.jpg,3
/var/scratch/adam/cassava-raw/cassavaleafdata/train/cmd/train-cmd-185.jpg,3
/var/scratch/adam/cassava-raw/cassavaleafdata/train/cbb/train-cbb-253.jpg,0
/var/scratch/adam/cassava-raw/cassavaleafdata/train/cbsd/train-cbsd-347.jpg,1
/var/scratch/adam/cassava-raw/cassavaleafdata/train/cgm/train-cgm-123.jpg,2
/var/scratch/adam/cassava-raw/cassavaleafdata/train/cbb/train-cbb-369.jpg,0
/var/scratch/adam/cassava-raw/cassavaleafdata/train/cgm/train-cgm-366.jpg,2
/var/scratch/adam/cassava-raw/cassavaleafdata/train/cbsd/train-cbsd-1111.jpg,1
/var/scratch/adam/cassava-raw/cassavaleafdata/train/cbsd/train-cbsd-211.jpg,1
/var/scratch/adam/cassava-raw/cassavaleafdata/train/cbsd/train-cbsd-79.jpg,1
/var/scratch/adam/cassava-raw/cassavaleafdata/train/cmd/train-cmd-385.jpg,3
/var/scratch/adam/cassava-raw/cassavaleafdata/train/cbsd/train-cbsd-177.jpg,1
/var/scratch/adam/cassava-raw/cassavaleafdata/train/cmd/train-cmd-1509.jpg,3
/var/scratch/adam/cassava-raw/cassavaleafdata/train/cmd/train-cmd-2205.jpg,3
/var/scratch/adam/cassava-raw/cassavaleafdata/train/cbsd/train-cbsd-145.jpg,1
/var/scratch/adam/cassava-raw/cassavaleafdata/train/cmd/train-cmd-1333.jpg,3
/var/scratch/adam/cassava-raw/cassavaleafdata/train/cmd/train-cmd-2057.jpg,3
/var/scratch/adam/cassava-raw/cassavaleafdata/train/cgm/train-cgm-61.jpg,2
/var/scratch/adam/cassava-raw/cassavaleafdata/train/cmd/train-cmd-1641.jpg,3
/var/scratch/adam/cassava-raw/cassavaleafdata/train/cmd/train-cmd-256.jpg,3
/var/scratch/adam/cassava-raw/cassavaleafdata/train/cgm/train-cgm-747.jpg,2
/var/scratch/adam/cassava-raw/cassavaleafdata/train/cmd/train-cmd-2233.jpg,3
/var/scratch/adam/cassava-raw/cassavaleafdata/train/cmd/train-cmd-1948.jpg,3
/var/scratch/adam/cassava-raw/cassavaleafdata/train/cbsd/train-cbsd-247.jpg,1
/var/scratch/adam/cassava-raw/cassavaleafdata/train/cgm/train-cgm-274.jpg,2
/var/scratch/adam/cassava-raw/cassavaleafdata/train/cmd/train-cmd-852.jpg,3
/var/scratch/adam/cassava-raw/cassavaleafdata/train/cbsd/train-cbsd-308.jpg,1
/var/scratch/adam/cassava-raw/cassavaleafdata/train/cmd/train-cmd-969.jpg,3
/var/scratch/adam/cassava-raw/cassavaleafdata/train/cbsd/train-cbsd-516.jpg,1
/var/scratch/adam/cassava-raw/cassavaleafdata/train/cmd/train-cmd-2140.jpg,3
/var/scratch/adam/cassava-raw/cassavaleafdata/train/cmd/train-cmd-2336.jpg,3
/var/scratch/adam/cassava-raw/cassavaleafdata/train/cmd/train-cmd-488.jpg,3
/var/scratch/adam/cassava-raw/cassavaleafdata/train/cmd/train-cmd-1638.jpg,3
/var/scratch/adam/cassava-raw/cassavaleafdata/train/cbsd/train-cbsd-739.jpg,1
/var/scratch/adam/cassava-raw/cassavaleafdata/train/cbsd/train-cbsd-985.jpg,1
/var/scratch/adam/cassava-raw/cassavaleafdata/train/cmd/train-cmd-78.jpg,3
/var/scratch/adam/cassava-raw/cassavaleafdata/train/cbb/train-cbb-399.jpg,0
/var/scratch/adam/cassava-raw/cassavaleafdata/train/cbb/train-cbb-52.jpg,0
/var/scratch/adam/cassava-raw/cassavaleafdata/train/cmd/train-cmd-2600.jpg,3
/var/scratch/adam/cassava-raw/cassavaleafdata/train/cgm/train-cgm-460.jpg,2
/var/scratch/adam/cassava-raw/cassavaleafdata/train/cbsd/train-cbsd-140.jpg,1
/var/scratch/adam/cassava-raw/cassavaleafdata/train/cmd/train-cmd-2271.jpg,3
/var/scratch/adam/cassava-raw/cassavaleafdata/train/cmd/train-cmd-587.jpg,3
/var/scratch/adam/cassava-raw/cassavaleafdata/train/cbsd/train-cbsd-598.jpg,1
/var/scratch/adam/cassava-raw/cassavaleafdata/train/cgm/train-cgm-728.jpg,2
/var/scratch/adam/cassava-raw/cassavaleafdata/train/cgm/train-cgm-254.jpg,2
/var/scratch/adam/cassava-raw/cassavaleafdata/train/cmd/train-cmd-190.jpg,3
/var/scratch/adam/cassava-raw/cassavaleafdata/train/cbsd/train-cbsd-1182.jpg,1
/var/scratch/adam/cassava-raw/cassavaleafdata/train/cbsd/train-cbsd-643.jpg,1
/var/scratch/adam/cassava-raw/cassavaleafdata/train/cbsd/train-cbsd-81.jpg,1
/var/scratch/adam/cassava-raw/cassavaleafdata/train/cmd/train-cmd-1549.jpg,3
/var/scratch/adam/cassava-raw/cassavaleafdata/train/cmd/train-cmd-2330.jpg,3
/var/scratch/adam/cassava-raw/cassavaleafdata/train/cmd/train-cmd-397.jpg,3
/var/scratch/adam/cassava-raw/cassavaleafdata/train/cmd/train-cmd-2473.jpg,3
/var/scratch/adam/cassava-raw/cassavaleafdata/train/cmd/train-cmd-1362.jpg,3
/var/scratch/adam/cassava-raw/cassavaleafdata/train/cmd/train-cmd-2238.jpg,3
/var/scratch/adam/cassava-raw/cassavaleafdata/train/cbsd/train-cbsd-1168.jpg,1
/var/scratch/adam/cassava-raw/cassavaleafdata/train/cmd/train-cmd-2136.jpg,3
/var/scratch/adam/cassava-raw/cassavaleafdata/train/cbsd/train-cbsd-137.jpg,1
/var/scratch/adam/cassava-raw/cassavaleafdata/train/cmd/train-cmd-2394.jpg,3
/var/scratch/adam/cassava-raw/cassavaleafdata/train/cbsd/train-cbsd-463.jpg,1
/var/scratch/adam/cassava-raw/cassavaleafdata/train/cgm/train-cgm-334.jpg,2
/var/scratch/adam/cassava-raw/cassavaleafdata/train/cmd/train-cmd-1727.jpg,3
/var/scratch/adam/cassava-raw/cassavaleafdata/train/cmd/train-cmd-552.jpg,3
/var/scratch/adam/cassava-raw/cassavaleafdata/train/healthy/train-healthy-38.jpg,4
/var/scratch/adam/cassava-raw/cassavaleafdata/train/cmd/train-cmd-1678.jpg,3
/var/scratch/adam/cassava-raw/cassavaleafdata/train/cmd/train-cmd-1955.jpg,3
/var/scratch/adam/cassava-raw/cassavaleafdata/train/cmd/train-cmd-2334.jpg,3
/var/scratch/adam/cassava-raw/cassavaleafdata/train/cmd/train-cmd-1752.jpg,3
/var/scratch/adam/cassava-raw/cassavaleafdata/train/healthy/train-healthy-175.jpg,4
/var/scratch/adam/cassava-raw/cassavaleafdata/train/healthy/train-healthy-121.jpg,4
/var/scratch/adam/cassava-raw/cassavaleafdata/train/cmd/train-cmd-379.jpg,3
/var/scratch/adam/cassava-raw/cassavaleafdata/train/cbsd/train-cbsd-1263.jpg,1
/var/scratch/adam/cassava-raw/cassavaleafdata/train/cbsd/train-cbsd-698.jpg,1
/var/scratch/adam/cassava-raw/cassavaleafdata/train/cbb/train-cbb-211.jpg,0
/var/scratch/adam/cassava-raw/cassavaleafdata/train/cgm/train-cgm-708.jpg,2
/var/scratch/adam/cassava-raw/cassavaleafdata/train/cbb/train-cbb-431.jpg,0
/var/scratch/adam/cassava-raw/cassavaleafdata/train/cbb/train-cbb-80.jpg,0
/var/scratch/adam/cassava-raw/cassavaleafdata/train/cmd/train-cmd-2617.jpg,3
/var/scratch/adam/cassava-raw/cassavaleafdata/train/healthy/train-healthy-252.jpg,4
/var/scratch/adam/cassava-raw/cassavaleafdata/train/cmd/train-cmd-875.jpg,3
/var/scratch/adam/cassava-raw/cassavaleafdata/train/cmd/train-cmd-260.jpg,3
/var/scratch/adam/cassava-raw/cassavaleafdata/train/cbb/train-cbb-143.jpg,0
/var/scratch/adam/cassava-raw/cassavaleafdata/train/cmd/train-cmd-2050.jpg,3
/var/scratch/adam/cassava-raw/cassavaleafdata/train/cmd/train-cmd-1803.jpg,3
/var/scratch/adam/cassava-raw/cassavaleafdata/train/cmd/train-cmd-434.jpg,3
/var/scratch/adam/cassava-raw/cassavaleafdata/train/cbsd/train-cbsd-1026.jpg,1
/var/scratch/adam/cassava-raw/cassavaleafdata/train/cmd/train-cmd-1263.jpg,3
/var/scratch/adam/cassava-raw/cassavaleafdata/train/cmd/train-cmd-1458.jpg,3
/var/scratch/adam/cassava-raw/cassavaleafdata/train/cmd/train-cmd-531.jpg,3
/var/scratch/adam/cassava-raw/cassavaleafdata/train/cbsd/train-cbsd-1080.jpg,1
/var/scratch/adam/cassava-raw/cassavaleafdata/train/cbb/train-cbb-238.jpg,0
/var/scratch/adam/cassava-raw/cassavaleafdata/train/cmd/train-cmd-769.jpg,3
/var/scratch/adam/cassava-raw/cassavaleafdata/train/cmd/train-cmd-100.jpg,3
/var/scratch/adam/cassava-raw/cassavaleafdata/train/healthy/train-healthy-201.jpg,4
/var/scratch/adam/cassava-raw/cassavaleafdata/train/cmd/train-cmd-1596.jpg,3
/var/scratch/adam/cassava-raw/cassavaleafdata/train/cmd/train-cmd-551.jpg,3
/var/scratch/adam/cassava-raw/cassavaleafdata/train/cbsd/train-cbsd-842.jpg,1
/var/scratch/adam/cassava-raw/cassavaleafdata/train/cbsd/train-cbsd-1142.jpg,1
/var/scratch/adam/cassava-raw/cassavaleafdata/train/cmd/train-cmd-455.jpg,3
/var/scratch/adam/cassava-raw/cassavaleafdata/train/cmd/train-cmd-2444.jpg,3
/var/scratch/adam/cassava-raw/cassavaleafdata/train/cmd/train-cmd-242.jpg,3
/var/scratch/adam/cassava-raw/cassavaleafdata/train/cbsd/train-cbsd-1199.jpg,1
/var/scratch/adam/cassava-raw/cassavaleafdata/train/cbsd/train-cbsd-1281.jpg,1
/var/scratch/adam/cassava-raw/cassavaleafdata/train/cmd/train-cmd-70.jpg,3
/var/scratch/adam/cassava-raw/cassavaleafdata/train/cbb/train-cbb-47.jpg,0
/var/scratch/adam/cassava-raw/cassavaleafdata/train/cmd/train-cmd-2425.jpg,3
/var/scratch/adam/cassava-raw/cassavaleafdata/train/cmd/train-cmd-2203.jpg,3
/var/scratch/adam/cassava-raw/cassavaleafdata/train/cmd/train-cmd-478.jpg,3
/var/scratch/adam/cassava-raw/cassavaleafdata/train/cmd/train-cmd-66.jpg,3
/var/scratch/adam/cassava-raw/cassavaleafdata/train/cmd/train-cmd-695.jpg,3
/var/scratch/adam/cassava-raw/cassavaleafdata/train/cgm/train-cgm-214.jpg,2
/var/scratch/adam/cassava-raw/cassavaleafdata/train/cbsd/train-cbsd-222.jpg,1
/var/scratch/adam/cassava-raw/cassavaleafdata/train/cbb/train-cbb-454.jpg,0
/var/scratch/adam/cassava-raw/cassavaleafdata/train/cgm/train-cgm-699.jpg,2
/var/scratch/adam/cassava-raw/cassavaleafdata/train/cbsd/train-cbsd-1146.jpg,1
/var/scratch/adam/cassava-raw/cassavaleafdata/train/cgm/train-cgm-741.jpg,2
/var/scratch/adam/cassava-raw/cassavaleafdata/train/cbb/train-cbb-72.jpg,0
/var/scratch/adam/cassava-raw/cassavaleafdata/train/cmd/train-cmd-1842.jpg,3
/var/scratch/adam/cassava-raw/cassavaleafdata/train/cbb/train-cbb-93.jpg,0
/var/scratch/adam/cassava-raw/cassavaleafdata/train/cmd/train-cmd-1695.jpg,3
/var/scratch/adam/cassava-raw/cassavaleafdata/train/cbsd/train-cbsd-1018.jpg,1
/var/scratch/adam/cassava-raw/cassavaleafdata/train/cgm/train-cgm-233.jpg,2
/var/scratch/adam/cassava-raw/cassavaleafdata/train/cmd/train-cmd-112.jpg,3
/var/scratch/adam/cassava-raw/cassavaleafdata/train/cbsd/train-cbsd-962.jpg,1
/var/scratch/adam/cassava-raw/cassavaleafdata/train/cmd/train-cmd-2044.jpg,3
/var/scratch/adam/cassava-raw/cassavaleafdata/train/cbsd/train-cbsd-640.jpg,1
/var/scratch/adam/cassava-raw/cassavaleafdata/train/cbsd/train-cbsd-26.jpg,1
/var/scratch/adam/cassava-raw/cassavaleafdata/train/cmd/train-cmd-9.jpg,3
/var/scratch/adam/cassava-raw/cassavaleafdata/train/cmd/train-cmd-662.jpg,3
/var/scratch/adam/cassava-raw/cassavaleafdata/train/cmd/train-cmd-1153.jpg,3
/var/scratch/adam/cassava-raw/cassavaleafdata/train/cmd/train-cmd-2539.jpg,3
/var/scratch/adam/cassava-raw/cassavaleafdata/train/cmd/train-cmd-962.jpg,3
/var/scratch/adam/cassava-raw/cassavaleafdata/train/cmd/train-cmd-1447.jpg,3
/var/scratch/adam/cassava-raw/cassavaleafdata/train/cmd/train-cmd-211.jpg,3
/var/scratch/adam/cassava-raw/cassavaleafdata/train/healthy/train-healthy-229.jpg,4
/var/scratch/adam/cassava-raw/cassavaleafdata/train/cmd/train-cmd-1129.jpg,3
/var/scratch/adam/cassava-raw/cassavaleafdata/train/cmd/train-cmd-970.jpg,3
/var/scratch/adam/cassava-raw/cassavaleafdata/train/cgm/train-cgm-643.jpg,2
/var/scratch/adam/cassava-raw/cassavaleafdata/train/cbb/train-cbb-362.jpg,0
/var/scratch/adam/cassava-raw/cassavaleafdata/train/cbsd/train-cbsd-1314.jpg,1
/var/scratch/adam/cassava-raw/cassavaleafdata/train/cgm/train-cgm-210.jpg,2
/var/scratch/adam/cassava-raw/cassavaleafdata/train/cbb/train-cbb-75.jpg,0
/var/scratch/adam/cassava-raw/cassavaleafdata/train/cbsd/train-cbsd-1132.jpg,1
/var/scratch/adam/cassava-raw/cassavaleafdata/train/cbb/train-cbb-294.jpg,0
/var/scratch/adam/cassava-raw/cassavaleafdata/train/cmd/train-cmd-342.jpg,3
/var/scratch/adam/cassava-raw/cassavaleafdata/train/cbsd/train-cbsd-348.jpg,1
/var/scratch/adam/cassava-raw/cassavaleafdata/train/cmd/train-cmd-671.jpg,3
/var/scratch/adam/cassava-raw/cassavaleafdata/train/healthy/train-healthy-10.jpg,4
/var/scratch/adam/cassava-raw/cassavaleafdata/train/cmd/train-cmd-2634.jpg,3
/var/scratch/adam/cassava-raw/cassavaleafdata/train/cbsd/train-cbsd-556.jpg,1
/var/scratch/adam/cassava-raw/cassavaleafdata/train/cbb/train-cbb-280.jpg,0
/var/scratch/adam/cassava-raw/cassavaleafdata/train/cbsd/train-cbsd-813.jpg,1
/var/scratch/adam/cassava-raw/cassavaleafdata/train/cmd/train-cmd-243.jpg,3
/var/scratch/adam/cassava-raw/cassavaleafdata/train/cbsd/train-cbsd-956.jpg,1
/var/scratch/adam/cassava-raw/cassavaleafdata/train/cmd/train-cmd-422.jpg,3
/var/scratch/adam/cassava-raw/cassavaleafdata/train/cbsd/train-cbsd-896.jpg,1
/var/scratch/adam/cassava-raw/cassavaleafdata/train/cbsd/train-cbsd-17.jpg,1
/var/scratch/adam/cassava-raw/cassavaleafdata/train/cbb/train-cbb-28.jpg,0
/var/scratch/adam/cassava-raw/cassavaleafdata/train/cbsd/train-cbsd-473.jpg,1
/var/scratch/adam/cassava-raw/cassavaleafdata/train/cgm/train-cgm-20.jpg,2
/var/scratch/adam/cassava-raw/cassavaleafdata/train/cbsd/train-cbsd-1063.jpg,1
/var/scratch/adam/cassava-raw/cassavaleafdata/train/cmd/train-cmd-186.jpg,3
/var/scratch/adam/cassava-raw/cassavaleafdata/train/cmd/train-cmd-2652.jpg,3
/var/scratch/adam/cassava-raw/cassavaleafdata/train/cbsd/train-cbsd-792.jpg,1
/var/scratch/adam/cassava-raw/cassavaleafdata/train/cbsd/train-cbsd-415.jpg,1
/var/scratch/adam/cassava-raw/cassavaleafdata/train/cmd/train-cmd-24.jpg,3
/var/scratch/adam/cassava-raw/cassavaleafdata/train/cmd/train-cmd-2319.jpg,3
/var/scratch/adam/cassava-raw/cassavaleafdata/train/cmd/train-cmd-2478.jpg,3
/var/scratch/adam/cassava-raw/cassavaleafdata/train/healthy/train-healthy-92.jpg,4
/var/scratch/adam/cassava-raw/cassavaleafdata/train/cmd/train-cmd-106.jpg,3
/var/scratch/adam/cassava-raw/cassavaleafdata/train/cgm/train-cgm-671.jpg,2
/var/scratch/adam/cassava-raw/cassavaleafdata/train/cgm/train-cgm-687.jpg,2
/var/scratch/adam/cassava-raw/cassavaleafdata/train/cmd/train-cmd-1825.jpg,3
/var/scratch/adam/cassava-raw/cassavaleafdata/train/cmd/train-cmd-1118.jpg,3
/var/scratch/adam/cassava-raw/cassavaleafdata/train/cbsd/train-cbsd-1189.jpg,1
/var/scratch/adam/cassava-raw/cassavaleafdata/train/cmd/train-cmd-525.jpg,3
/var/scratch/adam/cassava-raw/cassavaleafdata/train/cbsd/train-cbsd-622.jpg,1
/var/scratch/adam/cassava-raw/cassavaleafdata/train/cmd/train-cmd-1071.jpg,3
/var/scratch/adam/cassava-raw/cassavaleafdata/train/cmd/train-cmd-886.jpg,3
/var/scratch/adam/cassava-raw/cassavaleafdata/train/cgm/train-cgm-375.jpg,2
/var/scratch/adam/cassava-raw/cassavaleafdata/train/cmd/train-cmd-2560.jpg,3
/var/scratch/adam/cassava-raw/cassavaleafdata/train/cmd/train-cmd-373.jpg,3
/var/scratch/adam/cassava-raw/cassavaleafdata/train/cmd/train-cmd-647.jpg,3
/var/scratch/adam/cassava-raw/cassavaleafdata/train/cbb/train-cbb-327.jpg,0
/var/scratch/adam/cassava-raw/cassavaleafdata/train/cmd/train-cmd-238.jpg,3
/var/scratch/adam/cassava-raw/cassavaleafdata/train/cmd/train-cmd-1742.jpg,3
/var/scratch/adam/cassava-raw/cassavaleafdata/train/cmd/train-cmd-201.jpg,3
/var/scratch/adam/cassava-raw/cassavaleafdata/train/cmd/train-cmd-1347.jpg,3
/var/scratch/adam/cassava-raw/cassavaleafdata/train/cbb/train-cbb-237.jpg,0
/var/scratch/adam/cassava-raw/cassavaleafdata/train/healthy/train-healthy-19.jpg,4
/var/scratch/adam/cassava-raw/cassavaleafdata/train/cbsd/train-cbsd-72.jpg,1
/var/scratch/adam/cassava-raw/cassavaleafdata/train/healthy/train-healthy-259.jpg,4
/var/scratch/adam/cassava-raw/cassavaleafdata/train/cmd/train-cmd-116.jpg,3
/var/scratch/adam/cassava-raw/cassavaleafdata/train/cmd/train-cmd-2457.jpg,3
/var/scratch/adam/cassava-raw/cassavaleafdata/train/cbsd/train-cbsd-967.jpg,1
/var/scratch/adam/cassava-raw/cassavaleafdata/train/cmd/train-cmd-5.jpg,3
/var/scratch/adam/cassava-raw/cassavaleafdata/train/cmd/train-cmd-1519.jpg,3
/var/scratch/adam/cassava-raw/cassavaleafdata/train/cbb/train-cbb-287.jpg,0
/var/scratch/adam/cassava-raw/cassavaleafdata/train/cmd/train-cmd-746.jpg,3
/var/scratch/adam/cassava-raw/cassavaleafdata/train/cmd/train-cmd-1323.jpg,3
/var/scratch/adam/cassava-raw/cassavaleafdata/train/cmd/train-cmd-1221.jpg,3
/var/scratch/adam/cassava-raw/cassavaleafdata/train/cmd/train-cmd-1095.jpg,3
/var/scratch/adam/cassava-raw/cassavaleafdata/train/cmd/train-cmd-1669.jpg,3
/var/scratch/adam/cassava-raw/cassavaleafdata/train/cbsd/train-cbsd-263.jpg,1
/var/scratch/adam/cassava-raw/cassavaleafdata/train/cmd/train-cmd-2295.jpg,3
/var/scratch/adam/cassava-raw/cassavaleafdata/train/cmd/train-cmd-2655.jpg,3
/var/scratch/adam/cassava-raw/cassavaleafdata/train/cgm/train-cgm-585.jpg,2
/var/scratch/adam/cassava-raw/cassavaleafdata/train/cmd/train-cmd-702.jpg,3
/var/scratch/adam/cassava-raw/cassavaleafdata/train/cmd/train-cmd-1978.jpg,3
/var/scratch/adam/cassava-raw/cassavaleafdata/train/cgm/train-cgm-120.jpg,2
/var/scratch/adam/cassava-raw/cassavaleafdata/train/cmd/train-cmd-461.jpg,3
/var/scratch/adam/cassava-raw/cassavaleafdata/train/cbsd/train-cbsd-376.jpg,1
/var/scratch/adam/cassava-raw/cassavaleafdata/train/cmd/train-cmd-1889.jpg,3
/var/scratch/adam/cassava-raw/cassavaleafdata/train/cgm/train-cgm-612.jpg,2
/var/scratch/adam/cassava-raw/cassavaleafdata/train/cmd/train-cmd-1523.jpg,3
/var/scratch/adam/cassava-raw/cassavaleafdata/train/cmd/train-cmd-171.jpg,3
/var/scratch/adam/cassava-raw/cassavaleafdata/train/cmd/train-cmd-1614.jpg,3
/var/scratch/adam/cassava-raw/cassavaleafdata/train/cmd/train-cmd-1760.jpg,3
/var/scratch/adam/cassava-raw/cassavaleafdata/train/cbsd/train-cbsd-578.jpg,1
/var/scratch/adam/cassava-raw/cassavaleafdata/train/cmd/train-cmd-1061.jpg,3
/var/scratch/adam/cassava-raw/cassavaleafdata/train/cmd/train-cmd-2253.jpg,3
/var/scratch/adam/cassava-raw/cassavaleafdata/train/cgm/train-cgm-338.jpg,2
/var/scratch/adam/cassava-raw/cassavaleafdata/train/healthy/train-healthy-281.jpg,4
/var/scratch/adam/cassava-raw/cassavaleafdata/train/cmd/train-cmd-2165.jpg,3
/var/scratch/adam/cassava-raw/cassavaleafdata/train/cmd/train-cmd-1564.jpg,3
/var/scratch/adam/cassava-raw/cassavaleafdata/train/cmd/train-cmd-72.jpg,3
/var/scratch/adam/cassava-raw/cassavaleafdata/train/cmd/train-cmd-1207.jpg,3
/var/scratch/adam/cassava-raw/cassavaleafdata/train/healthy/train-healthy-130.jpg,4
/var/scratch/adam/cassava-raw/cassavaleafdata/train/cmd/train-cmd-25.jpg,3
/var/scratch/adam/cassava-raw/cassavaleafdata/train/cmd/train-cmd-1220.jpg,3
/var/scratch/adam/cassava-raw/cassavaleafdata/train/cmd/train-cmd-1098.jpg,3
/var/scratch/adam/cassava-raw/cassavaleafdata/train/cbsd/train-cbsd-363.jpg,1
/var/scratch/adam/cassava-raw/cassavaleafdata/train/cmd/train-cmd-2505.jpg,3
/var/scratch/adam/cassava-raw/cassavaleafdata/train/cmd/train-cmd-956.jpg,3
/var/scratch/adam/cassava-raw/cassavaleafdata/train/cgm/train-cgm-271.jpg,2
/var/scratch/adam/cassava-raw/cassavaleafdata/train/cbsd/train-cbsd-601.jpg,1
/var/scratch/adam/cassava-raw/cassavaleafdata/train/cgm/train-cgm-280.jpg,2
/var/scratch/adam/cassava-raw/cassavaleafdata/train/cmd/train-cmd-217.jpg,3
/var/scratch/adam/cassava-raw/cassavaleafdata/train/cmd/train-cmd-530.jpg,3
/var/scratch/adam/cassava-raw/cassavaleafdata/train/cbb/train-cbb-54.jpg,0
/var/scratch/adam/cassava-raw/cassavaleafdata/train/cgm/train-cgm-581.jpg,2
/var/scratch/adam/cassava-raw/cassavaleafdata/train/cbb/train-cbb-455.jpg,0
/var/scratch/adam/cassava-raw/cassavaleafdata/train/cbsd/train-cbsd-828.jpg,1
/var/scratch/adam/cassava-raw/cassavaleafdata/train/cmd/train-cmd-1706.jpg,3
/var/scratch/adam/cassava-raw/cassavaleafdata/train/cgm/train-cgm-594.jpg,2
/var/scratch/adam/cassava-raw/cassavaleafdata/train/cbsd/train-cbsd-779.jpg,1
/var/scratch/adam/cassava-raw/cassavaleafdata/train/cbsd/train-cbsd-1151.jpg,1
/var/scratch/adam/cassava-raw/cassavaleafdata/train/cmd/train-cmd-2537.jpg,3
/var/scratch/adam/cassava-raw/cassavaleafdata/train/cbsd/train-cbsd-1150.jpg,1
/var/scratch/adam/cassava-raw/cassavaleafdata/train/cbb/train-cbb-459.jpg,0
/var/scratch/adam/cassava-raw/cassavaleafdata/train/cgm/train-cgm-490.jpg,2
/var/scratch/adam/cassava-raw/cassavaleafdata/train/cbsd/train-cbsd-34.jpg,1
/var/scratch/adam/cassava-raw/cassavaleafdata/train/cmd/train-cmd-2070.jpg,3
/var/scratch/adam/cassava-raw/cassavaleafdata/train/cbsd/train-cbsd-798.jpg,1
/var/scratch/adam/cassava-raw/cassavaleafdata/train/cgm/train-cgm-760.jpg,2
/var/scratch/adam/cassava-raw/cassavaleafdata/train/cmd/train-cmd-2054.jpg,3
/var/scratch/adam/cassava-raw/cassavaleafdata/train/cmd/train-cmd-2032.jpg,3
/var/scratch/adam/cassava-raw/cassavaleafdata/train/cmd/train-cmd-1253.jpg,3
/var/scratch/adam/cassava-raw/cassavaleafdata/train/cbsd/train-cbsd-220.jpg,1
/var/scratch/adam/cassava-raw/cassavaleafdata/train/cbsd/train-cbsd-196.jpg,1
/var/scratch/adam/cassava-raw/cassavaleafdata/train/cmd/train-cmd-346.jpg,3
/var/scratch/adam/cassava-raw/cassavaleafdata/train/healthy/train-healthy-288.jpg,4
/var/scratch/adam/cassava-raw/cassavaleafdata/train/cmd/train-cmd-2355.jpg,3
/var/scratch/adam/cassava-raw/cassavaleafdata/train/cgm/train-cgm-272.jpg,2
/var/scratch/adam/cassava-raw/cassavaleafdata/train/cmd/train-cmd-1997.jpg,3
/var/scratch/adam/cassava-raw/cassavaleafdata/train/healthy/train-healthy-294.jpg,4
/var/scratch/adam/cassava-raw/cassavaleafdata/train/cmd/train-cmd-1487.jpg,3
/var/scratch/adam/cassava-raw/cassavaleafdata/train/cmd/train-cmd-395.jpg,3
/var/scratch/adam/cassava-raw/cassavaleafdata/train/cmd/train-cmd-2426.jpg,3
/var/scratch/adam/cassava-raw/cassavaleafdata/train/cmd/train-cmd-334.jpg,3
/var/scratch/adam/cassava-raw/cassavaleafdata/train/cbb/train-cbb-277.jpg,0
/var/scratch/adam/cassava-raw/cassavaleafdata/train/cmd/train-cmd-596.jpg,3
/var/scratch/adam/cassava-raw/cassavaleafdata/train/cmd/train-cmd-2240.jpg,3
/var/scratch/adam/cassava-raw/cassavaleafdata/train/cmd/train-cmd-1046.jpg,3
/var/scratch/adam/cassava-raw/cassavaleafdata/train/cmd/train-cmd-1498.jpg,3
/var/scratch/adam/cassava-raw/cassavaleafdata/train/cbsd/train-cbsd-68.jpg,1
/var/scratch/adam/cassava-raw/cassavaleafdata/train/cmd/train-cmd-1438.jpg,3
/var/scratch/adam/cassava-raw/cassavaleafdata/train/cgm/train-cgm-535.jpg,2
/var/scratch/adam/cassava-raw/cassavaleafdata/train/cmd/train-cmd-1287.jpg,3
/var/scratch/adam/cassava-raw/cassavaleafdata/train/cmd/train-cmd-1911.jpg,3
/var/scratch/adam/cassava-raw/cassavaleafdata/train/cbsd/train-cbsd-1195.jpg,1
/var/scratch/adam/cassava-raw/cassavaleafdata/train/cgm/train-cgm-394.jpg,2
/var/scratch/adam/cassava-raw/cassavaleafdata/train/cgm/train-cgm-732.jpg,2
/var/scratch/adam/cassava-raw/cassavaleafdata/train/healthy/train-healthy-44.jpg,4
/var/scratch/adam/cassava-raw/cassavaleafdata/train/healthy/train-healthy-22.jpg,4
/var/scratch/adam/cassava-raw/cassavaleafdata/train/cbb/train-cbb-137.jpg,0
/var/scratch/adam/cassava-raw/cassavaleafdata/train/cmd/train-cmd-1285.jpg,3
/var/scratch/adam/cassava-raw/cassavaleafdata/train/cmd/train-cmd-1475.jpg,3
/var/scratch/adam/cassava-raw/cassavaleafdata/train/cbb/train-cbb-58.jpg,0
/var/scratch/adam/cassava-raw/cassavaleafdata/train/cgm/train-cgm-194.jpg,2
/var/scratch/adam/cassava-raw/cassavaleafdata/train/cbsd/train-cbsd-1186.jpg,1
/var/scratch/adam/cassava-raw/cassavaleafdata/train/cmd/train-cmd-2216.jpg,3
/var/scratch/adam/cassava-raw/cassavaleafdata/train/cmd/train-cmd-1974.jpg,3
/var/scratch/adam/cassava-raw/cassavaleafdata/train/cbb/train-cbb-411.jpg,0
/var/scratch/adam/cassava-raw/cassavaleafdata/train/cmd/train-cmd-79.jpg,3
/var/scratch/adam/cassava-raw/cassavaleafdata/train/cmd/train-cmd-876.jpg,3
/var/scratch/adam/cassava-raw/cassavaleafdata/train/cmd/train-cmd-1068.jpg,3
/var/scratch/adam/cassava-raw/cassavaleafdata/train/cbb/train-cbb-177.jpg,0
/var/scratch/adam/cassava-raw/cassavaleafdata/train/cgm/train-cgm-118.jpg,2
/var/scratch/adam/cassava-raw/cassavaleafdata/train/cbsd/train-cbsd-1192.jpg,1
/var/scratch/adam/cassava-raw/cassavaleafdata/train/cgm/train-cgm-201.jpg,2
/var/scratch/adam/cassava-raw/cassavaleafdata/train/cgm/train-cgm-596.jpg,2
/var/scratch/adam/cassava-raw/cassavaleafdata/train/cgm/train-cgm-427.jpg,2
/var/scratch/adam/cassava-raw/cassavaleafdata/train/cmd/train-cmd-866.jpg,3
/var/scratch/adam/cassava-raw/cassavaleafdata/train/healthy/train-healthy-135.jpg,4
/var/scratch/adam/cassava-raw/cassavaleafdata/train/cmd/train-cmd-2649.jpg,3
/var/scratch/adam/cassava-raw/cassavaleafdata/train/cbsd/train-cbsd-1400.jpg,1
/var/scratch/adam/cassava-raw/cassavaleafdata/train/cbsd/train-cbsd-96.jpg,1
/var/scratch/adam/cassava-raw/cassavaleafdata/train/cgm/train-cgm-101.jpg,2
/var/scratch/adam/cassava-raw/cassavaleafdata/train/cgm/train-cgm-658.jpg,2
/var/scratch/adam/cassava-raw/cassavaleafdata/train/cmd/train-cmd-686.jpg,3
/var/scratch/adam/cassava-raw/cassavaleafdata/train/healthy/train-healthy-68.jpg,4
/var/scratch/adam/cassava-raw/cassavaleafdata/train/cmd/train-cmd-1589.jpg,3
/var/scratch/adam/cassava-raw/cassavaleafdata/train/cbsd/train-cbsd-144.jpg,1
/var/scratch/adam/cassava-raw/cassavaleafdata/train/cmd/train-cmd-1629.jpg,3
/var/scratch/adam/cassava-raw/cassavaleafdata/train/cbb/train-cbb-220.jpg,0
/var/scratch/adam/cassava-raw/cassavaleafdata/train/healthy/train-healthy-37.jpg,4
/var/scratch/adam/cassava-raw/cassavaleafdata/train/healthy/train-healthy-33.jpg,4
/var/scratch/adam/cassava-raw/cassavaleafdata/train/cmd/train-cmd-1993.jpg,3
/var/scratch/adam/cassava-raw/cassavaleafdata/train/cbsd/train-cbsd-890.jpg,1
/var/scratch/adam/cassava-raw/cassavaleafdata/train/cmd/train-cmd-404.jpg,3
/var/scratch/adam/cassava-raw/cassavaleafdata/train/cmd/train-cmd-2498.jpg,3
/var/scratch/adam/cassava-raw/cassavaleafdata/train/cgm/train-cgm-625.jpg,2
/var/scratch/adam/cassava-raw/cassavaleafdata/train/cbb/train-cbb-200.jpg,0
/var/scratch/adam/cassava-raw/cassavaleafdata/train/cmd/train-cmd-1083.jpg,3
/var/scratch/adam/cassava-raw/cassavaleafdata/train/cmd/train-cmd-1294.jpg,3
/var/scratch/adam/cassava-raw/cassavaleafdata/train/cmd/train-cmd-495.jpg,3
/var/scratch/adam/cassava-raw/cassavaleafdata/train/cbsd/train-cbsd-1359.jpg,1
/var/scratch/adam/cassava-raw/cassavaleafdata/train/healthy/train-healthy-307.jpg,4
/var/scratch/adam/cassava-raw/cassavaleafdata/train/cbsd/train-cbsd-1313.jpg,1
/var/scratch/adam/cassava-raw/cassavaleafdata/train/cgm/train-cgm-650.jpg,2
/var/scratch/adam/cassava-raw/cassavaleafdata/train/cmd/train-cmd-1939.jpg,3
/var/scratch/adam/cassava-raw/cassavaleafdata/train/cmd/train-cmd-2599.jpg,3
/var/scratch/adam/cassava-raw/cassavaleafdata/train/cbsd/train-cbsd-674.jpg,1
/var/scratch/adam/cassava-raw/cassavaleafdata/train/cmd/train-cmd-2078.jpg,3
/var/scratch/adam/cassava-raw/cassavaleafdata/train/cmd/train-cmd-1334.jpg,3
/var/scratch/adam/cassava-raw/cassavaleafdata/train/cbb/train-cbb-395.jpg,0
/var/scratch/adam/cassava-raw/cassavaleafdata/train/cbsd/train-cbsd-481.jpg,1
/var/scratch/adam/cassava-raw/cassavaleafdata/train/cmd/train-cmd-1146.jpg,3
/var/scratch/adam/cassava-raw/cassavaleafdata/train/cmd/train-cmd-2508.jpg,3
/var/scratch/adam/cassava-raw/cassavaleafdata/train/cgm/train-cgm-742.jpg,2
/var/scratch/adam/cassava-raw/cassavaleafdata/train/cmd/train-cmd-258.jpg,3
/var/scratch/adam/cassava-raw/cassavaleafdata/train/cbsd/train-cbsd-1422.jpg,1
/var/scratch/adam/cassava-raw/cassavaleafdata/train/cbsd/train-cbsd-409.jpg,1
/var/scratch/adam/cassava-raw/cassavaleafdata/train/cbsd/train-cbsd-1072.jpg,1
/var/scratch/adam/cassava-raw/cassavaleafdata/train/cmd/train-cmd-2284.jpg,3
/var/scratch/adam/cassava-raw/cassavaleafdata/train/cbsd/train-cbsd-1228.jpg,1
/var/scratch/adam/cassava-raw/cassavaleafdata/train/cmd/train-cmd-2410.jpg,3
/var/scratch/adam/cassava-raw/cassavaleafdata/train/cbsd/train-cbsd-711.jpg,1
/var/scratch/adam/cassava-raw/cassavaleafdata/train/cmd/train-cmd-724.jpg,3
/var/scratch/adam/cassava-raw/cassavaleafdata/train/cmd/train-cmd-731.jpg,3
/var/scratch/adam/cassava-raw/cassavaleafdata/train/cbsd/train-cbsd-1085.jpg,1
/var/scratch/adam/cassava-raw/cassavaleafdata/train/cmd/train-cmd-63.jpg,3
/var/scratch/adam/cassava-raw/cassavaleafdata/train/cgm/train-cgm-290.jpg,2
/var/scratch/adam/cassava-raw/cassavaleafdata/train/cbsd/train-cbsd-874.jpg,1
/var/scratch/adam/cassava-raw/cassavaleafdata/train/cbb/train-cbb-389.jpg,0
/var/scratch/adam/cassava-raw/cassavaleafdata/train/cbsd/train-cbsd-323.jpg,1
/var/scratch/adam/cassava-raw/cassavaleafdata/train/cgm/train-cgm-99.jpg,2
/var/scratch/adam/cassava-raw/cassavaleafdata/train/cbsd/train-cbsd-539.jpg,1
/var/scratch/adam/cassava-raw/cassavaleafdata/train/cbsd/train-cbsd-637.jpg,1
/var/scratch/adam/cassava-raw/cassavaleafdata/train/cbsd/train-cbsd-1037.jpg,1
/var/scratch/adam/cassava-raw/cassavaleafdata/train/cmd/train-cmd-1143.jpg,3
/var/scratch/adam/cassava-raw/cassavaleafdata/train/cmd/train-cmd-2247.jpg,3
/var/scratch/adam/cassava-raw/cassavaleafdata/train/cbb/train-cbb-377.jpg,0
/var/scratch/adam/cassava-raw/cassavaleafdata/train/cgm/train-cgm-328.jpg,2
/var/scratch/adam/cassava-raw/cassavaleafdata/train/cbsd/train-cbsd-130.jpg,1
/var/scratch/adam/cassava-raw/cassavaleafdata/train/cmd/train-cmd-1005.jpg,3
/var/scratch/adam/cassava-raw/cassavaleafdata/train/cmd/train-cmd-1120.jpg,3
/var/scratch/adam/cassava-raw/cassavaleafdata/train/cmd/train-cmd-1899.jpg,3
/var/scratch/adam/cassava-raw/cassavaleafdata/train/cmd/train-cmd-2288.jpg,3
/var/scratch/adam/cassava-raw/cassavaleafdata/train/cbsd/train-cbsd-23.jpg,1
/var/scratch/adam/cassava-raw/cassavaleafdata/train/cbsd/train-cbsd-35.jpg,1
/var/scratch/adam/cassava-raw/cassavaleafdata/train/cmd/train-cmd-96.jpg,3
/var/scratch/adam/cassava-raw/cassavaleafdata/train/cbsd/train-cbsd-1202.jpg,1
/var/scratch/adam/cassava-raw/cassavaleafdata/train/cmd/train-cmd-2305.jpg,3
/var/scratch/adam/cassava-raw/cassavaleafdata/train/cgm/train-cgm-519.jpg,2
/var/scratch/adam/cassava-raw/cassavaleafdata/train/cbsd/train-cbsd-1232.jpg,1
/var/scratch/adam/cassava-raw/cassavaleafdata/train/cmd/train-cmd-313.jpg,3
/var/scratch/adam/cassava-raw/cassavaleafdata/train/cmd/train-cmd-240.jpg,3
/var/scratch/adam/cassava-raw/cassavaleafdata/train/cbsd/train-cbsd-204.jpg,1
/var/scratch/adam/cassava-raw/cassavaleafdata/train/healthy/train-healthy-79.jpg,4
/var/scratch/adam/cassava-raw/cassavaleafdata/train/cbsd/train-cbsd-1109.jpg,1
/var/scratch/adam/cassava-raw/cassavaleafdata/train/cmd/train-cmd-1271.jpg,3
/var/scratch/adam/cassava-raw/cassavaleafdata/train/cmd/train-cmd-601.jpg,3
/var/scratch/adam/cassava-raw/cassavaleafdata/train/cmd/train-cmd-1358.jpg,3
/var/scratch/adam/cassava-raw/cassavaleafdata/train/cmd/train-cmd-2518.jpg,3
/var/scratch/adam/cassava-raw/cassavaleafdata/train/cbsd/train-cbsd-1346.jpg,1
/var/scratch/adam/cassava-raw/cassavaleafdata/train/cgm/train-cgm-722.jpg,2
/var/scratch/adam/cassava-raw/cassavaleafdata/train/healthy/train-healthy-232.jpg,4
/var/scratch/adam/cassava-raw/cassavaleafdata/train/cmd/train-cmd-1975.jpg,3
/var/scratch/adam/cassava-raw/cassavaleafdata/train/cmd/train-cmd-1109.jpg,3
/var/scratch/adam/cassava-raw/cassavaleafdata/train/cbb/train-cbb-15.jpg,0
/var/scratch/adam/cassava-raw/cassavaleafdata/train/cmd/train-cmd-1527.jpg,3
/var/scratch/adam/cassava-raw/cassavaleafdata/train/cgm/train-cgm-60.jpg,2
/var/scratch/adam/cassava-raw/cassavaleafdata/train/cmd/train-cmd-733.jpg,3
/var/scratch/adam/cassava-raw/cassavaleafdata/train/cbsd/train-cbsd-1275.jpg,1
/var/scratch/adam/cassava-raw/cassavaleafdata/train/cmd/train-cmd-860.jpg,3
/var/scratch/adam/cassava-raw/cassavaleafdata/train/cmd/train-cmd-1251.jpg,3
/var/scratch/adam/cassava-raw/cassavaleafdata/train/cmd/train-cmd-2068.jpg,3
/var/scratch/adam/cassava-raw/cassavaleafdata/train/cmd/train-cmd-964.jpg,3
/var/scratch/adam/cassava-raw/cassavaleafdata/train/cbb/train-cbb-223.jpg,0
/var/scratch/adam/cassava-raw/cassavaleafdata/train/cmd/train-cmd-2190.jpg,3
/var/scratch/adam/cassava-raw/cassavaleafdata/train/cmd/train-cmd-1544.jpg,3
/var/scratch/adam/cassava-raw/cassavaleafdata/train/healthy/train-healthy-247.jpg,4
/var/scratch/adam/cassava-raw/cassavaleafdata/train/cmd/train-cmd-1170.jpg,3
/var/scratch/adam/cassava-raw/cassavaleafdata/train/healthy/train-healthy-49.jpg,4
/var/scratch/adam/cassava-raw/cassavaleafdata/train/cbb/train-cbb-262.jpg,0
/var/scratch/adam/cassava-raw/cassavaleafdata/train/cmd/train-cmd-1769.jpg,3
/var/scratch/adam/cassava-raw/cassavaleafdata/train/cmd/train-cmd-1275.jpg,3
/var/scratch/adam/cassava-raw/cassavaleafdata/train/cmd/train-cmd-719.jpg,3
/var/scratch/adam/cassava-raw/cassavaleafdata/train/cbsd/train-cbsd-386.jpg,1
/var/scratch/adam/cassava-raw/cassavaleafdata/train/cbsd/train-cbsd-950.jpg,1
/var/scratch/adam/cassava-raw/cassavaleafdata/train/cmd/train-cmd-1481.jpg,3
/var/scratch/adam/cassava-raw/cassavaleafdata/train/cbsd/train-cbsd-679.jpg,1
/var/scratch/adam/cassava-raw/cassavaleafdata/train/cmd/train-cmd-2512.jpg,3
/var/scratch/adam/cassava-raw/cassavaleafdata/train/cbsd/train-cbsd-306.jpg,1
/var/scratch/adam/cassava-raw/cassavaleafdata/train/cbsd/train-cbsd-141.jpg,1
/var/scratch/adam/cassava-raw/cassavaleafdata/train/cbb/train-cbb-426.jpg,0
/var/scratch/adam/cassava-raw/cassavaleafdata/train/cmd/train-cmd-1193.jpg,3
/var/scratch/adam/cassava-raw/cassavaleafdata/train/cgm/train-cgm-81.jpg,2
/var/scratch/adam/cassava-raw/cassavaleafdata/train/cmd/train-cmd-1218.jpg,3
/var/scratch/adam/cassava-raw/cassavaleafdata/train/cmd/train-cmd-2138.jpg,3
/var/scratch/adam/cassava-raw/cassavaleafdata/train/cmd/train-cmd-1186.jpg,3
/var/scratch/adam/cassava-raw/cassavaleafdata/train/cbsd/train-cbsd-235.jpg,1
/var/scratch/adam/cassava-raw/cassavaleafdata/train/cgm/train-cgm-314.jpg,2
/var/scratch/adam/cassava-raw/cassavaleafdata/train/cmd/train-cmd-2221.jpg,3
/var/scratch/adam/cassava-raw/cassavaleafdata/train/cbsd/train-cbsd-920.jpg,1
/var/scratch/adam/cassava-raw/cassavaleafdata/train/cgm/train-cgm-248.jpg,2
/var/scratch/adam/cassava-raw/cassavaleafdata/train/cmd/train-cmd-1724.jpg,3
/var/scratch/adam/cassava-raw/cassavaleafdata/train/cgm/train-cgm-739.jpg,2
/var/scratch/adam/cassava-raw/cassavaleafdata/train/cmd/train-cmd-172.jpg,3
/var/scratch/adam/cassava-raw/cassavaleafdata/train/cbsd/train-cbsd-74.jpg,1
/var/scratch/adam/cassava-raw/cassavaleafdata/train/cbsd/train-cbsd-94.jpg,1
/var/scratch/adam/cassava-raw/cassavaleafdata/train/cbb/train-cbb-435.jpg,0
/var/scratch/adam/cassava-raw/cassavaleafdata/train/cmd/train-cmd-2278.jpg,3
/var/scratch/adam/cassava-raw/cassavaleafdata/train/cbsd/train-cbsd-1197.jpg,1
/var/scratch/adam/cassava-raw/cassavaleafdata/train/cmd/train-cmd-1877.jpg,3
/var/scratch/adam/cassava-raw/cassavaleafdata/train/cgm/train-cgm-556.jpg,2
/var/scratch/adam/cassava-raw/cassavaleafdata/train/cbsd/train-cbsd-825.jpg,1
/var/scratch/adam/cassava-raw/cassavaleafdata/train/cmd/train-cmd-1656.jpg,3
/var/scratch/adam/cassava-raw/cassavaleafdata/train/cmd/train-cmd-904.jpg,3
/var/scratch/adam/cassava-raw/cassavaleafdata/train/cgm/train-cgm-592.jpg,2
/var/scratch/adam/cassava-raw/cassavaleafdata/train/healthy/train-healthy-248.jpg,4
/var/scratch/adam/cassava-raw/cassavaleafdata/train/cbb/train-cbb-366.jpg,0
/var/scratch/adam/cassava-raw/cassavaleafdata/train/healthy/train-healthy-90.jpg,4
/var/scratch/adam/cassava-raw/cassavaleafdata/train/cmd/train-cmd-139.jpg,3
/var/scratch/adam/cassava-raw/cassavaleafdata/train/cbb/train-cbb-96.jpg,0
/var/scratch/adam/cassava-raw/cassavaleafdata/train/cmd/train-cmd-278.jpg,3
/var/scratch/adam/cassava-raw/cassavaleafdata/train/cgm/train-cgm-199.jpg,2
/var/scratch/adam/cassava-raw/cassavaleafdata/train/cbsd/train-cbsd-1352.jpg,1
/var/scratch/adam/cassava-raw/cassavaleafdata/train/cmd/train-cmd-868.jpg,3
/var/scratch/adam/cassava-raw/cassavaleafdata/train/cmd/train-cmd-1150.jpg,3
/var/scratch/adam/cassava-raw/cassavaleafdata/train/cgm/train-cgm-580.jpg,2
/var/scratch/adam/cassava-raw/cassavaleafdata/train/cmd/train-cmd-1056.jpg,3
/var/scratch/adam/cassava-raw/cassavaleafdata/train/cgm/train-cgm-62.jpg,2
/var/scratch/adam/cassava-raw/cassavaleafdata/train/cmd/train-cmd-597.jpg,3
/var/scratch/adam/cassava-raw/cassavaleafdata/train/cgm/train-cgm-132.jpg,2
/var/scratch/adam/cassava-raw/cassavaleafdata/train/cgm/train-cgm-151.jpg,2
/var/scratch/adam/cassava-raw/cassavaleafdata/train/cmd/train-cmd-250.jpg,3
/var/scratch/adam/cassava-raw/cassavaleafdata/train/cmd/train-cmd-1086.jpg,3
/var/scratch/adam/cassava-raw/cassavaleafdata/train/cbsd/train-cbsd-95.jpg,1
/var/scratch/adam/cassava-raw/cassavaleafdata/train/cgm/train-cgm-689.jpg,2
/var/scratch/adam/cassava-raw/cassavaleafdata/train/cmd/train-cmd-696.jpg,3
/var/scratch/adam/cassava-raw/cassavaleafdata/train/cmd/train-cmd-529.jpg,3
/var/scratch/adam/cassava-raw/cassavaleafdata/train/cbsd/train-cbsd-1136.jpg,1
/var/scratch/adam/cassava-raw/cassavaleafdata/train/cgm/train-cgm-635.jpg,2
/var/scratch/adam/cassava-raw/cassavaleafdata/train/cmd/train-cmd-2400.jpg,3
/var/scratch/adam/cassava-raw/cassavaleafdata/train/cbb/train-cbb-345.jpg,0
/var/scratch/adam/cassava-raw/cassavaleafdata/train/cgm/train-cgm-320.jpg,2
/var/scratch/adam/cassava-raw/cassavaleafdata/train/cgm/train-cgm-36.jpg,2
/var/scratch/adam/cassava-raw/cassavaleafdata/train/cgm/train-cgm-372.jpg,2
/var/scratch/adam/cassava-raw/cassavaleafdata/train/cmd/train-cmd-1827.jpg,3
/var/scratch/adam/cassava-raw/cassavaleafdata/train/cbsd/train-cbsd-511.jpg,1
/var/scratch/adam/cassava-raw/cassavaleafdata/train/cbsd/train-cbsd-872.jpg,1
/var/scratch/adam/cassava-raw/cassavaleafdata/train/cbsd/train-cbsd-53.jpg,1
/var/scratch/adam/cassava-raw/cassavaleafdata/train/cbsd/train-cbsd-1361.jpg,1
/var/scratch/adam/cassava-raw/cassavaleafdata/train/cbsd/train-cbsd-506.jpg,1
/var/scratch/adam/cassava-raw/cassavaleafdata/train/cmd/train-cmd-1276.jpg,3
/var/scratch/adam/cassava-raw/cassavaleafdata/train/cbsd/train-cbsd-179.jpg,1
/var/scratch/adam/cassava-raw/cassavaleafdata/train/cbsd/train-cbsd-894.jpg,1
/var/scratch/adam/cassava-raw/cassavaleafdata/train/cgm/train-cgm-131.jpg,2
/var/scratch/adam/cassava-raw/cassavaleafdata/train/cmd/train-cmd-632.jpg,3
/var/scratch/adam/cassava-raw/cassavaleafdata/train/cgm/train-cgm-179.jpg,2
/var/scratch/adam/cassava-raw/cassavaleafdata/train/cgm/train-cgm-182.jpg,2
/var/scratch/adam/cassava-raw/cassavaleafdata/train/cmd/train-cmd-129.jpg,3
/var/scratch/adam/cassava-raw/cassavaleafdata/train/cmd/train-cmd-712.jpg,3
/var/scratch/adam/cassava-raw/cassavaleafdata/train/cmd/train-cmd-2364.jpg,3
/var/scratch/adam/cassava-raw/cassavaleafdata/train/cbb/train-cbb-447.jpg,0
/var/scratch/adam/cassava-raw/cassavaleafdata/train/cmd/train-cmd-797.jpg,3
/var/scratch/adam/cassava-raw/cassavaleafdata/train/cbb/train-cbb-136.jpg,0
/var/scratch/adam/cassava-raw/cassavaleafdata/train/cmd/train-cmd-152.jpg,3
/var/scratch/adam/cassava-raw/cassavaleafdata/train/cbsd/train-cbsd-279.jpg,1
/var/scratch/adam/cassava-raw/cassavaleafdata/train/cbsd/train-cbsd-1399.jpg,1
/var/scratch/adam/cassava-raw/cassavaleafdata/train/cmd/train-cmd-734.jpg,3
/var/scratch/adam/cassava-raw/cassavaleafdata/train/cmd/train-cmd-1593.jpg,3
/var/scratch/adam/cassava-raw/cassavaleafdata/train/cbsd/train-cbsd-857.jpg,1
/var/scratch/adam/cassava-raw/cassavaleafdata/train/cgm/train-cgm-10.jpg,2
/var/scratch/adam/cassava-raw/cassavaleafdata/train/cmd/train-cmd-279.jpg,3
/var/scratch/adam/cassava-raw/cassavaleafdata/train/cmd/train-cmd-324.jpg,3
/var/scratch/adam/cassava-raw/cassavaleafdata/train/cmd/train-cmd-497.jpg,3
/var/scratch/adam/cassava-raw/cassavaleafdata/train/cmd/train-cmd-1686.jpg,3
/var/scratch/adam/cassava-raw/cassavaleafdata/train/cbsd/train-cbsd-173.jpg,1
/var/scratch/adam/cassava-raw/cassavaleafdata/train/cbsd/train-cbsd-727.jpg,1
/var/scratch/adam/cassava-raw/cassavaleafdata/train/cgm/train-cgm-128.jpg,2
/var/scratch/adam/cassava-raw/cassavaleafdata/train/cbsd/train-cbsd-1149.jpg,1
/var/scratch/adam/cassava-raw/cassavaleafdata/train/cbsd/train-cbsd-615.jpg,1
/var/scratch/adam/cassava-raw/cassavaleafdata/train/cmd/train-cmd-1746.jpg,3
/var/scratch/adam/cassava-raw/cassavaleafdata/train/healthy/train-healthy-62.jpg,4
/var/scratch/adam/cassava-raw/cassavaleafdata/train/cbb/train-cbb-286.jpg,0
/var/scratch/adam/cassava-raw/cassavaleafdata/train/cbb/train-cbb-112.jpg,0
/var/scratch/adam/cassava-raw/cassavaleafdata/train/cmd/train-cmd-1350.jpg,3
/var/scratch/adam/cassava-raw/cassavaleafdata/train/cmd/train-cmd-2143.jpg,3
/var/scratch/adam/cassava-raw/cassavaleafdata/train/cgm/train-cgm-642.jpg,2
/var/scratch/adam/cassava-raw/cassavaleafdata/train/cbsd/train-cbsd-1040.jpg,1
/var/scratch/adam/cassava-raw/cassavaleafdata/train/cgm/train-cgm-723.jpg,2
/var/scratch/adam/cassava-raw/cassavaleafdata/train/cgm/train-cgm-305.jpg,2
/var/scratch/adam/cassava-raw/cassavaleafdata/train/cmd/train-cmd-1162.jpg,3
/var/scratch/adam/cassava-raw/cassavaleafdata/train/cbsd/train-cbsd-54.jpg,1
/var/scratch/adam/cassava-raw/cassavaleafdata/train/cmd/train-cmd-1471.jpg,3
/var/scratch/adam/cassava-raw/cassavaleafdata/train/cmd/train-cmd-1884.jpg,3
/var/scratch/adam/cassava-raw/cassavaleafdata/train/cmd/train-cmd-1864.jpg,3
/var/scratch/adam/cassava-raw/cassavaleafdata/train/cbb/train-cbb-419.jpg,0
/var/scratch/adam/cassava-raw/cassavaleafdata/train/cmd/train-cmd-228.jpg,3
/var/scratch/adam/cassava-raw/cassavaleafdata/train/cmd/train-cmd-1635.jpg,3
/var/scratch/adam/cassava-raw/cassavaleafdata/train/cmd/train-cmd-1869.jpg,3
/var/scratch/adam/cassava-raw/cassavaleafdata/train/healthy/train-healthy-134.jpg,4
/var/scratch/adam/cassava-raw/cassavaleafdata/train/cmd/train-cmd-2557.jpg,3
/var/scratch/adam/cassava-raw/cassavaleafdata/train/cmd/train-cmd-270.jpg,3
/var/scratch/adam/cassava-raw/cassavaleafdata/train/healthy/train-healthy-160.jpg,4
/var/scratch/adam/cassava-raw/cassavaleafdata/train/cmd/train-cmd-2187.jpg,3
/var/scratch/adam/cassava-raw/cassavaleafdata/train/cmd/train-cmd-1445.jpg,3
/var/scratch/adam/cassava-raw/cassavaleafdata/train/cbb/train-cbb-229.jpg,0
/var/scratch/adam/cassava-raw/cassavaleafdata/train/cbb/train-cbb-231.jpg,0
/var/scratch/adam/cassava-raw/cassavaleafdata/train/cmd/train-cmd-2043.jpg,3
/var/scratch/adam/cassava-raw/cassavaleafdata/train/cmd/train-cmd-268.jpg,3
/var/scratch/adam/cassava-raw/cassavaleafdata/train/cmd/train-cmd-1886.jpg,3
/var/scratch/adam/cassava-raw/cassavaleafdata/train/cgm/train-cgm-641.jpg,2
/var/scratch/adam/cassava-raw/cassavaleafdata/train/healthy/train-healthy-125.jpg,4
/var/scratch/adam/cassava-raw/cassavaleafdata/train/cbsd/train-cbsd-822.jpg,1
/var/scratch/adam/cassava-raw/cassavaleafdata/train/cmd/train-cmd-590.jpg,3
/var/scratch/adam/cassava-raw/cassavaleafdata/train/cmd/train-cmd-802.jpg,3
/var/scratch/adam/cassava-raw/cassavaleafdata/train/healthy/train-healthy-110.jpg,4
/var/scratch/adam/cassava-raw/cassavaleafdata/train/cgm/train-cgm-696.jpg,2
/var/scratch/adam/cassava-raw/cassavaleafdata/train/cmd/train-cmd-407.jpg,3
/var/scratch/adam/cassava-raw/cassavaleafdata/train/cbsd/train-cbsd-469.jpg,1
/var/scratch/adam/cassava-raw/cassavaleafdata/train/cmd/train-cmd-729.jpg,3
/var/scratch/adam/cassava-raw/cassavaleafdata/train/cgm/train-cgm-439.jpg,2
/var/scratch/adam/cassava-raw/cassavaleafdata/train/cmd/train-cmd-2209.jpg,3
/var/scratch/adam/cassava-raw/cassavaleafdata/train/cmd/train-cmd-1524.jpg,3
/var/scratch/adam/cassava-raw/cassavaleafdata/train/cmd/train-cmd-2636.jpg,3
/var/scratch/adam/cassava-raw/cassavaleafdata/train/cgm/train-cgm-657.jpg,2
/var/scratch/adam/cassava-raw/cassavaleafdata/train/healthy/train-healthy-158.jpg,4
/var/scratch/adam/cassava-raw/cassavaleafdata/train/cbb/train-cbb-291.jpg,0
/var/scratch/adam/cassava-raw/cassavaleafdata/train/cmd/train-cmd-918.jpg,3
/var/scratch/adam/cassava-raw/cassavaleafdata/train/cmd/train-cmd-352.jpg,3
/var/scratch/adam/cassava-raw/cassavaleafdata/train/cmd/train-cmd-2521.jpg,3
/var/scratch/adam/cassava-raw/cassavaleafdata/train/cbsd/train-cbsd-1020.jpg,1
/var/scratch/adam/cassava-raw/cassavaleafdata/train/cbsd/train-cbsd-989.jpg,1
/var/scratch/adam/cassava-raw/cassavaleafdata/train/cbsd/train-cbsd-1343.jpg,1
/var/scratch/adam/cassava-raw/cassavaleafdata/train/cbsd/train-cbsd-377.jpg,1
/var/scratch/adam/cassava-raw/cassavaleafdata/train/cbsd/train-cbsd-732.jpg,1
/var/scratch/adam/cassava-raw/cassavaleafdata/train/cmd/train-cmd-1885.jpg,3
/var/scratch/adam/cassava-raw/cassavaleafdata/train/cgm/train-cgm-749.jpg,2
/var/scratch/adam/cassava-raw/cassavaleafdata/train/cbsd/train-cbsd-851.jpg,1
/var/scratch/adam/cassava-raw/cassavaleafdata/train/cmd/train-cmd-1513.jpg,3
/var/scratch/adam/cassava-raw/cassavaleafdata/train/healthy/train-healthy-154.jpg,4
/var/scratch/adam/cassava-raw/cassavaleafdata/train/healthy/train-healthy-310.jpg,4
/var/scratch/adam/cassava-raw/cassavaleafdata/train/cbb/train-cbb-357.jpg,0
/var/scratch/adam/cassava-raw/cassavaleafdata/train/cbb/train-cbb-51.jpg,0
/var/scratch/adam/cassava-raw/cassavaleafdata/train/cmd/train-cmd-309.jpg,3
/var/scratch/adam/cassava-raw/cassavaleafdata/train/cmd/train-cmd-2276.jpg,3
/var/scratch/adam/cassava-raw/cassavaleafdata/train/healthy/train-healthy-188.jpg,4
/var/scratch/adam/cassava-raw/cassavaleafdata/train/cbsd/train-cbsd-401.jpg,1
/var/scratch/adam/cassava-raw/cassavaleafdata/train/cgm/train-cgm-504.jpg,2
/var/scratch/adam/cassava-raw/cassavaleafdata/train/cbsd/train-cbsd-1033.jpg,1
/var/scratch/adam/cassava-raw/cassavaleafdata/train/healthy/train-healthy-231.jpg,4
/var/scratch/adam/cassava-raw/cassavaleafdata/train/cmd/train-cmd-1411.jpg,3
/var/scratch/adam/cassava-raw/cassavaleafdata/train/cgm/train-cgm-241.jpg,2
/var/scratch/adam/cassava-raw/cassavaleafdata/train/cbsd/train-cbsd-1230.jpg,1
/var/scratch/adam/cassava-raw/cassavaleafdata/train/cgm/train-cgm-119.jpg,2
/var/scratch/adam/cassava-raw/cassavaleafdata/train/cbsd/train-cbsd-596.jpg,1
/var/scratch/adam/cassava-raw/cassavaleafdata/train/cmd/train-cmd-2170.jpg,3
/var/scratch/adam/cassava-raw/cassavaleafdata/train/cmd/train-cmd-184.jpg,3
/var/scratch/adam/cassava-raw/cassavaleafdata/train/cgm/train-cgm-455.jpg,2
/var/scratch/adam/cassava-raw/cassavaleafdata/train/cmd/train-cmd-2438.jpg,3
/var/scratch/adam/cassava-raw/cassavaleafdata/train/cbsd/train-cbsd-65.jpg,1
/var/scratch/adam/cassava-raw/cassavaleafdata/train/cgm/train-cgm-503.jpg,2
/var/scratch/adam/cassava-raw/cassavaleafdata/train/cmd/train-cmd-2075.jpg,3
/var/scratch/adam/cassava-raw/cassavaleafdata/train/cbb/train-cbb-195.jpg,0
/var/scratch/adam/cassava-raw/cassavaleafdata/train/cmd/train-cmd-314.jpg,3
/var/scratch/adam/cassava-raw/cassavaleafdata/train/cbsd/train-cbsd-961.jpg,1
/var/scratch/adam/cassava-raw/cassavaleafdata/train/healthy/train-healthy-87.jpg,4
/var/scratch/adam/cassava-raw/cassavaleafdata/train/cbsd/train-cbsd-383.jpg,1
/var/scratch/adam/cassava-raw/cassavaleafdata/train/cbb/train-cbb-133.jpg,0
/var/scratch/adam/cassava-raw/cassavaleafdata/train/cbsd/train-cbsd-343.jpg,1
/var/scratch/adam/cassava-raw/cassavaleafdata/train/cmd/train-cmd-644.jpg,3
/var/scratch/adam/cassava-raw/cassavaleafdata/train/cmd/train-cmd-822.jpg,3
/var/scratch/adam/cassava-raw/cassavaleafdata/train/healthy/train-healthy-114.jpg,4
/var/scratch/adam/cassava-raw/cassavaleafdata/train/cbsd/train-cbsd-757.jpg,1
/var/scratch/adam/cassava-raw/cassavaleafdata/train/cmd/train-cmd-1004.jpg,3
/var/scratch/adam/cassava-raw/cassavaleafdata/train/cgm/train-cgm-745.jpg,2
/var/scratch/adam/cassava-raw/cassavaleafdata/train/cbsd/train-cbsd-360.jpg,1
/var/scratch/adam/cassava-raw/cassavaleafdata/train/cmd/train-cmd-2357.jpg,3
/var/scratch/adam/cassava-raw/cassavaleafdata/train/cmd/train-cmd-1909.jpg,3
/var/scratch/adam/cassava-raw/cassavaleafdata/train/cmd/train-cmd-1420.jpg,3
/var/scratch/adam/cassava-raw/cassavaleafdata/train/cmd/train-cmd-537.jpg,3
/var/scratch/adam/cassava-raw/cassavaleafdata/train/cmd/train-cmd-2341.jpg,3
/var/scratch/adam/cassava-raw/cassavaleafdata/train/cbsd/train-cbsd-604.jpg,1
/var/scratch/adam/cassava-raw/cassavaleafdata/train/cmd/train-cmd-623.jpg,3
/var/scratch/adam/cassava-raw/cassavaleafdata/train/cbsd/train-cbsd-1403.jpg,1
/var/scratch/adam/cassava-raw/cassavaleafdata/train/healthy/train-healthy-58.jpg,4
/var/scratch/adam/cassava-raw/cassavaleafdata/train/cbb/train-cbb-274.jpg,0
/var/scratch/adam/cassava-raw/cassavaleafdata/train/cmd/train-cmd-2414.jpg,3
/var/scratch/adam/cassava-raw/cassavaleafdata/train/cbsd/train-cbsd-943.jpg,1
/var/scratch/adam/cassava-raw/cassavaleafdata/train/cmd/train-cmd-705.jpg,3
/var/scratch/adam/cassava-raw/cassavaleafdata/train/cmd/train-cmd-565.jpg,3
/var/scratch/adam/cassava-raw/cassavaleafdata/train/healthy/train-healthy-241.jpg,4
/var/scratch/adam/cassava-raw/cassavaleafdata/train/cmd/train-cmd-1142.jpg,3
/var/scratch/adam/cassava-raw/cassavaleafdata/train/cbb/train-cbb-219.jpg,0
/var/scratch/adam/cassava-raw/cassavaleafdata/train/cmd/train-cmd-54.jpg,3
/var/scratch/adam/cassava-raw/cassavaleafdata/train/cgm/train-cgm-56.jpg,2
/var/scratch/adam/cassava-raw/cassavaleafdata/train/cmd/train-cmd-1261.jpg,3
/var/scratch/adam/cassava-raw/cassavaleafdata/train/cbsd/train-cbsd-691.jpg,1
/var/scratch/adam/cassava-raw/cassavaleafdata/train/cbsd/train-cbsd-951.jpg,1
/var/scratch/adam/cassava-raw/cassavaleafdata/train/cbsd/train-cbsd-1224.jpg,1
/var/scratch/adam/cassava-raw/cassavaleafdata/train/cbb/train-cbb-205.jpg,0
/var/scratch/adam/cassava-raw/cassavaleafdata/train/cmd/train-cmd-1922.jpg,3
/var/scratch/adam/cassava-raw/cassavaleafdata/train/cmd/train-cmd-1979.jpg,3
/var/scratch/adam/cassava-raw/cassavaleafdata/train/cbsd/train-cbsd-83.jpg,1
/var/scratch/adam/cassava-raw/cassavaleafdata/train/cbsd/train-cbsd-240.jpg,1
/var/scratch/adam/cassava-raw/cassavaleafdata/train/cgm/train-cgm-500.jpg,2
/var/scratch/adam/cassava-raw/cassavaleafdata/train/cbsd/train-cbsd-181.jpg,1
/var/scratch/adam/cassava-raw/cassavaleafdata/train/cmd/train-cmd-2530.jpg,3
/var/scratch/adam/cassava-raw/cassavaleafdata/train/cmd/train-cmd-411.jpg,3
/var/scratch/adam/cassava-raw/cassavaleafdata/train/cmd/train-cmd-2459.jpg,3
/var/scratch/adam/cassava-raw/cassavaleafdata/train/cbsd/train-cbsd-835.jpg,1
/var/scratch/adam/cassava-raw/cassavaleafdata/train/cmd/train-cmd-2492.jpg,3
/var/scratch/adam/cassava-raw/cassavaleafdata/train/cmd/train-cmd-535.jpg,3
/var/scratch/adam/cassava-raw/cassavaleafdata/train/cmd/train-cmd-219.jpg,3
/var/scratch/adam/cassava-raw/cassavaleafdata/train/cmd/train-cmd-813.jpg,3
/var/scratch/adam/cassava-raw/cassavaleafdata/train/cbsd/train-cbsd-859.jpg,1
/var/scratch/adam/cassava-raw/cassavaleafdata/train/cmd/train-cmd-102.jpg,3
/var/scratch/adam/cassava-raw/cassavaleafdata/train/cgm/train-cgm-137.jpg,2
/var/scratch/adam/cassava-raw/cassavaleafdata/train/cmd/train-cmd-482.jpg,3
/var/scratch/adam/cassava-raw/cassavaleafdata/train/cgm/train-cgm-453.jpg,2
/var/scratch/adam/cassava-raw/cassavaleafdata/train/cmd/train-cmd-1163.jpg,3
/var/scratch/adam/cassava-raw/cassavaleafdata/train/cbsd/train-cbsd-461.jpg,1
/var/scratch/adam/cassava-raw/cassavaleafdata/train/cmd/train-cmd-2587.jpg,3
/var/scratch/adam/cassava-raw/cassavaleafdata/train/cmd/train-cmd-2268.jpg,3
/var/scratch/adam/cassava-raw/cassavaleafdata/train/healthy/train-healthy-161.jpg,4
/var/scratch/adam/cassava-raw/cassavaleafdata/train/cmd/train-cmd-833.jpg,3
/var/scratch/adam/cassava-raw/cassavaleafdata/train/healthy/train-healthy-76.jpg,4
/var/scratch/adam/cassava-raw/cassavaleafdata/train/cmd/train-cmd-1615.jpg,3
/var/scratch/adam/cassava-raw/cassavaleafdata/train/cbsd/train-cbsd-1169.jpg,1
/var/scratch/adam/cassava-raw/cassavaleafdata/train/cbsd/train-cbsd-632.jpg,1
/var/scratch/adam/cassava-raw/cassavaleafdata/train/cmd/train-cmd-1113.jpg,3
/var/scratch/adam/cassava-raw/cassavaleafdata/train/cmd/train-cmd-119.jpg,3
/var/scratch/adam/cassava-raw/cassavaleafdata/train/healthy/train-healthy-65.jpg,4
/var/scratch/adam/cassava-raw/cassavaleafdata/train/cbsd/train-cbsd-47.jpg,1
/var/scratch/adam/cassava-raw/cassavaleafdata/train/cbb/train-cbb-110.jpg,0
/var/scratch/adam/cassava-raw/cassavaleafdata/train/cbb/train-cbb-363.jpg,0
/var/scratch/adam/cassava-raw/cassavaleafdata/train/cmd/train-cmd-235.jpg,3
/var/scratch/adam/cassava-raw/cassavaleafdata/train/cmd/train-cmd-2354.jpg,3
/var/scratch/adam/cassava-raw/cassavaleafdata/train/cmd/train-cmd-2262.jpg,3
/var/scratch/adam/cassava-raw/cassavaleafdata/train/cgm/train-cgm-736.jpg,2
/var/scratch/adam/cassava-raw/cassavaleafdata/train/cmd/train-cmd-1887.jpg,3
/var/scratch/adam/cassava-raw/cassavaleafdata/train/cgm/train-cgm-589.jpg,2
/var/scratch/adam/cassava-raw/cassavaleafdata/train/cbsd/train-cbsd-528.jpg,1
/var/scratch/adam/cassava-raw/cassavaleafdata/train/cbb/train-cbb-288.jpg,0
/var/scratch/adam/cassava-raw/cassavaleafdata/train/cbsd/train-cbsd-1239.jpg,1
/var/scratch/adam/cassava-raw/cassavaleafdata/train/cmd/train-cmd-1425.jpg,3
/var/scratch/adam/cassava-raw/cassavaleafdata/train/cmd/train-cmd-744.jpg,3
/var/scratch/adam/cassava-raw/cassavaleafdata/train/cmd/train-cmd-2110.jpg,3
/var/scratch/adam/cassava-raw/cassavaleafdata/train/cbb/train-cbb-350.jpg,0
/var/scratch/adam/cassava-raw/cassavaleafdata/train/cbsd/train-cbsd-759.jpg,1
/var/scratch/adam/cassava-raw/cassavaleafdata/train/cmd/train-cmd-2100.jpg,3
/var/scratch/adam/cassava-raw/cassavaleafdata/train/cbsd/train-cbsd-806.jpg,1
/var/scratch/adam/cassava-raw/cassavaleafdata/train/cbsd/train-cbsd-1425.jpg,1
/var/scratch/adam/cassava-raw/cassavaleafdata/train/cbsd/train-cbsd-833.jpg,1
/var/scratch/adam/cassava-raw/cassavaleafdata/train/cmd/train-cmd-2383.jpg,3
/var/scratch/adam/cassava-raw/cassavaleafdata/train/cbsd/train-cbsd-677.jpg,1
/var/scratch/adam/cassava-raw/cassavaleafdata/train/cmd/train-cmd-1923.jpg,3
/var/scratch/adam/cassava-raw/cassavaleafdata/train/cbsd/train-cbsd-351.jpg,1
/var/scratch/adam/cassava-raw/cassavaleafdata/train/healthy/train-healthy-100.jpg,4
/var/scratch/adam/cassava-raw/cassavaleafdata/train/cgm/train-cgm-713.jpg,2
/var/scratch/adam/cassava-raw/cassavaleafdata/train/cbsd/train-cbsd-777.jpg,1
/var/scratch/adam/cassava-raw/cassavaleafdata/train/cmd/train-cmd-1386.jpg,3
/var/scratch/adam/cassava-raw/cassavaleafdata/train/cmd/train-cmd-951.jpg,3
/var/scratch/adam/cassava-raw/cassavaleafdata/train/cmd/train-cmd-344.jpg,3
/var/scratch/adam/cassava-raw/cassavaleafdata/train/cgm/train-cgm-397.jpg,2
/var/scratch/adam/cassava-raw/cassavaleafdata/train/cmd/train-cmd-368.jpg,3
/var/scratch/adam/cassava-raw/cassavaleafdata/train/cmd/train-cmd-496.jpg,3
/var/scratch/adam/cassava-raw/cassavaleafdata/train/cbsd/train-cbsd-533.jpg,1
/var/scratch/adam/cassava-raw/cassavaleafdata/train/cmd/train-cmd-725.jpg,3
/var/scratch/adam/cassava-raw/cassavaleafdata/train/cbsd/train-cbsd-48.jpg,1
/var/scratch/adam/cassava-raw/cassavaleafdata/train/cmd/train-cmd-1258.jpg,3
/var/scratch/adam/cassava-raw/cassavaleafdata/train/cbb/train-cbb-92.jpg,0
/var/scratch/adam/cassava-raw/cassavaleafdata/train/cbb/train-cbb-335.jpg,0
/var/scratch/adam/cassava-raw/cassavaleafdata/train/cbb/train-cbb-386.jpg,0
/var/scratch/adam/cassava-raw/cassavaleafdata/train/cgm/train-cgm-495.jpg,2
/var/scratch/adam/cassava-raw/cassavaleafdata/train/cbb/train-cbb-336.jpg,0
/var/scratch/adam/cassava-raw/cassavaleafdata/train/cbsd/train-cbsd-1022.jpg,1
/var/scratch/adam/cassava-raw/cassavaleafdata/train/cmd/train-cmd-2053.jpg,3
/var/scratch/adam/cassava-raw/cassavaleafdata/train/cmd/train-cmd-234.jpg,3
/var/scratch/adam/cassava-raw/cassavaleafdata/train/cmd/train-cmd-2474.jpg,3
/var/scratch/adam/cassava-raw/cassavaleafdata/train/cmd/train-cmd-2353.jpg,3
/var/scratch/adam/cassava-raw/cassavaleafdata/train/cmd/train-cmd-2236.jpg,3
/var/scratch/adam/cassava-raw/cassavaleafdata/train/cmd/train-cmd-1573.jpg,3
/var/scratch/adam/cassava-raw/cassavaleafdata/train/cmd/train-cmd-654.jpg,3
/var/scratch/adam/cassava-raw/cassavaleafdata/train/cbb/train-cbb-462.jpg,0
/var/scratch/adam/cassava-raw/cassavaleafdata/train/cgm/train-cgm-257.jpg,2
/var/scratch/adam/cassava-raw/cassavaleafdata/train/cbsd/train-cbsd-282.jpg,1
/var/scratch/adam/cassava-raw/cassavaleafdata/train/cmd/train-cmd-2016.jpg,3
/var/scratch/adam/cassava-raw/cassavaleafdata/train/cmd/train-cmd-973.jpg,3
/var/scratch/adam/cassava-raw/cassavaleafdata/train/cbsd/train-cbsd-928.jpg,1
/var/scratch/adam/cassava-raw/cassavaleafdata/train/cbb/train-cbb-86.jpg,0
/var/scratch/adam/cassava-raw/cassavaleafdata/train/cmd/train-cmd-675.jpg,3
/var/scratch/adam/cassava-raw/cassavaleafdata/train/cmd/train-cmd-200.jpg,3
/var/scratch/adam/cassava-raw/cassavaleafdata/train/cmd/train-cmd-1332.jpg,3
/var/scratch/adam/cassava-raw/cassavaleafdata/train/cbsd/train-cbsd-1019.jpg,1
/var/scratch/adam/cassava-raw/cassavaleafdata/train/cmd/train-cmd-1079.jpg,3
/var/scratch/adam/cassava-raw/cassavaleafdata/train/cmd/train-cmd-2323.jpg,3
/var/scratch/adam/cassava-raw/cassavaleafdata/train/healthy/train-healthy-162.jpg,4
/var/scratch/adam/cassava-raw/cassavaleafdata/train/cmd/train-cmd-2609.jpg,3
/var/scratch/adam/cassava-raw/cassavaleafdata/train/cmd/train-cmd-920.jpg,3
/var/scratch/adam/cassava-raw/cassavaleafdata/train/cmd/train-cmd-188.jpg,3
/var/scratch/adam/cassava-raw/cassavaleafdata/train/cbb/train-cbb-48.jpg,0
/var/scratch/adam/cassava-raw/cassavaleafdata/train/cgm/train-cgm-656.jpg,2
/var/scratch/adam/cassava-raw/cassavaleafdata/train/cgm/train-cgm-512.jpg,2
/var/scratch/adam/cassava-raw/cassavaleafdata/train/cgm/train-cgm-295.jpg,2
/var/scratch/adam/cassava-raw/cassavaleafdata/train/cbsd/train-cbsd-1298.jpg,1
/var/scratch/adam/cassava-raw/cassavaleafdata/train/cmd/train-cmd-1569.jpg,3
/var/scratch/adam/cassava-raw/cassavaleafdata/train/cbsd/train-cbsd-513.jpg,1
/var/scratch/adam/cassava-raw/cassavaleafdata/train/cbsd/train-cbsd-165.jpg,1
/var/scratch/adam/cassava-raw/cassavaleafdata/train/cbsd/train-cbsd-1164.jpg,1
/var/scratch/adam/cassava-raw/cassavaleafdata/train/cmd/train-cmd-41.jpg,3
/var/scratch/adam/cassava-raw/cassavaleafdata/train/cmd/train-cmd-108.jpg,3
/var/scratch/adam/cassava-raw/cassavaleafdata/train/cmd/train-cmd-1368.jpg,3
/var/scratch/adam/cassava-raw/cassavaleafdata/train/cbsd/train-cbsd-1200.jpg,1
/var/scratch/adam/cassava-raw/cassavaleafdata/train/cbsd/train-cbsd-1211.jpg,1
/var/scratch/adam/cassava-raw/cassavaleafdata/train/cmd/train-cmd-1880.jpg,3
/var/scratch/adam/cassava-raw/cassavaleafdata/train/cmd/train-cmd-1101.jpg,3
/var/scratch/adam/cassava-raw/cassavaleafdata/train/healthy/train-healthy-189.jpg,4
/var/scratch/adam/cassava-raw/cassavaleafdata/train/cbb/train-cbb-425.jpg,0
/var/scratch/adam/cassava-raw/cassavaleafdata/train/cbsd/train-cbsd-1321.jpg,1
/var/scratch/adam/cassava-raw/cassavaleafdata/train/cmd/train-cmd-1918.jpg,3
/var/scratch/adam/cassava-raw/cassavaleafdata/train/cmd/train-cmd-1987.jpg,3
/var/scratch/adam/cassava-raw/cassavaleafdata/train/cbb/train-cbb-242.jpg,0
/var/scratch/adam/cassava-raw/cassavaleafdata/train/cgm/train-cgm-768.jpg,2
/var/scratch/adam/cassava-raw/cassavaleafdata/train/cmd/train-cmd-1234.jpg,3
/var/scratch/adam/cassava-raw/cassavaleafdata/train/cbsd/train-cbsd-206.jpg,1
/var/scratch/adam/cassava-raw/cassavaleafdata/train/cmd/train-cmd-183.jpg,3
/var/scratch/adam/cassava-raw/cassavaleafdata/train/cmd/train-cmd-767.jpg,3
/var/scratch/adam/cassava-raw/cassavaleafdata/train/cmd/train-cmd-2449.jpg,3
/var/scratch/adam/cassava-raw/cassavaleafdata/train/cgm/train-cgm-71.jpg,2
/var/scratch/adam/cassava-raw/cassavaleafdata/train/cbb/train-cbb-368.jpg,0
/var/scratch/adam/cassava-raw/cassavaleafdata/train/cbsd/train-cbsd-694.jpg,1
/var/scratch/adam/cassava-raw/cassavaleafdata/train/cbsd/train-cbsd-322.jpg,1
/var/scratch/adam/cassava-raw/cassavaleafdata/train/cgm/train-cgm-202.jpg,2
/var/scratch/adam/cassava-raw/cassavaleafdata/train/cgm/train-cgm-423.jpg,2
/var/scratch/adam/cassava-raw/cassavaleafdata/train/healthy/train-healthy-267.jpg,4
/var/scratch/adam/cassava-raw/cassavaleafdata/train/cbsd/train-cbsd-1279.jpg,1
/var/scratch/adam/cassava-raw/cassavaleafdata/train/cmd/train-cmd-2067.jpg,3
/var/scratch/adam/cassava-raw/cassavaleafdata/train/cbsd/train-cbsd-629.jpg,1
/var/scratch/adam/cassava-raw/cassavaleafdata/train/cmd/train-cmd-1463.jpg,3
/var/scratch/adam/cassava-raw/cassavaleafdata/train/cbb/train-cbb-140.jpg,0
/var/scratch/adam/cassava-raw/cassavaleafdata/train/cbsd/train-cbsd-921.jpg,1
/var/scratch/adam/cassava-raw/cassavaleafdata/train/cmd/train-cmd-687.jpg,3
/var/scratch/adam/cassava-raw/cassavaleafdata/train/cbsd/train-cbsd-571.jpg,1
/var/scratch/adam/cassava-raw/cassavaleafdata/train/cbsd/train-cbsd-579.jpg,1
/var/scratch/adam/cassava-raw/cassavaleafdata/train/cbsd/train-cbsd-794.jpg,1
/var/scratch/adam/cassava-raw/cassavaleafdata/train/cmd/train-cmd-2022.jpg,3
/var/scratch/adam/cassava-raw/cassavaleafdata/train/cgm/train-cgm-143.jpg,2
/var/scratch/adam/cassava-raw/cassavaleafdata/train/cbsd/train-cbsd-693.jpg,1
/var/scratch/adam/cassava-raw/cassavaleafdata/train/cgm/train-cgm-506.jpg,2
/var/scratch/adam/cassava-raw/cassavaleafdata/train/cbsd/train-cbsd-671.jpg,1
/var/scratch/adam/cassava-raw/cassavaleafdata/train/cmd/train-cmd-1816.jpg,3
/var/scratch/adam/cassava-raw/cassavaleafdata/train/cmd/train-cmd-2021.jpg,3
/var/scratch/adam/cassava-raw/cassavaleafdata/train/cmd/train-cmd-2543.jpg,3
/var/scratch/adam/cassava-raw/cassavaleafdata/train/cgm/train-cgm-475.jpg,2
/var/scratch/adam/cassava-raw/cassavaleafdata/train/cbsd/train-cbsd-115.jpg,1
/var/scratch/adam/cassava-raw/cassavaleafdata/train/cmd/train-cmd-88.jpg,3
/var/scratch/adam/cassava-raw/cassavaleafdata/train/cbsd/train-cbsd-560.jpg,1
/var/scratch/adam/cassava-raw/cassavaleafdata/train/cbsd/train-cbsd-450.jpg,1
/var/scratch/adam/cassava-raw/cassavaleafdata/train/cmd/train-cmd-179.jpg,3
/var/scratch/adam/cassava-raw/cassavaleafdata/train/cbsd/train-cbsd-1099.jpg,1
/var/scratch/adam/cassava-raw/cassavaleafdata/train/cgm/train-cgm-569.jpg,2
/var/scratch/adam/cassava-raw/cassavaleafdata/train/cmd/train-cmd-421.jpg,3
/var/scratch/adam/cassava-raw/cassavaleafdata/train/cmd/train-cmd-345.jpg,3
/var/scratch/adam/cassava-raw/cassavaleafdata/train/cmd/train-cmd-2613.jpg,3
/var/scratch/adam/cassava-raw/cassavaleafdata/train/cmd/train-cmd-1418.jpg,3
/var/scratch/adam/cassava-raw/cassavaleafdata/train/cmd/train-cmd-2229.jpg,3
/var/scratch/adam/cassava-raw/cassavaleafdata/train/cbsd/train-cbsd-1357.jpg,1
/var/scratch/adam/cassava-raw/cassavaleafdata/train/cbsd/train-cbsd-422.jpg,1
/var/scratch/adam/cassava-raw/cassavaleafdata/train/cbsd/train-cbsd-1055.jpg,1
/var/scratch/adam/cassava-raw/cassavaleafdata/train/cmd/train-cmd-2561.jpg,3
/var/scratch/adam/cassava-raw/cassavaleafdata/train/cgm/train-cgm-700.jpg,2
/var/scratch/adam/cassava-raw/cassavaleafdata/train/cbsd/train-cbsd-1375.jpg,1
/var/scratch/adam/cassava-raw/cassavaleafdata/train/cgm/train-cgm-157.jpg,2
/var/scratch/adam/cassava-raw/cassavaleafdata/train/cbsd/train-cbsd-590.jpg,1
/var/scratch/adam/cassava-raw/cassavaleafdata/train/cbb/train-cbb-270.jpg,0
/var/scratch/adam/cassava-raw/cassavaleafdata/train/cgm/train-cgm-94.jpg,2
/var/scratch/adam/cassava-raw/cassavaleafdata/train/healthy/train-healthy-308.jpg,4
/var/scratch/adam/cassava-raw/cassavaleafdata/train/cbsd/train-cbsd-395.jpg,1
/var/scratch/adam/cassava-raw/cassavaleafdata/train/cbsd/train-cbsd-512.jpg,1
/var/scratch/adam/cassava-raw/cassavaleafdata/train/cbsd/train-cbsd-73.jpg,1
/var/scratch/adam/cassava-raw/cassavaleafdata/train/cmd/train-cmd-1286.jpg,3
/var/scratch/adam/cassava-raw/cassavaleafdata/train/cmd/train-cmd-925.jpg,3
/var/scratch/adam/cassava-raw/cassavaleafdata/train/healthy/train-healthy-262.jpg,4
/var/scratch/adam/cassava-raw/cassavaleafdata/train/cmd/train-cmd-981.jpg,3
/var/scratch/adam/cassava-raw/cassavaleafdata/train/cgm/train-cgm-675.jpg,2
/var/scratch/adam/cassava-raw/cassavaleafdata/train/cgm/train-cgm-159.jpg,2
/var/scratch/adam/cassava-raw/cassavaleafdata/train/cmd/train-cmd-1699.jpg,3
/var/scratch/adam/cassava-raw/cassavaleafdata/train/cbb/train-cbb-240.jpg,0
/var/scratch/adam/cassava-raw/cassavaleafdata/train/cbsd/train-cbsd-587.jpg,1
/var/scratch/adam/cassava-raw/cassavaleafdata/train/cmd/train-cmd-1091.jpg,3
/var/scratch/adam/cassava-raw/cassavaleafdata/train/cmd/train-cmd-2511.jpg,3
/var/scratch/adam/cassava-raw/cassavaleafdata/train/cbsd/train-cbsd-1315.jpg,1
/var/scratch/adam/cassava-raw/cassavaleafdata/train/cbsd/train-cbsd-1076.jpg,1
/var/scratch/adam/cassava-raw/cassavaleafdata/train/cgm/train-cgm-391.jpg,2
/var/scratch/adam/cassava-raw/cassavaleafdata/train/cgm/train-cgm-5.jpg,2
/var/scratch/adam/cassava-raw/cassavaleafdata/train/cmd/train-cmd-1250.jpg,3
/var/scratch/adam/cassava-raw/cassavaleafdata/train/cmd/train-cmd-1556.jpg,3
/var/scratch/adam/cassava-raw/cassavaleafdata/train/healthy/train-healthy-99.jpg,4
/var/scratch/adam/cassava-raw/cassavaleafdata/train/cmd/train-cmd-1660.jpg,3
/var/scratch/adam/cassava-raw/cassavaleafdata/train/cbb/train-cbb-392.jpg,0
/var/scratch/adam/cassava-raw/cassavaleafdata/train/cmd/train-cmd-1681.jpg,3
/var/scratch/adam/cassava-raw/cassavaleafdata/train/cmd/train-cmd-1773.jpg,3
/var/scratch/adam/cassava-raw/cassavaleafdata/train/healthy/train-healthy-292.jpg,4
/var/scratch/adam/cassava-raw/cassavaleafdata/train/cbsd/train-cbsd-77.jpg,1
/var/scratch/adam/cassava-raw/cassavaleafdata/train/cgm/train-cgm-466.jpg,2
/var/scratch/adam/cassava-raw/cassavaleafdata/train/cgm/train-cgm-100.jpg,2
/var/scratch/adam/cassava-raw/cassavaleafdata/train/cmd/train-cmd-2066.jpg,3
/var/scratch/adam/cassava-raw/cassavaleafdata/train/cbb/train-cbb-295.jpg,0
/var/scratch/adam/cassava-raw/cassavaleafdata/train/cbsd/train-cbsd-686.jpg,1
/var/scratch/adam/cassava-raw/cassavaleafdata/train/cbsd/train-cbsd-151.jpg,1
/var/scratch/adam/cassava-raw/cassavaleafdata/train/cbb/train-cbb-204.jpg,0
/var/scratch/adam/cassava-raw/cassavaleafdata/train/cmd/train-cmd-153.jpg,3
/var/scratch/adam/cassava-raw/cassavaleafdata/train/cbsd/train-cbsd-1266.jpg,1
/var/scratch/adam/cassava-raw/cassavaleafdata/train/cbsd/train-cbsd-1161.jpg,1
/var/scratch/adam/cassava-raw/cassavaleafdata/train/cgm/train-cgm-457.jpg,2
/var/scratch/adam/cassava-raw/cassavaleafdata/train/cgm/train-cgm-730.jpg,2
/var/scratch/adam/cassava-raw/cassavaleafdata/train/cgm/train-cgm-365.jpg,2
/var/scratch/adam/cassava-raw/cassavaleafdata/train/cmd/train-cmd-1873.jpg,3
/var/scratch/adam/cassava-raw/cassavaleafdata/train/cmd/train-cmd-1715.jpg,3
/var/scratch/adam/cassava-raw/cassavaleafdata/train/cbsd/train-cbsd-260.jpg,1
/var/scratch/adam/cassava-raw/cassavaleafdata/train/cgm/train-cgm-698.jpg,2
/var/scratch/adam/cassava-raw/cassavaleafdata/train/cmd/train-cmd-2128.jpg,3
/var/scratch/adam/cassava-raw/cassavaleafdata/train/cbb/train-cbb-53.jpg,0
/var/scratch/adam/cassava-raw/cassavaleafdata/train/cbsd/train-cbsd-1175.jpg,1
/var/scratch/adam/cassava-raw/cassavaleafdata/train/cmd/train-cmd-2263.jpg,3
/var/scratch/adam/cassava-raw/cassavaleafdata/train/cbb/train-cbb-214.jpg,0
/var/scratch/adam/cassava-raw/cassavaleafdata/train/cbsd/train-cbsd-373.jpg,1
/var/scratch/adam/cassava-raw/cassavaleafdata/train/cmd/train-cmd-2396.jpg,3
/var/scratch/adam/cassava-raw/cassavaleafdata/train/cmd/train-cmd-1804.jpg,3
/var/scratch/adam/cassava-raw/cassavaleafdata/train/cmd/train-cmd-392.jpg,3
/var/scratch/adam/cassava-raw/cassavaleafdata/train/cmd/train-cmd-2468.jpg,3
/var/scratch/adam/cassava-raw/cassavaleafdata/train/cbb/train-cbb-420.jpg,0
/var/scratch/adam/cassava-raw/cassavaleafdata/train/cmd/train-cmd-1309.jpg,3
/var/scratch/adam/cassava-raw/cassavaleafdata/train/cmd/train-cmd-1812.jpg,3
/var/scratch/adam/cassava-raw/cassavaleafdata/train/cmd/train-cmd-236.jpg,3
/var/scratch/adam/cassava-raw/cassavaleafdata/train/healthy/train-healthy-178.jpg,4
/var/scratch/adam/cassava-raw/cassavaleafdata/train/cbsd/train-cbsd-1277.jpg,1
/var/scratch/adam/cassava-raw/cassavaleafdata/train/cbsd/train-cbsd-1060.jpg,1
/var/scratch/adam/cassava-raw/cassavaleafdata/train/cmd/train-cmd-820.jpg,3
/var/scratch/adam/cassava-raw/cassavaleafdata/train/cmd/train-cmd-1672.jpg,3
/var/scratch/adam/cassava-raw/cassavaleafdata/train/cbsd/train-cbsd-848.jpg,1
/var/scratch/adam/cassava-raw/cassavaleafdata/train/cbb/train-cbb-169.jpg,0
/var/scratch/adam/cassava-raw/cassavaleafdata/train/cbsd/train-cbsd-458.jpg,1
/var/scratch/adam/cassava-raw/cassavaleafdata/train/healthy/train-healthy-18.jpg,4
/var/scratch/adam/cassava-raw/cassavaleafdata/train/cmd/train-cmd-340.jpg,3
/var/scratch/adam/cassava-raw/cassavaleafdata/train/cmd/train-cmd-2481.jpg,3
/var/scratch/adam/cassava-raw/cassavaleafdata/train/cmd/train-cmd-1149.jpg,3
/var/scratch/adam/cassava-raw/cassavaleafdata/train/cmd/train-cmd-2544.jpg,3
/var/scratch/adam/cassava-raw/cassavaleafdata/train/cbb/train-cbb-163.jpg,0
/var/scratch/adam/cassava-raw/cassavaleafdata/train/cbb/train-cbb-446.jpg,0
/var/scratch/adam/cassava-raw/cassavaleafdata/train/cbsd/train-cbsd-1419.jpg,1
/var/scratch/adam/cassava-raw/cassavaleafdata/train/cmd/train-cmd-993.jpg,3
/var/scratch/adam/cassava-raw/cassavaleafdata/train/cbsd/train-cbsd-5.jpg,1
/var/scratch/adam/cassava-raw/cassavaleafdata/train/cbb/train-cbb-10.jpg,0
/var/scratch/adam/cassava-raw/cassavaleafdata/train/cmd/train-cmd-1637.jpg,3
/var/scratch/adam/cassava-raw/cassavaleafdata/train/cbsd/train-cbsd-821.jpg,1
/var/scratch/adam/cassava-raw/cassavaleafdata/train/cmd/train-cmd-1415.jpg,3
/var/scratch/adam/cassava-raw/cassavaleafdata/train/cmd/train-cmd-2389.jpg,3
/var/scratch/adam/cassava-raw/cassavaleafdata/train/healthy/train-healthy-159.jpg,4
/var/scratch/adam/cassava-raw/cassavaleafdata/train/cmd/train-cmd-1336.jpg,3
/var/scratch/adam/cassava-raw/cassavaleafdata/train/cbsd/train-cbsd-885.jpg,1
/var/scratch/adam/cassava-raw/cassavaleafdata/train/cmd/train-cmd-1919.jpg,3
/var/scratch/adam/cassava-raw/cassavaleafdata/train/cmd/train-cmd-305.jpg,3
/var/scratch/adam/cassava-raw/cassavaleafdata/train/cmd/train-cmd-22.jpg,3
/var/scratch/adam/cassava-raw/cassavaleafdata/train/healthy/train-healthy-220.jpg,4
/var/scratch/adam/cassava-raw/cassavaleafdata/train/cbsd/train-cbsd-16.jpg,1
/var/scratch/adam/cassava-raw/cassavaleafdata/train/cgm/train-cgm-494.jpg,2
/var/scratch/adam/cassava-raw/cassavaleafdata/train/cmd/train-cmd-2392.jpg,3
/var/scratch/adam/cassava-raw/cassavaleafdata/train/cgm/train-cgm-300.jpg,2
/var/scratch/adam/cassava-raw/cassavaleafdata/train/cbsd/train-cbsd-743.jpg,1
/var/scratch/adam/cassava-raw/cassavaleafdata/train/cmd/train-cmd-710.jpg,3
/var/scratch/adam/cassava-raw/cassavaleafdata/train/cbb/train-cbb-379.jpg,0
/var/scratch/adam/cassava-raw/cassavaleafdata/train/cmd/train-cmd-622.jpg,3
/var/scratch/adam/cassava-raw/cassavaleafdata/train/cmd/train-cmd-414.jpg,3
/var/scratch/adam/cassava-raw/cassavaleafdata/train/cgm/train-cgm-95.jpg,2
/var/scratch/adam/cassava-raw/cassavaleafdata/train/cbsd/train-cbsd-1122.jpg,1
/var/scratch/adam/cassava-raw/cassavaleafdata/train/cmd/train-cmd-2469.jpg,3
/var/scratch/adam/cassava-raw/cassavaleafdata/train/cmd/train-cmd-741.jpg,3
/var/scratch/adam/cassava-raw/cassavaleafdata/train/cbsd/train-cbsd-613.jpg,1
/var/scratch/adam/cassava-raw/cassavaleafdata/train/cmd/train-cmd-919.jpg,3
/var/scratch/adam/cassava-raw/cassavaleafdata/train/cmd/train-cmd-2423.jpg,3
/var/scratch/adam/cassava-raw/cassavaleafdata/train/cmd/train-cmd-189.jpg,3
/var/scratch/adam/cassava-raw/cassavaleafdata/train/cmd/train-cmd-34.jpg,3
/var/scratch/adam/cassava-raw/cassavaleafdata/train/cbb/train-cbb-12.jpg,0
/var/scratch/adam/cassava-raw/cassavaleafdata/train/cbsd/train-cbsd-156.jpg,1
/var/scratch/adam/cassava-raw/cassavaleafdata/train/cmd/train-cmd-38.jpg,3
/var/scratch/adam/cassava-raw/cassavaleafdata/train/cbsd/train-cbsd-913.jpg,1
/var/scratch/adam/cassava-raw/cassavaleafdata/train/cmd/train-cmd-460.jpg,3
/var/scratch/adam/cassava-raw/cassavaleafdata/train/cgm/train-cgm-187.jpg,2
/var/scratch/adam/cassava-raw/cassavaleafdata/train/cmd/train-cmd-1561.jpg,3
/var/scratch/adam/cassava-raw/cassavaleafdata/train/cmd/train-cmd-1691.jpg,3
/var/scratch/adam/cassava-raw/cassavaleafdata/train/cbsd/train-cbsd-987.jpg,1
/var/scratch/adam/cassava-raw/cassavaleafdata/train/cmd/train-cmd-1209.jpg,3
/var/scratch/adam/cassava-raw/cassavaleafdata/train/cbsd/train-cbsd-178.jpg,1
/var/scratch/adam/cassava-raw/cassavaleafdata/train/cbsd/train-cbsd-1391.jpg,1
/var/scratch/adam/cassava-raw/cassavaleafdata/train/cmd/train-cmd-1014.jpg,3
/var/scratch/adam/cassava-raw/cassavaleafdata/train/cmd/train-cmd-1246.jpg,3
/var/scratch/adam/cassava-raw/cassavaleafdata/train/cgm/train-cgm-567.jpg,2
/var/scratch/adam/cassava-raw/cassavaleafdata/train/cgm/train-cgm-408.jpg,2
/var/scratch/adam/cassava-raw/cassavaleafdata/train/cmd/train-cmd-1851.jpg,3
/var/scratch/adam/cassava-raw/cassavaleafdata/train/cgm/train-cgm-399.jpg,2
/var/scratch/adam/cassava-raw/cassavaleafdata/train/cbsd/train-cbsd-270.jpg,1
/var/scratch/adam/cassava-raw/cassavaleafdata/train/cbsd/train-cbsd-476.jpg,1
/var/scratch/adam/cassava-raw/cassavaleafdata/train/cgm/train-cgm-293.jpg,2
/var/scratch/adam/cassava-raw/cassavaleafdata/train/cbb/train-cbb-44.jpg,0
/var/scratch/adam/cassava-raw/cassavaleafdata/train/cmd/train-cmd-165.jpg,3
/var/scratch/adam/cassava-raw/cassavaleafdata/train/cmd/train-cmd-2060.jpg,3
/var/scratch/adam/cassava-raw/cassavaleafdata/train/cmd/train-cmd-1328.jpg,3
/var/scratch/adam/cassava-raw/cassavaleafdata/train/cmd/train-cmd-2283.jpg,3
/var/scratch/adam/cassava-raw/cassavaleafdata/train/cbsd/train-cbsd-423.jpg,1
/var/scratch/adam/cassava-raw/cassavaleafdata/train/cbsd/train-cbsd-1382.jpg,1
/var/scratch/adam/cassava-raw/cassavaleafdata/train/cbsd/train-cbsd-1248.jpg,1
/var/scratch/adam/cassava-raw/cassavaleafdata/train/cmd/train-cmd-2472.jpg,3
/var/scratch/adam/cassava-raw/cassavaleafdata/train/healthy/train-healthy-70.jpg,4
/var/scratch/adam/cassava-raw/cassavaleafdata/train/cmd/train-cmd-1188.jpg,3
/var/scratch/adam/cassava-raw/cassavaleafdata/train/cmd/train-cmd-2391.jpg,3
/var/scratch/adam/cassava-raw/cassavaleafdata/train/healthy/train-healthy-174.jpg,4
/var/scratch/adam/cassava-raw/cassavaleafdata/train/cmd/train-cmd-1157.jpg,3
/var/scratch/adam/cassava-raw/cassavaleafdata/train/cbb/train-cbb-450.jpg,0
/var/scratch/adam/cassava-raw/cassavaleafdata/train/cmd/train-cmd-600.jpg,3
/var/scratch/adam/cassava-raw/cassavaleafdata/train/cmd/train-cmd-2074.jpg,3
/var/scratch/adam/cassava-raw/cassavaleafdata/train/cgm/train-cgm-30.jpg,2
/var/scratch/adam/cassava-raw/cassavaleafdata/train/cbsd/train-cbsd-1207.jpg,1
/var/scratch/adam/cassava-raw/cassavaleafdata/train/cbsd/train-cbsd-915.jpg,1
/var/scratch/adam/cassava-raw/cassavaleafdata/train/cbb/train-cbb-0.jpg,0
/var/scratch/adam/cassava-raw/cassavaleafdata/train/cmd/train-cmd-2169.jpg,3
/var/scratch/adam/cassava-raw/cassavaleafdata/train/cmd/train-cmd-2349.jpg,3
/var/scratch/adam/cassava-raw/cassavaleafdata/train/cbb/train-cbb-215.jpg,0
/var/scratch/adam/cassava-raw/cassavaleafdata/train/cmd/train-cmd-2611.jpg,3
/var/scratch/adam/cassava-raw/cassavaleafdata/train/cbsd/train-cbsd-933.jpg,1
/var/scratch/adam/cassava-raw/cassavaleafdata/train/cbsd/train-cbsd-1421.jpg,1
/var/scratch/adam/cassava-raw/cassavaleafdata/train/cbsd/train-cbsd-45.jpg,1
/var/scratch/adam/cassava-raw/cassavaleafdata/train/cmd/train-cmd-642.jpg,3
/var/scratch/adam/cassava-raw/cassavaleafdata/train/cmd/train-cmd-1748.jpg,3
/var/scratch/adam/cassava-raw/cassavaleafdata/train/cmd/train-cmd-95.jpg,3
/var/scratch/adam/cassava-raw/cassavaleafdata/train/cmd/train-cmd-909.jpg,3
/var/scratch/adam/cassava-raw/cassavaleafdata/train/cmd/train-cmd-1575.jpg,3
/var/scratch/adam/cassava-raw/cassavaleafdata/train/cmd/train-cmd-173.jpg,3
/var/scratch/adam/cassava-raw/cassavaleafdata/train/cmd/train-cmd-1793.jpg,3
/var/scratch/adam/cassava-raw/cassavaleafdata/train/cmd/train-cmd-375.jpg,3
/var/scratch/adam/cassava-raw/cassavaleafdata/train/cmd/train-cmd-61.jpg,3
/var/scratch/adam/cassava-raw/cassavaleafdata/train/cbsd/train-cbsd-413.jpg,1
/var/scratch/adam/cassava-raw/cassavaleafdata/train/cbsd/train-cbsd-695.jpg,1
/var/scratch/adam/cassava-raw/cassavaleafdata/train/cgm/train-cgm-29.jpg,2
/var/scratch/adam/cassava-raw/cassavaleafdata/train/cmd/train-cmd-207.jpg,3
/var/scratch/adam/cassava-raw/cassavaleafdata/train/healthy/train-healthy-104.jpg,4
/var/scratch/adam/cassava-raw/cassavaleafdata/train/cbb/train-cbb-153.jpg,0
/var/scratch/adam/cassava-raw/cassavaleafdata/train/cgm/train-cgm-213.jpg,2
/var/scratch/adam/cassava-raw/cassavaleafdata/train/cmd/train-cmd-1375.jpg,3
/var/scratch/adam/cassava-raw/cassavaleafdata/train/cmd/train-cmd-1983.jpg,3
/var/scratch/adam/cassava-raw/cassavaleafdata/train/cmd/train-cmd-1073.jpg,3
/var/scratch/adam/cassava-raw/cassavaleafdata/train/cmd/train-cmd-134.jpg,3
/var/scratch/adam/cassava-raw/cassavaleafdata/train/cbsd/train-cbsd-127.jpg,1
/var/scratch/adam/cassava-raw/cassavaleafdata/train/cmd/train-cmd-2607.jpg,3
/var/scratch/adam/cassava-raw/cassavaleafdata/train/cbsd/train-cbsd-1305.jpg,1
/var/scratch/adam/cassava-raw/cassavaleafdata/train/cmd/train-cmd-2207.jpg,3
/var/scratch/adam/cassava-raw/cassavaleafdata/train/cgm/train-cgm-528.jpg,2
/var/scratch/adam/cassava-raw/cassavaleafdata/train/cmd/train-cmd-2047.jpg,3
/var/scratch/adam/cassava-raw/cassavaleafdata/train/cmd/train-cmd-1703.jpg,3
/var/scratch/adam/cassava-raw/cassavaleafdata/train/healthy/train-healthy-88.jpg,4
/var/scratch/adam/cassava-raw/cassavaleafdata/train/cbsd/train-cbsd-380.jpg,1
/var/scratch/adam/cassava-raw/cassavaleafdata/train/cmd/train-cmd-785.jpg,3
/var/scratch/adam/cassava-raw/cassavaleafdata/train/cmd/train-cmd-1215.jpg,3
/var/scratch/adam/cassava-raw/cassavaleafdata/train/cbsd/train-cbsd-1360.jpg,1
/var/scratch/adam/cassava-raw/cassavaleafdata/train/cbsd/train-cbsd-379.jpg,1
/var/scratch/adam/cassava-raw/cassavaleafdata/train/cgm/train-cgm-437.jpg,2
/var/scratch/adam/cassava-raw/cassavaleafdata/train/cbsd/train-cbsd-369.jpg,1
/var/scratch/adam/cassava-raw/cassavaleafdata/train/cmd/train-cmd-1392.jpg,3
/var/scratch/adam/cassava-raw/cassavaleafdata/train/cbsd/train-cbsd-1084.jpg,1
/var/scratch/adam/cassava-raw/cassavaleafdata/train/cmd/train-cmd-2409.jpg,3
/var/scratch/adam/cassava-raw/cassavaleafdata/train/cbsd/train-cbsd-522.jpg,1
/var/scratch/adam/cassava-raw/cassavaleafdata/train/cmd/train-cmd-2248.jpg,3
/var/scratch/adam/cassava-raw/cassavaleafdata/train/cgm/train-cgm-673.jpg,2
/var/scratch/adam/cassava-raw/cassavaleafdata/train/cbb/train-cbb-154.jpg,0
/var/scratch/adam/cassava-raw/cassavaleafdata/train/cbsd/train-cbsd-1143.jpg,1
/var/scratch/adam/cassava-raw/cassavaleafdata/train/healthy/train-healthy-118.jpg,4
/var/scratch/adam/cassava-raw/cassavaleafdata/train/cgm/train-cgm-443.jpg,2
/var/scratch/adam/cassava-raw/cassavaleafdata/train/cmd/train-cmd-2039.jpg,3
/var/scratch/adam/cassava-raw/cassavaleafdata/train/healthy/train-healthy-105.jpg,4
/var/scratch/adam/cassava-raw/cassavaleafdata/train/cbsd/train-cbsd-771.jpg,1
/var/scratch/adam/cassava-raw/cassavaleafdata/train/cmd/train-cmd-1419.jpg,3
/var/scratch/adam/cassava-raw/cassavaleafdata/train/cbb/train-cbb-267.jpg,0
/var/scratch/adam/cassava-raw/cassavaleafdata/train/cmd/train-cmd-939.jpg,3
/var/scratch/adam/cassava-raw/cassavaleafdata/train/cmd/train-cmd-1296.jpg,3
/var/scratch/adam/cassava-raw/cassavaleafdata/train/cmd/train-cmd-931.jpg,3
/var/scratch/adam/cassava-raw/cassavaleafdata/train/cbsd/train-cbsd-638.jpg,1
/var/scratch/adam/cassava-raw/cassavaleafdata/train/cbsd/train-cbsd-855.jpg,1
/var/scratch/adam/cassava-raw/cassavaleafdata/train/cbsd/train-cbsd-837.jpg,1
/var/scratch/adam/cassava-raw/cassavaleafdata/train/cmd/train-cmd-1815.jpg,3
/var/scratch/adam/cassava-raw/cassavaleafdata/train/cmd/train-cmd-761.jpg,3
/var/scratch/adam/cassava-raw/cassavaleafdata/train/cmd/train-cmd-1723.jpg,3
/var/scratch/adam/cassava-raw/cassavaleafdata/train/cbsd/train-cbsd-1245.jpg,1
/var/scratch/adam/cassava-raw/cassavaleafdata/train/cmd/train-cmd-1072.jpg,3
/var/scratch/adam/cassava-raw/cassavaleafdata/train/healthy/train-healthy-3.jpg,4
/var/scratch/adam/cassava-raw/cassavaleafdata/train/cmd/train-cmd-850.jpg,3
/var/scratch/adam/cassava-raw/cassavaleafdata/train/cbsd/train-cbsd-697.jpg,1
/var/scratch/adam/cassava-raw/cassavaleafdata/train/cgm/train-cgm-522.jpg,2
/var/scratch/adam/cassava-raw/cassavaleafdata/train/cbsd/train-cbsd-1163.jpg,1
/var/scratch/adam/cassava-raw/cassavaleafdata/train/cmd/train-cmd-742.jpg,3
/var/scratch/adam/cassava-raw/cassavaleafdata/train/cmd/train-cmd-905.jpg,3
/var/scratch/adam/cassava-raw/cassavaleafdata/train/cmd/train-cmd-161.jpg,3
/var/scratch/adam/cassava-raw/cassavaleafdata/train/cbsd/train-cbsd-31.jpg,1
/var/scratch/adam/cassava-raw/cassavaleafdata/train/cmd/train-cmd-1185.jpg,3
/var/scratch/adam/cassava-raw/cassavaleafdata/train/cmd/train-cmd-1422.jpg,3
/var/scratch/adam/cassava-raw/cassavaleafdata/train/cmd/train-cmd-275.jpg,3
/var/scratch/adam/cassava-raw/cassavaleafdata/train/cmd/train-cmd-2412.jpg,3
/var/scratch/adam/cassava-raw/cassavaleafdata/train/cmd/train-cmd-445.jpg,3
/var/scratch/adam/cassava-raw/cassavaleafdata/train/cgm/train-cgm-48.jpg,2
/var/scratch/adam/cassava-raw/cassavaleafdata/train/cmd/train-cmd-2598.jpg,3
/var/scratch/adam/cassava-raw/cassavaleafdata/train/cmd/train-cmd-2130.jpg,3
/var/scratch/adam/cassava-raw/cassavaleafdata/train/cbsd/train-cbsd-645.jpg,1
/var/scratch/adam/cassava-raw/cassavaleafdata/train/cgm/train-cgm-97.jpg,2
/var/scratch/adam/cassava-raw/cassavaleafdata/train/cbsd/train-cbsd-114.jpg,1
/var/scratch/adam/cassava-raw/cassavaleafdata/train/cmd/train-cmd-549.jpg,3
/var/scratch/adam/cassava-raw/cassavaleafdata/train/cgm/train-cgm-620.jpg,2
/var/scratch/adam/cassava-raw/cassavaleafdata/train/cbsd/train-cbsd-1082.jpg,1
/var/scratch/adam/cassava-raw/cassavaleafdata/train/cmd/train-cmd-1360.jpg,3
/var/scratch/adam/cassava-raw/cassavaleafdata/train/cmd/train-cmd-1612.jpg,3
/var/scratch/adam/cassava-raw/cassavaleafdata/train/cbsd/train-cbsd-189.jpg,1
/var/scratch/adam/cassava-raw/cassavaleafdata/train/cmd/train-cmd-517.jpg,3
/var/scratch/adam/cassava-raw/cassavaleafdata/train/cmd/train-cmd-1800.jpg,3
/var/scratch/adam/cassava-raw/cassavaleafdata/train/cgm/train-cgm-573.jpg,2
/var/scratch/adam/cassava-raw/cassavaleafdata/train/cbb/train-cbb-107.jpg,0
/var/scratch/adam/cassava-raw/cassavaleafdata/train/cmd/train-cmd-2192.jpg,3
/var/scratch/adam/cassava-raw/cassavaleafdata/train/cbsd/train-cbsd-1156.jpg,1
/var/scratch/adam/cassava-raw/cassavaleafdata/train/cmd/train-cmd-1078.jpg,3
/var/scratch/adam/cassava-raw/cassavaleafdata/train/cbb/train-cbb-260.jpg,0
/var/scratch/adam/cassava-raw/cassavaleafdata/train/cmd/train-cmd-747.jpg,3
/var/scratch/adam/cassava-raw/cassavaleafdata/train/cbb/train-cbb-285.jpg,0
/var/scratch/adam/cassava-raw/cassavaleafdata/train/cmd/train-cmd-1335.jpg,3
/var/scratch/adam/cassava-raw/cassavaleafdata/train/cmd/train-cmd-2296.jpg,3
/var/scratch/adam/cassava-raw/cassavaleafdata/train/cgm/train-cgm-47.jpg,2
/var/scratch/adam/cassava-raw/cassavaleafdata/train/cmd/train-cmd-199.jpg,3
/var/scratch/adam/cassava-raw/cassavaleafdata/train/cbb/train-cbb-7.jpg,0
/var/scratch/adam/cassava-raw/cassavaleafdata/train/cmd/train-cmd-1671.jpg,3
/var/scratch/adam/cassava-raw/cassavaleafdata/train/cmd/train-cmd-1356.jpg,3
/var/scratch/adam/cassava-raw/cassavaleafdata/train/cgm/train-cgm-260.jpg,2
/var/scratch/adam/cassava-raw/cassavaleafdata/train/cbsd/train-cbsd-699.jpg,1
/var/scratch/adam/cassava-raw/cassavaleafdata/train/cgm/train-cgm-180.jpg,2
/var/scratch/adam/cassava-raw/cassavaleafdata/train/healthy/train-healthy-14.jpg,4
/var/scratch/adam/cassava-raw/cassavaleafdata/train/cbsd/train-cbsd-1289.jpg,1
/var/scratch/adam/cassava-raw/cassavaleafdata/train/cmd/train-cmd-795.jpg,3
/var/scratch/adam/cassava-raw/cassavaleafdata/train/cmd/train-cmd-1870.jpg,3
/var/scratch/adam/cassava-raw/cassavaleafdata/train/cbsd/train-cbsd-1024.jpg,1
/var/scratch/adam/cassava-raw/cassavaleafdata/train/cmd/train-cmd-2574.jpg,3
/var/scratch/adam/cassava-raw/cassavaleafdata/train/cmd/train-cmd-246.jpg,3
/var/scratch/adam/cassava-raw/cassavaleafdata/train/cbsd/train-cbsd-294.jpg,1
/var/scratch/adam/cassava-raw/cassavaleafdata/train/cmd/train-cmd-1022.jpg,3
/var/scratch/adam/cassava-raw/cassavaleafdata/train/cmd/train-cmd-2327.jpg,3
/var/scratch/adam/cassava-raw/cassavaleafdata/train/cmd/train-cmd-1453.jpg,3
/var/scratch/adam/cassava-raw/cassavaleafdata/train/cmd/train-cmd-1206.jpg,3
/var/scratch/adam/cassava-raw/cassavaleafdata/train/cbsd/train-cbsd-1070.jpg,1
/var/scratch/adam/cassava-raw/cassavaleafdata/train/cbsd/train-cbsd-899.jpg,1
/var/scratch/adam/cassava-raw/cassavaleafdata/train/cmd/train-cmd-1985.jpg,3
/var/scratch/adam/cassava-raw/cassavaleafdata/train/cgm/train-cgm-177.jpg,2
/var/scratch/adam/cassava-raw/cassavaleafdata/train/cmd/train-cmd-1175.jpg,3
/var/scratch/adam/cassava-raw/cassavaleafdata/train/cbsd/train-cbsd-607.jpg,1
/var/scratch/adam/cassava-raw/cassavaleafdata/train/healthy/train-healthy-31.jpg,4
/var/scratch/adam/cassava-raw/cassavaleafdata/train/cmd/train-cmd-1474.jpg,3
/var/scratch/adam/cassava-raw/cassavaleafdata/train/cbsd/train-cbsd-1342.jpg,1
/var/scratch/adam/cassava-raw/cassavaleafdata/train/cmd/train-cmd-2287.jpg,3
/var/scratch/adam/cassava-raw/cassavaleafdata/train/healthy/train-healthy-95.jpg,4
/var/scratch/adam/cassava-raw/cassavaleafdata/train/cmd/train-cmd-2008.jpg,3
/var/scratch/adam/cassava-raw/cassavaleafdata/train/cmd/train-cmd-2090.jpg,3
/var/scratch/adam/cassava-raw/cassavaleafdata/train/cmd/train-cmd-1617.jpg,3
/var/scratch/adam/cassava-raw/cassavaleafdata/train/cmd/train-cmd-2168.jpg,3
/var/scratch/adam/cassava-raw/cassavaleafdata/train/cbsd/train-cbsd-504.jpg,1
/var/scratch/adam/cassava-raw/cassavaleafdata/train/cgm/train-cgm-629.jpg,2
/var/scratch/adam/cassava-raw/cassavaleafdata/train/cgm/train-cgm-425.jpg,2
/var/scratch/adam/cassava-raw/cassavaleafdata/train/cgm/train-cgm-8.jpg,2
/var/scratch/adam/cassava-raw/cassavaleafdata/train/cbsd/train-cbsd-1139.jpg,1
/var/scratch/adam/cassava-raw/cassavaleafdata/train/cgm/train-cgm-387.jpg,2
/var/scratch/adam/cassava-raw/cassavaleafdata/train/cmd/train-cmd-2007.jpg,3
/var/scratch/adam/cassava-raw/cassavaleafdata/train/cmd/train-cmd-1521.jpg,3
/var/scratch/adam/cassava-raw/cassavaleafdata/train/cmd/train-cmd-254.jpg,3
/var/scratch/adam/cassava-raw/cassavaleafdata/train/cbsd/train-cbsd-354.jpg,1
/var/scratch/adam/cassava-raw/cassavaleafdata/train/cmd/train-cmd-122.jpg,3
/var/scratch/adam/cassava-raw/cassavaleafdata/train/cmd/train-cmd-685.jpg,3
/var/scratch/adam/cassava-raw/cassavaleafdata/train/healthy/train-healthy-265.jpg,4
/var/scratch/adam/cassava-raw/cassavaleafdata/train/cgm/train-cgm-418.jpg,2
/var/scratch/adam/cassava-raw/cassavaleafdata/train/cmd/train-cmd-838.jpg,3
/var/scratch/adam/cassava-raw/cassavaleafdata/train/cmd/train-cmd-1315.jpg,3
/var/scratch/adam/cassava-raw/cassavaleafdata/train/cbb/train-cbb-358.jpg,0
/var/scratch/adam/cassava-raw/cassavaleafdata/train/cmd/train-cmd-1394.jpg,3
/var/scratch/adam/cassava-raw/cassavaleafdata/train/cmd/train-cmd-799.jpg,3
/var/scratch/adam/cassava-raw/cassavaleafdata/train/cbsd/train-cbsd-747.jpg,1
/var/scratch/adam/cassava-raw/cassavaleafdata/train/cmd/train-cmd-372.jpg,3
/var/scratch/adam/cassava-raw/cassavaleafdata/train/cmd/train-cmd-2621.jpg,3
/var/scratch/adam/cassava-raw/cassavaleafdata/train/cbsd/train-cbsd-1287.jpg,1
/var/scratch/adam/cassava-raw/cassavaleafdata/train/cmd/train-cmd-960.jpg,3
/var/scratch/adam/cassava-raw/cassavaleafdata/train/healthy/train-healthy-67.jpg,4
/var/scratch/adam/cassava-raw/cassavaleafdata/train/cbb/train-cbb-189.jpg,0
/var/scratch/adam/cassava-raw/cassavaleafdata/train/cgm/train-cgm-40.jpg,2
/var/scratch/adam/cassava-raw/cassavaleafdata/train/cmd/train-cmd-214.jpg,3
/var/scratch/adam/cassava-raw/cassavaleafdata/train/cmd/train-cmd-1493.jpg,3
/var/scratch/adam/cassava-raw/cassavaleafdata/train/cmd/train-cmd-2056.jpg,3
/var/scratch/adam/cassava-raw/cassavaleafdata/train/cmd/train-cmd-1893.jpg,3
/var/scratch/adam/cassava-raw/cassavaleafdata/train/cbsd/train-cbsd-21.jpg,1
/var/scratch/adam/cassava-raw/cassavaleafdata/train/cmd/train-cmd-2628.jpg,3
/var/scratch/adam/cassava-raw/cassavaleafdata/train/cmd/train-cmd-540.jpg,3
/var/scratch/adam/cassava-raw/cassavaleafdata/train/cgm/train-cgm-39.jpg,2
/var/scratch/adam/cassava-raw/cassavaleafdata/train/cbsd/train-cbsd-568.jpg,1
/var/scratch/adam/cassava-raw/cassavaleafdata/train/cmd/train-cmd-160.jpg,3
/var/scratch/adam/cassava-raw/cassavaleafdata/train/cmd/train-cmd-2281.jpg,3
/var/scratch/adam/cassava-raw/cassavaleafdata/train/cgm/train-cgm-355.jpg,2
/var/scratch/adam/cassava-raw/cassavaleafdata/train/cmd/train-cmd-638.jpg,3
/var/scratch/adam/cassava-raw/cassavaleafdata/train/cmd/train-cmd-2258.jpg,3
/var/scratch/adam/cassava-raw/cassavaleafdata/train/cbsd/train-cbsd-365.jpg,1
/var/scratch/adam/cassava-raw/cassavaleafdata/train/cbsd/train-cbsd-1114.jpg,1
/var/scratch/adam/cassava-raw/cassavaleafdata/train/cgm/train-cgm-587.jpg,2
/var/scratch/adam/cassava-raw/cassavaleafdata/train/cbsd/train-cbsd-1259.jpg,1
/var/scratch/adam/cassava-raw/cassavaleafdata/train/cmd/train-cmd-1017.jpg,3
/var/scratch/adam/cassava-raw/cassavaleafdata/train/cmd/train-cmd-851.jpg,3
/var/scratch/adam/cassava-raw/cassavaleafdata/train/cmd/train-cmd-1273.jpg,3
/var/scratch/adam/cassava-raw/cassavaleafdata/train/cgm/train-cgm-685.jpg,2
/var/scratch/adam/cassava-raw/cassavaleafdata/train/cbsd/train-cbsd-184.jpg,1
/var/scratch/adam/cassava-raw/cassavaleafdata/train/cbsd/train-cbsd-370.jpg,1
/var/scratch/adam/cassava-raw/cassavaleafdata/train/cgm/train-cgm-674.jpg,2
/var/scratch/adam/cassava-raw/cassavaleafdata/train/cmd/train-cmd-2435.jpg,3
/var/scratch/adam/cassava-raw/cassavaleafdata/train/cmd/train-cmd-581.jpg,3
/var/scratch/adam/cassava-raw/cassavaleafdata/train/cbsd/train-cbsd-664.jpg,1
/var/scratch/adam/cassava-raw/cassavaleafdata/train/cmd/train-cmd-114.jpg,3
/var/scratch/adam/cassava-raw/cassavaleafdata/train/cmd/train-cmd-2027.jpg,3
/var/scratch/adam/cassava-raw/cassavaleafdata/train/cmd/train-cmd-1875.jpg,3
/var/scratch/adam/cassava-raw/cassavaleafdata/train/cbsd/train-cbsd-1353.jpg,1
/var/scratch/adam/cassava-raw/cassavaleafdata/train/cbsd/train-cbsd-963.jpg,1
/var/scratch/adam/cassava-raw/cassavaleafdata/train/cmd/train-cmd-1161.jpg,3
/var/scratch/adam/cassava-raw/cassavaleafdata/train/cmd/train-cmd-1318.jpg,3
/var/scratch/adam/cassava-raw/cassavaleafdata/train/cmd/train-cmd-1460.jpg,3
/var/scratch/adam/cassava-raw/cassavaleafdata/train/cmd/train-cmd-1259.jpg,3
/var/scratch/adam/cassava-raw/cassavaleafdata/train/cgm/train-cgm-602.jpg,2
/var/scratch/adam/cassava-raw/cassavaleafdata/train/cbsd/train-cbsd-1392.jpg,1
/var/scratch/adam/cassava-raw/cassavaleafdata/train/cbsd/train-cbsd-1256.jpg,1
/var/scratch/adam/cassava-raw/cassavaleafdata/train/cmd/train-cmd-1599.jpg,3
/var/scratch/adam/cassava-raw/cassavaleafdata/train/cmd/train-cmd-538.jpg,3
/var/scratch/adam/cassava-raw/cassavaleafdata/train/cbb/train-cbb-302.jpg,0
/var/scratch/adam/cassava-raw/cassavaleafdata/train/cbsd/train-cbsd-411.jpg,1
/var/scratch/adam/cassava-raw/cassavaleafdata/train/cbb/train-cbb-330.jpg,0
/var/scratch/adam/cassava-raw/cassavaleafdata/train/cmd/train-cmd-257.jpg,3
/var/scratch/adam/cassava-raw/cassavaleafdata/train/cmd/train-cmd-1492.jpg,3
/var/scratch/adam/cassava-raw/cassavaleafdata/train/cmd/train-cmd-111.jpg,3
/var/scratch/adam/cassava-raw/cassavaleafdata/train/cgm/train-cgm-379.jpg,2
/var/scratch/adam/cassava-raw/cassavaleafdata/train/cbsd/train-cbsd-1056.jpg,1
/var/scratch/adam/cassava-raw/cassavaleafdata/train/cmd/train-cmd-2293.jpg,3
/var/scratch/adam/cassava-raw/cassavaleafdata/train/cgm/train-cgm-142.jpg,2
/var/scratch/adam/cassava-raw/cassavaleafdata/train/cmd/train-cmd-458.jpg,3
/var/scratch/adam/cassava-raw/cassavaleafdata/train/cgm/train-cgm-756.jpg,2
/var/scratch/adam/cassava-raw/cassavaleafdata/train/cgm/train-cgm-539.jpg,2
/var/scratch/adam/cassava-raw/cassavaleafdata/train/cbsd/train-cbsd-1319.jpg,1
/var/scratch/adam/cassava-raw/cassavaleafdata/train/cgm/train-cgm-450.jpg,2
/var/scratch/adam/cassava-raw/cassavaleafdata/train/cmd/train-cmd-545.jpg,3
/var/scratch/adam/cassava-raw/cassavaleafdata/train/cmd/train-cmd-1941.jpg,3
/var/scratch/adam/cassava-raw/cassavaleafdata/train/cgm/train-cgm-683.jpg,2
/var/scratch/adam/cassava-raw/cassavaleafdata/train/healthy/train-healthy-48.jpg,4
/var/scratch/adam/cassava-raw/cassavaleafdata/train/cbsd/train-cbsd-296.jpg,1
/var/scratch/adam/cassava-raw/cassavaleafdata/train/cgm/train-cgm-765.jpg,2
/var/scratch/adam/cassava-raw/cassavaleafdata/train/cmd/train-cmd-963.jpg,3
/var/scratch/adam/cassava-raw/cassavaleafdata/train/cbsd/train-cbsd-58.jpg,1
/var/scratch/adam/cassava-raw/cassavaleafdata/train/cmd/train-cmd-1634.jpg,3
/var/scratch/adam/cassava-raw/cassavaleafdata/train/cbsd/train-cbsd-977.jpg,1
/var/scratch/adam/cassava-raw/cassavaleafdata/train/cbsd/train-cbsd-219.jpg,1
/var/scratch/adam/cassava-raw/cassavaleafdata/train/cbsd/train-cbsd-1369.jpg,1
/var/scratch/adam/cassava-raw/cassavaleafdata/train/cmd/train-cmd-178.jpg,3
/var/scratch/adam/cassava-raw/cassavaleafdata/train/cmd/train-cmd-521.jpg,3
/var/scratch/adam/cassava-raw/cassavaleafdata/train/cmd/train-cmd-1035.jpg,3
/var/scratch/adam/cassava-raw/cassavaleafdata/train/cbsd/train-cbsd-1038.jpg,1
/var/scratch/adam/cassava-raw/cassavaleafdata/train/cbsd/train-cbsd-876.jpg,1
/var/scratch/adam/cassava-raw/cassavaleafdata/train/cbsd/train-cbsd-780.jpg,1
/var/scratch/adam/cassava-raw/cassavaleafdata/train/cgm/train-cgm-18.jpg,2
/var/scratch/adam/cassava-raw/cassavaleafdata/train/cmd/train-cmd-2115.jpg,3
/var/scratch/adam/cassava-raw/cassavaleafdata/train/cbsd/train-cbsd-1238.jpg,1
/var/scratch/adam/cassava-raw/cassavaleafdata/train/cgm/train-cgm-719.jpg,2
/var/scratch/adam/cassava-raw/cassavaleafdata/train/cbb/train-cbb-22.jpg,0
/var/scratch/adam/cassava-raw/cassavaleafdata/train/cbsd/train-cbsd-462.jpg,1
/var/scratch/adam/cassava-raw/cassavaleafdata/train/cbsd/train-cbsd-1322.jpg,1
/var/scratch/adam/cassava-raw/cassavaleafdata/train/cbsd/train-cbsd-431.jpg,1
/var/scratch/adam/cassava-raw/cassavaleafdata/train/cmd/train-cmd-524.jpg,3
/var/scratch/adam/cassava-raw/cassavaleafdata/train/cmd/train-cmd-2199.jpg,3
/var/scratch/adam/cassava-raw/cassavaleafdata/train/cmd/train-cmd-36.jpg,3
/var/scratch/adam/cassava-raw/cassavaleafdata/train/cbsd/train-cbsd-909.jpg,1
/var/scratch/adam/cassava-raw/cassavaleafdata/train/cbsd/train-cbsd-829.jpg,1
/var/scratch/adam/cassava-raw/cassavaleafdata/train/cgm/train-cgm-149.jpg,2
/var/scratch/adam/cassava-raw/cassavaleafdata/train/cbsd/train-cbsd-1005.jpg,1
/var/scratch/adam/cassava-raw/cassavaleafdata/train/cbsd/train-cbsd-498.jpg,1
/var/scratch/adam/cassava-raw/cassavaleafdata/train/cbsd/train-cbsd-1271.jpg,1
/var/scratch/adam/cassava-raw/cassavaleafdata/train/cmd/train-cmd-1472.jpg,3
/var/scratch/adam/cassava-raw/cassavaleafdata/train/cmd/train-cmd-435.jpg,3
/var/scratch/adam/cassava-raw/cassavaleafdata/train/cmd/train-cmd-2433.jpg,3
/var/scratch/adam/cassava-raw/cassavaleafdata/train/cmd/train-cmd-2270.jpg,3
/var/scratch/adam/cassava-raw/cassavaleafdata/train/cmd/train-cmd-1810.jpg,3
/var/scratch/adam/cassava-raw/cassavaleafdata/train/cbsd/train-cbsd-1309.jpg,1
/var/scratch/adam/cassava-raw/cassavaleafdata/train/cmd/train-cmd-1124.jpg,3
/var/scratch/adam/cassava-raw/cassavaleafdata/train/cgm/train-cgm-772.jpg,2
/var/scratch/adam/cassava-raw/cassavaleafdata/train/cbsd/train-cbsd-239.jpg,1
/var/scratch/adam/cassava-raw/cassavaleafdata/train/cbsd/train-cbsd-64.jpg,1
/var/scratch/adam/cassava-raw/cassavaleafdata/train/healthy/train-healthy-305.jpg,4
/var/scratch/adam/cassava-raw/cassavaleafdata/train/cbb/train-cbb-29.jpg,0
/var/scratch/adam/cassava-raw/cassavaleafdata/train/cmd/train-cmd-331.jpg,3
/var/scratch/adam/cassava-raw/cassavaleafdata/train/cmd/train-cmd-408.jpg,3
/var/scratch/adam/cassava-raw/cassavaleafdata/train/cmd/train-cmd-1514.jpg,3
/var/scratch/adam/cassava-raw/cassavaleafdata/train/cmd/train-cmd-213.jpg,3
/var/scratch/adam/cassava-raw/cassavaleafdata/train/cmd/train-cmd-2269.jpg,3
/var/scratch/adam/cassava-raw/cassavaleafdata/train/cgm/train-cgm-380.jpg,2
/var/scratch/adam/cassava-raw/cassavaleafdata/train/cmd/train-cmd-556.jpg,3
/var/scratch/adam/cassava-raw/cassavaleafdata/train/cbsd/train-cbsd-893.jpg,1
/var/scratch/adam/cassava-raw/cassavaleafdata/train/cbsd/train-cbsd-1226.jpg,1
/var/scratch/adam/cassava-raw/cassavaleafdata/train/cmd/train-cmd-2076.jpg,3
/var/scratch/adam/cassava-raw/cassavaleafdata/train/cbsd/train-cbsd-57.jpg,1
/var/scratch/adam/cassava-raw/cassavaleafdata/train/cmd/train-cmd-484.jpg,3
/var/scratch/adam/cassava-raw/cassavaleafdata/train/cbsd/train-cbsd-710.jpg,1
/var/scratch/adam/cassava-raw/cassavaleafdata/train/cmd/train-cmd-479.jpg,3
/var/scratch/adam/cassava-raw/cassavaleafdata/train/healthy/train-healthy-138.jpg,4
/var/scratch/adam/cassava-raw/cassavaleafdata/train/cmd/train-cmd-318.jpg,3
/var/scratch/adam/cassava-raw/cassavaleafdata/train/cbsd/train-cbsd-129.jpg,1
/var/scratch/adam/cassava-raw/cassavaleafdata/train/cbsd/train-cbsd-530.jpg,1
/var/scratch/adam/cassava-raw/cassavaleafdata/train/cmd/train-cmd-2618.jpg,3
/var/scratch/adam/cassava-raw/cassavaleafdata/train/cbsd/train-cbsd-42.jpg,1
/var/scratch/adam/cassava-raw/cassavaleafdata/train/cmd/train-cmd-1818.jpg,3
/var/scratch/adam/cassava-raw/cassavaleafdata/train/cmd/train-cmd-716.jpg,3
/var/scratch/adam/cassava-raw/cassavaleafdata/train/cmd/train-cmd-783.jpg,3
/var/scratch/adam/cassava-raw/cassavaleafdata/train/cgm/train-cgm-173.jpg,2
/var/scratch/adam/cassava-raw/cassavaleafdata/train/cmd/train-cmd-1926.jpg,3
/var/scratch/adam/cassava-raw/cassavaleafdata/train/cmd/train-cmd-735.jpg,3
/var/scratch/adam/cassava-raw/cassavaleafdata/train/cbb/train-cbb-393.jpg,0
/var/scratch/adam/cassava-raw/cassavaleafdata/train/healthy/train-healthy-251.jpg,4
/var/scratch/adam/cassava-raw/cassavaleafdata/train/cbsd/train-cbsd-1179.jpg,1
/var/scratch/adam/cassava-raw/cassavaleafdata/train/cbsd/train-cbsd-592.jpg,1
/var/scratch/adam/cassava-raw/cassavaleafdata/train/cbsd/train-cbsd-238.jpg,1
/var/scratch/adam/cassava-raw/cassavaleafdata/train/cbb/train-cbb-191.jpg,0
/var/scratch/adam/cassava-raw/cassavaleafdata/train/healthy/train-healthy-4.jpg,4
/var/scratch/adam/cassava-raw/cassavaleafdata/train/cgm/train-cgm-712.jpg,2
/var/scratch/adam/cassava-raw/cassavaleafdata/train/cmd/train-cmd-27.jpg,3
/var/scratch/adam/cassava-raw/cassavaleafdata/train/cgm/train-cgm-224.jpg,2
/var/scratch/adam/cassava-raw/cassavaleafdata/train/cmd/train-cmd-74.jpg,3
/var/scratch/adam/cassava-raw/cassavaleafdata/train/cmd/train-cmd-652.jpg,3
/var/scratch/adam/cassava-raw/cassavaleafdata/train/cgm/train-cgm-1.jpg,2
/var/scratch/adam/cassava-raw/cassavaleafdata/train/healthy/train-healthy-129.jpg,4
/var/scratch/adam/cassava-raw/cassavaleafdata/train/cmd/train-cmd-507.jpg,3
/var/scratch/adam/cassava-raw/cassavaleafdata/train/cbb/train-cbb-275.jpg,0
/var/scratch/adam/cassava-raw/cassavaleafdata/train/cbsd/train-cbsd-41.jpg,1
/var/scratch/adam/cassava-raw/cassavaleafdata/train/cmd/train-cmd-2220.jpg,3
/var/scratch/adam/cassava-raw/cassavaleafdata/train/cmd/train-cmd-1894.jpg,3
/var/scratch/adam/cassava-raw/cassavaleafdata/train/cmd/train-cmd-884.jpg,3
/var/scratch/adam/cassava-raw/cassavaleafdata/train/cbsd/train-cbsd-1414.jpg,1
/var/scratch/adam/cassava-raw/cassavaleafdata/train/cgm/train-cgm-275.jpg,2
/var/scratch/adam/cassava-raw/cassavaleafdata/train/cbsd/train-cbsd-292.jpg,1
/var/scratch/adam/cassava-raw/cassavaleafdata/train/healthy/train-healthy-59.jpg,4
/var/scratch/adam/cassava-raw/cassavaleafdata/train/cmd/train-cmd-1396.jpg,3
/var/scratch/adam/cassava-raw/cassavaleafdata/train/cmd/train-cmd-1030.jpg,3
/var/scratch/adam/cassava-raw/cassavaleafdata/train/cmd/train-cmd-1936.jpg,3
/var/scratch/adam/cassava-raw/cassavaleafdata/train/cmd/train-cmd-1782.jpg,3
/var/scratch/adam/cassava-raw/cassavaleafdata/train/cmd/train-cmd-2092.jpg,3
/var/scratch/adam/cassava-raw/cassavaleafdata/train/cmd/train-cmd-977.jpg,3
/var/scratch/adam/cassava-raw/cassavaleafdata/train/cmd/train-cmd-83.jpg,3
/var/scratch/adam/cassava-raw/cassavaleafdata/train/cgm/train-cgm-346.jpg,2
/var/scratch/adam/cassava-raw/cassavaleafdata/train/cbb/train-cbb-82.jpg,0
/var/scratch/adam/cassava-raw/cassavaleafdata/train/healthy/train-healthy-283.jpg,4
/var/scratch/adam/cassava-raw/cassavaleafdata/train/cbsd/train-cbsd-999.jpg,1
/var/scratch/adam/cassava-raw/cassavaleafdata/train/cmd/train-cmd-1881.jpg,3
/var/scratch/adam/cassava-raw/cassavaleafdata/train/healthy/train-healthy-291.jpg,4
/var/scratch/adam/cassava-raw/cassavaleafdata/train/healthy/train-healthy-43.jpg,4
/var/scratch/adam/cassava-raw/cassavaleafdata/train/cbsd/train-cbsd-27.jpg,1
/var/scratch/adam/cassava-raw/cassavaleafdata/train/cmd/train-cmd-824.jpg,3
/var/scratch/adam/cassava-raw/cassavaleafdata/train/cbb/train-cbb-3.jpg,0
/var/scratch/adam/cassava-raw/cassavaleafdata/train/cmd/train-cmd-928.jpg,3
/var/scratch/adam/cassava-raw/cassavaleafdata/train/cbsd/train-cbsd-839.jpg,1
/var/scratch/adam/cassava-raw/cassavaleafdata/train/cbb/train-cbb-77.jpg,0
/var/scratch/adam/cassava-raw/cassavaleafdata/train/cbsd/train-cbsd-611.jpg,1
/var/scratch/adam/cassava-raw/cassavaleafdata/train/cbsd/train-cbsd-496.jpg,1
/var/scratch/adam/cassava-raw/cassavaleafdata/train/cmd/train-cmd-380.jpg,3
/var/scratch/adam/cassava-raw/cassavaleafdata/train/cmd/train-cmd-1152.jpg,3
/var/scratch/adam/cassava-raw/cassavaleafdata/train/cbsd/train-cbsd-1268.jpg,1
/var/scratch/adam/cassava-raw/cassavaleafdata/train/cgm/train-cgm-264.jpg,2
/var/scratch/adam/cassava-raw/cassavaleafdata/train/cmd/train-cmd-651.jpg,3
/var/scratch/adam/cassava-raw/cassavaleafdata/train/cgm/train-cgm-435.jpg,2
/var/scratch/adam/cassava-raw/cassavaleafdata/train/cmd/train-cmd-550.jpg,3
/var/scratch/adam/cassava-raw/cassavaleafdata/train/cgm/train-cgm-406.jpg,2
/var/scratch/adam/cassava-raw/cassavaleafdata/train/cbsd/train-cbsd-390.jpg,1
/var/scratch/adam/cassava-raw/cassavaleafdata/train/cmd/train-cmd-608.jpg,3
/var/scratch/adam/cassava-raw/cassavaleafdata/train/healthy/train-healthy-312.jpg,4
/var/scratch/adam/cassava-raw/cassavaleafdata/train/cmd/train-cmd-204.jpg,3
/var/scratch/adam/cassava-raw/cassavaleafdata/train/cbsd/train-cbsd-154.jpg,1
/var/scratch/adam/cassava-raw/cassavaleafdata/train/cmd/train-cmd-1064.jpg,3
/var/scratch/adam/cassava-raw/cassavaleafdata/train/cmd/train-cmd-2198.jpg,3
/var/scratch/adam/cassava-raw/cassavaleafdata/train/cbsd/train-cbsd-982.jpg,1
/var/scratch/adam/cassava-raw/cassavaleafdata/train/cmd/train-cmd-2517.jpg,3
/var/scratch/adam/cassava-raw/cassavaleafdata/train/cmd/train-cmd-1462.jpg,3
/var/scratch/adam/cassava-raw/cassavaleafdata/train/cmd/train-cmd-94.jpg,3
/var/scratch/adam/cassava-raw/cassavaleafdata/train/cmd/train-cmd-103.jpg,3
/var/scratch/adam/cassava-raw/cassavaleafdata/train/cbsd/train-cbsd-153.jpg,1
/var/scratch/adam/cassava-raw/cassavaleafdata/train/cmd/train-cmd-1297.jpg,3
/var/scratch/adam/cassava-raw/cassavaleafdata/train/cbsd/train-cbsd-866.jpg,1
/var/scratch/adam/cassava-raw/cassavaleafdata/train/cmd/train-cmd-1238.jpg,3
/var/scratch/adam/cassava-raw/cassavaleafdata/train/cmd/train-cmd-2006.jpg,3
/var/scratch/adam/cassava-raw/cassavaleafdata/train/cmd/train-cmd-1890.jpg,3
/var/scratch/adam/cassava-raw/cassavaleafdata/train/cbsd/train-cbsd-1092.jpg,1
/var/scratch/adam/cassava-raw/cassavaleafdata/train/cbsd/train-cbsd-911.jpg,1
/var/scratch/adam/cassava-raw/cassavaleafdata/train/cbsd/train-cbsd-1201.jpg,1
/var/scratch/adam/cassava-raw/cassavaleafdata/train/cmd/train-cmd-0.jpg,3
/var/scratch/adam/cassava-raw/cassavaleafdata/train/cbsd/train-cbsd-549.jpg,1
/var/scratch/adam/cassava-raw/cassavaleafdata/train/cgm/train-cgm-105.jpg,2
/var/scratch/adam/cassava-raw/cassavaleafdata/train/cmd/train-cmd-1854.jpg,3
/var/scratch/adam/cassava-raw/cassavaleafdata/train/cbsd/train-cbsd-420.jpg,1
/var/scratch/adam/cassava-raw/cassavaleafdata/train/cmd/train-cmd-650.jpg,3
/var/scratch/adam/cassava-raw/cassavaleafdata/train/cbsd/train-cbsd-1384.jpg,1
/var/scratch/adam/cassava-raw/cassavaleafdata/train/cgm/train-cgm-126.jpg,2
/var/scratch/adam/cassava-raw/cassavaleafdata/train/cmd/train-cmd-1010.jpg,3
/var/scratch/adam/cassava-raw/cassavaleafdata/train/cbsd/train-cbsd-91.jpg,1
/var/scratch/adam/cassava-raw/cassavaleafdata/train/cbsd/train-cbsd-1081.jpg,1
/var/scratch/adam/cassava-raw/cassavaleafdata/train/cbsd/train-cbsd-1184.jpg,1
/var/scratch/adam/cassava-raw/cassavaleafdata/train/cbsd/train-cbsd-1388.jpg,1
/var/scratch/adam/cassava-raw/cassavaleafdata/train/cbb/train-cbb-297.jpg,0
/var/scratch/adam/cassava-raw/cassavaleafdata/train/cgm/train-cgm-7.jpg,2
/var/scratch/adam/cassava-raw/cassavaleafdata/train/cbsd/train-cbsd-1116.jpg,1
/var/scratch/adam/cassava-raw/cassavaleafdata/train/cgm/train-cgm-311.jpg,2
/var/scratch/adam/cassava-raw/cassavaleafdata/train/cmd/train-cmd-959.jpg,3
/var/scratch/adam/cassava-raw/cassavaleafdata/train/cmd/train-cmd-222.jpg,3
/var/scratch/adam/cassava-raw/cassavaleafdata/train/cgm/train-cgm-672.jpg,2
/var/scratch/adam/cassava-raw/cassavaleafdata/train/cmd/train-cmd-218.jpg,3
/var/scratch/adam/cassava-raw/cassavaleafdata/train/cbsd/train-cbsd-1007.jpg,1
/var/scratch/adam/cassava-raw/cassavaleafdata/train/cgm/train-cgm-680.jpg,2
/var/scratch/adam/cassava-raw/cassavaleafdata/train/cbb/train-cbb-241.jpg,0
/var/scratch/adam/cassava-raw/cassavaleafdata/train/cmd/train-cmd-2603.jpg,3
/var/scratch/adam/cassava-raw/cassavaleafdata/train/cmd/train-cmd-1041.jpg,3
/var/scratch/adam/cassava-raw/cassavaleafdata/train/cbb/train-cbb-147.jpg,0
/var/scratch/adam/cassava-raw/cassavaleafdata/train/cbb/train-cbb-436.jpg,0
/var/scratch/adam/cassava-raw/cassavaleafdata/train/cmd/train-cmd-167.jpg,3
/var/scratch/adam/cassava-raw/cassavaleafdata/train/cbsd/train-cbsd-1234.jpg,1
/var/scratch/adam/cassava-raw/cassavaleafdata/train/cbsd/train-cbsd-818.jpg,1
/var/scratch/adam/cassava-raw/cassavaleafdata/train/healthy/train-healthy-244.jpg,4
/var/scratch/adam/cassava-raw/cassavaleafdata/train/cbb/train-cbb-266.jpg,0
/var/scratch/adam/cassava-raw/cassavaleafdata/train/cbb/train-cbb-348.jpg,0
/var/scratch/adam/cassava-raw/cassavaleafdata/train/cbb/train-cbb-232.jpg,0
/var/scratch/adam/cassava-raw/cassavaleafdata/train/cmd/train-cmd-475.jpg,3
/var/scratch/adam/cassava-raw/cassavaleafdata/train/cgm/train-cgm-371.jpg,2
/var/scratch/adam/cassava-raw/cassavaleafdata/train/cgm/train-cgm-59.jpg,2
/var/scratch/adam/cassava-raw/cassavaleafdata/train/cmd/train-cmd-1136.jpg,3
/var/scratch/adam/cassava-raw/cassavaleafdata/train/cmd/train-cmd-602.jpg,3
/var/scratch/adam/cassava-raw/cassavaleafdata/train/cmd/train-cmd-216.jpg,3
/var/scratch/adam/cassava-raw/cassavaleafdata/train/cbsd/train-cbsd-706.jpg,1
/var/scratch/adam/cassava-raw/cassavaleafdata/train/cmd/train-cmd-636.jpg,3
/var/scratch/adam/cassava-raw/cassavaleafdata/train/cmd/train-cmd-1352.jpg,3
/var/scratch/adam/cassava-raw/cassavaleafdata/train/cmd/train-cmd-1990.jpg,3
/var/scratch/adam/cassava-raw/cassavaleafdata/train/cmd/train-cmd-2091.jpg,3
/var/scratch/adam/cassava-raw/cassavaleafdata/train/healthy/train-healthy-145.jpg,4
/var/scratch/adam/cassava-raw/cassavaleafdata/train/cmd/train-cmd-2111.jpg,3
/var/scratch/adam/cassava-raw/cassavaleafdata/train/cmd/train-cmd-2073.jpg,3
/var/scratch/adam/cassava-raw/cassavaleafdata/train/cmd/train-cmd-2633.jpg,3
/var/scratch/adam/cassava-raw/cassavaleafdata/train/cbsd/train-cbsd-510.jpg,1
/var/scratch/adam/cassava-raw/cassavaleafdata/train/cmd/train-cmd-1857.jpg,3
/var/scratch/adam/cassava-raw/cassavaleafdata/train/cbsd/train-cbsd-612.jpg,1
/var/scratch/adam/cassava-raw/cassavaleafdata/train/cmd/train-cmd-195.jpg,3
/var/scratch/adam/cassava-raw/cassavaleafdata/train/cmd/train-cmd-2419.jpg,3
/var/scratch/adam/cassava-raw/cassavaleafdata/train/cbsd/train-cbsd-1115.jpg,1
/var/scratch/adam/cassava-raw/cassavaleafdata/train/cmd/train-cmd-2465.jpg,3
/var/scratch/adam/cassava-raw/cassavaleafdata/train/cmd/train-cmd-1601.jpg,3
/var/scratch/adam/cassava-raw/cassavaleafdata/train/cmd/train-cmd-1517.jpg,3
/var/scratch/adam/cassava-raw/cassavaleafdata/train/cbsd/train-cbsd-112.jpg,1
/var/scratch/adam/cassava-raw/cassavaleafdata/train/cgm/train-cgm-219.jpg,2
/var/scratch/adam/cassava-raw/cassavaleafdata/train/cbsd/train-cbsd-1292.jpg,1
/var/scratch/adam/cassava-raw/cassavaleafdata/train/cmd/train-cmd-2630.jpg,3
/var/scratch/adam/cassava-raw/cassavaleafdata/train/cmd/train-cmd-947.jpg,3
/var/scratch/adam/cassava-raw/cassavaleafdata/train/cgm/train-cgm-442.jpg,2
/var/scratch/adam/cassava-raw/cassavaleafdata/train/cmd/train-cmd-2188.jpg,3
/var/scratch/adam/cassava-raw/cassavaleafdata/train/cbsd/train-cbsd-488.jpg,1
/var/scratch/adam/cassava-raw/cassavaleafdata/train/cmd/train-cmd-405.jpg,3
/var/scratch/adam/cassava-raw/cassavaleafdata/train/cmd/train-cmd-2564.jpg,3
/var/scratch/adam/cassava-raw/cassavaleafdata/train/cbsd/train-cbsd-1257.jpg,1
/var/scratch/adam/cassava-raw/cassavaleafdata/train/cbb/train-cbb-449.jpg,0
/var/scratch/adam/cassava-raw/cassavaleafdata/train/cmd/train-cmd-1052.jpg,3
/var/scratch/adam/cassava-raw/cassavaleafdata/train/cmd/train-cmd-1436.jpg,3
/var/scratch/adam/cassava-raw/cassavaleafdata/train/cmd/train-cmd-2643.jpg,3
/var/scratch/adam/cassava-raw/cassavaleafdata/train/cmd/train-cmd-1478.jpg,3
/var/scratch/adam/cassava-raw/cassavaleafdata/train/cbb/train-cbb-35.jpg,0
/var/scratch/adam/cassava-raw/cassavaleafdata/train/cmd/train-cmd-1852.jpg,3
/var/scratch/adam/cassava-raw/cassavaleafdata/train/cbsd/train-cbsd-1344.jpg,1
/var/scratch/adam/cassava-raw/cassavaleafdata/train/cmd/train-cmd-1208.jpg,3
/var/scratch/adam/cassava-raw/cassavaleafdata/train/cmd/train-cmd-1530.jpg,3
/var/scratch/adam/cassava-raw/cassavaleafdata/train/cmd/train-cmd-2280.jpg,3
/var/scratch/adam/cassava-raw/cassavaleafdata/train/cmd/train-cmd-1255.jpg,3
/var/scratch/adam/cassava-raw/cassavaleafdata/train/cgm/train-cgm-302.jpg,2
/var/scratch/adam/cassava-raw/cassavaleafdata/train/cbb/train-cbb-129.jpg,0
/var/scratch/adam/cassava-raw/cassavaleafdata/train/healthy/train-healthy-9.jpg,4
/var/scratch/adam/cassava-raw/cassavaleafdata/train/cmd/train-cmd-2189.jpg,3
/var/scratch/adam/cassava-raw/cassavaleafdata/train/cmd/train-cmd-2480.jpg,3
/var/scratch/adam/cassava-raw/cassavaleafdata/train/cbsd/train-cbsd-170.jpg,1
/var/scratch/adam/cassava-raw/cassavaleafdata/train/cmd/train-cmd-1981.jpg,3
/var/scratch/adam/cassava-raw/cassavaleafdata/train/cmd/train-cmd-2041.jpg,3
/var/scratch/adam/cassava-raw/cassavaleafdata/train/cbsd/train-cbsd-702.jpg,1
/var/scratch/adam/cassava-raw/cassavaleafdata/train/cbsd/train-cbsd-118.jpg,1
/var/scratch/adam/cassava-raw/cassavaleafdata/train/cbsd/train-cbsd-976.jpg,1
/var/scratch/adam/cassava-raw/cassavaleafdata/train/cbsd/train-cbsd-150.jpg,1
/var/scratch/adam/cassava-raw/cassavaleafdata/train/cmd/train-cmd-1835.jpg,3
/var/scratch/adam/cassava-raw/cassavaleafdata/train/cmd/train-cmd-1897.jpg,3
/var/scratch/adam/cassava-raw/cassavaleafdata/train/cmd/train-cmd-2071.jpg,3
/var/scratch/adam/cassava-raw/cassavaleafdata/train/cmd/train-cmd-2525.jpg,3
/var/scratch/adam/cassava-raw/cassavaleafdata/train/cmd/train-cmd-1757.jpg,3
/var/scratch/adam/cassava-raw/cassavaleafdata/train/cbsd/train-cbsd-243.jpg,1
/var/scratch/adam/cassava-raw/cassavaleafdata/train/healthy/train-healthy-215.jpg,4
/var/scratch/adam/cassava-raw/cassavaleafdata/train/cmd/train-cmd-776.jpg,3
/var/scratch/adam/cassava-raw/cassavaleafdata/train/cmd/train-cmd-1197.jpg,3
/var/scratch/adam/cassava-raw/cassavaleafdata/train/cbb/train-cbb-355.jpg,0
/var/scratch/adam/cassava-raw/cassavaleafdata/train/cbsd/train-cbsd-524.jpg,1
/var/scratch/adam/cassava-raw/cassavaleafdata/train/cbsd/train-cbsd-906.jpg,1
/var/scratch/adam/cassava-raw/cassavaleafdata/train/healthy/train-healthy-53.jpg,4
/var/scratch/adam/cassava-raw/cassavaleafdata/train/cmd/train-cmd-1260.jpg,3
/var/scratch/adam/cassava-raw/cassavaleafdata/train/cmd/train-cmd-2024.jpg,3
/var/scratch/adam/cassava-raw/cassavaleafdata/train/cbsd/train-cbsd-295.jpg,1
/var/scratch/adam/cassava-raw/cassavaleafdata/train/cbsd/train-cbsd-514.jpg,1
/var/scratch/adam/cassava-raw/cassavaleafdata/train/cmd/train-cmd-2097.jpg,3
/var/scratch/adam/cassava-raw/cassavaleafdata/train/cmd/train-cmd-2422.jpg,3
/var/scratch/adam/cassava-raw/cassavaleafdata/train/cmd/train-cmd-762.jpg,3
/var/scratch/adam/cassava-raw/cassavaleafdata/train/cmd/train-cmd-807.jpg,3
/var/scratch/adam/cassava-raw/cassavaleafdata/train/cbsd/train-cbsd-503.jpg,1
/var/scratch/adam/cassava-raw/cassavaleafdata/train/cmd/train-cmd-1031.jpg,3
/var/scratch/adam/cassava-raw/cassavaleafdata/train/cbb/train-cbb-340.jpg,0
/var/scratch/adam/cassava-raw/cassavaleafdata/train/cmd/train-cmd-1510.jpg,3
/var/scratch/adam/cassava-raw/cassavaleafdata/train/cgm/train-cgm-409.jpg,2
/var/scratch/adam/cassava-raw/cassavaleafdata/train/cmd/train-cmd-1306.jpg,3
/var/scratch/adam/cassava-raw/cassavaleafdata/train/cbb/train-cbb-56.jpg,0
/var/scratch/adam/cassava-raw/cassavaleafdata/train/cbb/train-cbb-370.jpg,0
/var/scratch/adam/cassava-raw/cassavaleafdata/train/cbsd/train-cbsd-215.jpg,1
/var/scratch/adam/cassava-raw/cassavaleafdata/train/cmd/train-cmd-2351.jpg,3
/var/scratch/adam/cassava-raw/cassavaleafdata/train/cgm/train-cgm-162.jpg,2
/var/scratch/adam/cassava-raw/cassavaleafdata/train/cmd/train-cmd-827.jpg,3
/var/scratch/adam/cassava-raw/cassavaleafdata/train/healthy/train-healthy-142.jpg,4
